calories_kcal,protein_g,carbs_g,fat_g,fiber_g,sugar_g,sodium_mg,potassium_mg,calcium_mg,iron_mg,vitamin_c_mg,glycemic_index,saturated_fat_g,gluten_free,dairy_free,purine_level,fodmap_score,goitrogen_flag,label_Diabetes,label_Hypertension,label_Heart Disease,label_Obesity,label_Celiac Disease,label_Lactose Intolerance,label_Kidney Disease,label_High Cholesterol,label_PCOS,label_Thyroid Disorder,label_Anemia,label_Gout,label_IBS,label_Liver Disease,label_GERD,label_Osteoporosis,label_Rheumatoid Arthritis,label_NAFLD,label_Gallbladder Disease,label_Crohn's Disease,label_Chronic Pancreatitis,label_Migraine
28.11,3.85,6.39,0.6,2.62,0.47,9.36,459.85,110.11,3.12,21.24,11,0.72,1,1,0,0,1,1,1,1,0,1,1,0,0,0,0,1,1,1,1,1,0,1,1,1,1,1,1
47.85,1.0,7.95,0.62,4.45,0.02,6.73,357.43,89.99,1.14,78.43,24,0.46,1,1,0,0,1,1,1,1,1,1,1,0,1,1,0,0,1,1,1,1,0,1,1,1,0,1,1
42.48,1.6,5.09,0.59,2.19,1.82,17.79,219.52,144.89,3.9,68.5,18,0.02,1,1,0,0,1,0,1,1,0,1,1,0,0,0,0,1,1,1,1,1,0,1,1,1,1,1,1
23.08,1.72,6.1,0.61,5.33,0.52,34.33,254.67,125.54,2.28,32.48,13,0.18,1,1,0,0,1,1,1,1,1,1,1,0,1,1,0,1,1,1,1,1,0,1,1,1,0,1,1
48.94,3.33,7.64,0.89,4.39,2.77,11.64,258.79,54.52,1.98,43.32,11,0.54,1,1,0,0,1,1,1,1,1,1,1,0,1,1,0,1,1,1,1,1,0,1,1,1,0,1,1
35.54,3.9,5.64,0.28,3.19,0.5,6.17,327.02,89.49,1.88,20.84,12,0.71,1,1,0,0,1,1,1,1,1,1,1,0,0,0,0,1,1,1,1,1,0,1,1,1,1,1,1
40.52,3.31,2.44,0.36,2.46,2.59,51.75,299.27,56.36,1.93,39.51,12,0.59,1,1,0,0,1,0,1,1,0,1,1,0,0,0,0,1,1,1,1,1,0,1,1,1,1,1,1
24.62,2.68,4.3,0.97,5.4,2.17,22.7,276.82,54.04,3.13,26.65,21,0.11,1,1,0,0,1,1,1,1,1,1,1,0,1,1,0,1,1,1,1,1,0,1,1,1,0,1,1
16.1,2.91,3.89,0.51,5.63,0.75,35.78,426.67,72.88,1.23,37.39,15,0.88,1,1,0,0,1,1,1,1,1,1,1,0,1,1,0,0,1,1,1,1,0,1,1,1,0,1,1
36.85,1.89,2.63,0.46,2.87,1.25,71.25,297.3,62.21,2.07,74.41,10,0.23,1,1,0,0,1,1,1,1,0,1,1,0,0,0,0,1,1,1,1,1,0,1,1,1,1,1,1
29.95,3.45,7.16,0.01,4.04,1.25,21.66,235.96,83.76,3.83,39.39,25,0.56,1,1,0,0,1,1,1,1,1,1,1,0,1,1,0,1,1,1,1,1,0,1,1,1,0,1,1
29.13,1.19,3.52,0.25,4.79,2.14,16.11,499.32,76.68,3.93,44.66,16,0.28,1,1,0,0,1,1,1,1,1,1,1,0,1,1,0,1,1,1,1,1,0,1,1,1,0,1,1
46.79,1.72,2.87,0.49,5.94,0.73,55.41,428.49,73.76,3.18,42.07,13,0.98,1,1,0,0,1,1,1,1,1,1,1,0,1,1,0,1,1,1,1,1,0,1,1,1,0,1,1
28.96,3.45,6.79,0.15,4.03,2.09,69.38,297.79,72.02,3.13,68.57,13,0.65,1,1,0,0,1,1,1,1,1,1,1,0,1,1,0,1,1,1,1,1,0,1,1,1,0,1,1
21.1,3.07,4.32,0.94,2.55,1.02,13.51,477.41,137.73,1.77,59.6,19,0.98,1,1,0,0,1,1,1,1,0,1,1,0,0,0,0,1,1,1,1,1,0,1,1,1,1,1,1
33.08,1.78,7.98,0.97,4.23,2.65,19.15,283.66,120.04,3.54,71.38,15,0.78,1,1,0,0,1,1,1,1,1,1,1,0,1,1,0,1,1,1,1,1,0,1,1,1,0,1,1
37.47,1.25,2.97,0.9,4.43,0.03,12.61,399.05,50.51,1.48,52.92,15,0.45,1,1,0,0,1,1,1,1,1,1,1,0,1,1,0,0,1,1,1,1,0,1,1,1,0,1,1
49.81,1.53,2.11,0.49,2.72,1.1,60.81,416.28,80.81,2.63,50.53,15,0.27,1,1,0,0,1,1,1,1,0,1,1,0,0,0,0,1,1,1,1,1,0,1,1,1,1,1,1
23.54,3.92,4.36,0.89,4.52,2.38,42.7,373.07,99.25,1.59,63.35,12,0.57,1,1,0,0,1,1,1,1,1,1,1,0,1,1,0,1,1,1,1,1,0,1,1,1,0,1,1
41.9,1.13,7.97,0.47,3.12,2.65,61.08,485.92,83.08,2.66,54.34,21,0.85,1,1,0,0,1,1,1,1,1,1,1,0,0,0,0,1,1,1,1,1,0,1,1,1,1,1,1
25.31,2.16,7.11,0.32,2.68,1.67,75.21,408.81,107.01,1.29,56.9,15,0.36,1,1,0,0,1,1,1,1,0,1,1,0,0,0,0,0,1,1,1,1,0,1,1,1,1,1,1
23.9,1.89,3.94,0.85,2.55,2.13,46.46,288.95,91.98,1.77,56.69,21,0.51,1,1,0,0,1,1,1,1,0,1,1,0,0,0,0,1,1,1,1,1,0,1,1,1,1,1,1
32.55,3.39,5.9,0.7,5.18,2.67,30.35,312.67,59.4,2.73,22.16,18,0.16,1,1,0,0,1,1,1,1,1,1,1,0,1,1,0,1,1,1,1,1,0,1,1,1,0,1,1
49.36,3.52,7.16,0.25,2.16,0.91,45.28,298.0,132.79,1.81,77.92,16,0.09,1,1,0,0,1,0,1,1,0,1,1,0,0,0,0,1,1,1,1,1,0,1,1,1,1,1,1
16.81,2.59,5.24,0.64,4.9,2.93,43.72,296.89,129.52,1.81,46.34,16,0.25,1,1,0,0,1,1,1,1,1,1,1,0,1,1,0,1,1,1,1,1,0,1,1,1,0,1,1
21.45,1.24,4.57,0.69,2.23,2.75,38.18,271.94,59.39,1.55,76.08,10,0.95,1,1,0,0,1,0,1,1,0,1,1,0,0,0,0,1,1,1,1,1,0,1,1,1,1,1,1
40.83,2.66,5.67,0.42,2.99,1.07,61.84,204.32,61.61,1.14,22.44,23,0.98,1,1,0,0,1,1,1,1,0,1,1,0,0,0,0,0,1,1,1,1,0,1,1,1,1,1,1
21.14,1.05,6.58,0.81,3.39,1.39,53.73,214.42,144.91,3.66,35.65,19,0.63,1,1,0,0,1,1,1,1,1,1,1,0,0,0,0,1,1,1,1,1,0,1,1,1,1,1,1
32.61,3.57,5.95,0.16,2.28,1.93,6.99,375.73,144.02,2.73,43.29,21,0.13,1,1,0,0,1,0,1,1,0,1,1,0,0,0,0,1,1,1,1,1,0,1,1,1,1,1,1
43.39,3.46,5.76,0.82,4.61,0.62,25.55,264.38,87.73,1.12,57.1,16,0.07,1,1,0,0,1,1,1,1,1,1,1,0,1,1,0,0,1,1,1,1,0,1,1,1,0,1,1
26.16,3.53,2.14,0.81,3.13,0.35,57.26,388.68,137.75,3.21,68.21,18,0.55,1,1,0,0,1,1,1,1,1,1,1,0,0,0,0,1,1,1,1,1,0,1,1,1,1,1,1
29.82,2.71,5.46,0.73,2.51,0.75,48.54,460.13,106.19,1.72,60.79,16,0.75,1,1,0,0,1,1,1,1,0,1,1,0,0,0,0,1,1,1,1,1,0,1,1,1,1,1,1
18.61,3.71,5.03,0.83,3.28,2.69,34.19,203.25,140.54,1.27,39.16,23,0.68,1,1,0,0,1,1,1,1,1,1,1,0,0,0,0,0,1,1,1,1,0,1,1,1,1,1,1
31.89,2.48,2.5,0.09,4.41,1.66,20.95,483.86,128.13,1.34,75.86,19,0.06,1,1,0,0,1,1,1,1,1,1,1,0,1,1,0,0,1,1,1,1,0,1,1,1,0,1,1
34.23,2.32,7.33,0.35,2.47,0.43,62.11,385.47,60.11,1.25,62.06,19,0.4,1,1,0,0,1,0,1,1,0,1,1,0,0,0,0,0,1,1,1,1,0,1,1,1,1,1,1
46.22,1.44,5.08,0.23,4.33,2.59,71.03,271.01,140.77,2.78,41.01,21,0.08,1,1,0,0,1,1,1,1,1,1,1,0,1,1,0,1,1,1,1,1,0,1,1,1,0,1,1
42.2,2.68,4.55,0.91,2.44,1.48,5.85,340.6,55.63,1.36,27.05,18,0.74,1,1,0,0,1,0,1,1,0,1,1,0,0,0,0,0,1,1,1,1,0,1,1,1,1,1,1
38.84,1.71,4.4,0.48,2.33,1.59,37.73,440.63,147.79,2.67,39.36,25,0.53,1,1,0,0,1,0,1,1,0,1,1,0,0,0,0,1,1,1,1,1,0,1,1,1,1,1,1
49.75,1.22,5.32,0.97,4.09,1.89,57.18,336.36,112.76,2.75,74.07,18,0.92,1,1,0,0,1,1,1,1,1,1,1,0,1,1,0,1,1,1,1,1,0,1,1,1,0,1,1
48.55,1.17,4.37,0.11,3.34,0.51,53.51,316.48,72.94,1.8,41.62,13,0.99,1,1,0,0,1,1,1,1,1,1,1,0,0,0,0,1,1,1,1,1,0,1,1,1,1,1,1
39.44,2.61,3.86,0.81,4.74,0.49,73.32,446.76,144.98,3.18,56.8,11,0.08,1,1,0,0,1,1,1,1,1,1,1,0,1,1,0,1,1,1,1,1,0,1,1,1,0,1,1
45.68,2.65,2.99,0.41,5.11,1.44,78.9,313.02,124.96,2.18,69.75,10,0.84,1,1,0,0,1,1,1,1,1,1,1,0,1,1,0,1,1,1,1,1,0,1,1,1,0,1,1
31.4,2.24,3.64,0.06,5.46,2.44,79.98,498.99,105.54,3.31,76.69,19,0.38,1,1,0,0,1,1,1,1,1,1,1,0,1,1,0,1,1,1,1,1,0,1,1,1,0,1,1
23.44,1.62,3.51,0.27,2.83,2.63,61.77,214.07,76.87,1.07,49.89,15,0.77,1,1,0,0,1,1,1,1,0,1,1,0,0,0,0,0,1,1,1,1,0,1,1,1,1,1,1
33.21,3.56,5.31,0.56,5.51,1.21,15.05,208.63,125.51,2.86,62.24,12,0.9,1,1,0,0,1,1,1,1,1,1,1,0,1,1,0,1,1,1,1,1,0,1,1,1,0,1,1
36.6,3.94,5.65,0.64,4.22,0.27,59.48,364.23,95.09,3.73,37.88,19,0.86,1,1,0,0,1,1,1,1,1,1,1,0,1,1,0,1,1,1,1,1,0,1,1,1,0,1,1
48.23,1.44,7.56,0.49,3.03,1.38,78.5,347.79,82.88,2.9,34.41,12,0.54,1,1,0,0,1,1,1,1,1,1,1,0,0,0,0,1,1,1,1,1,0,1,1,1,1,1,1
31.1,2.75,4.4,0.7,2.72,2.09,35.87,462.3,101.52,3.92,56.12,12,0.04,1,1,0,0,1,1,1,1,0,1,1,0,0,0,0,1,1,1,1,1,0,1,1,1,1,1,1
20.91,1.84,3.06,0.09,2.48,1.38,20.48,309.28,100.34,3.07,22.36,18,0.48,1,1,0,0,1,0,1,1,0,1,1,0,0,0,0,1,1,1,1,1,0,1,1,1,1,1,1
39.07,2.53,2.94,0.38,2.01,2.6,11.34,379.18,148.63,2.61,75.44,23,0.62,1,1,0,0,1,0,1,1,0,1,1,0,0,0,0,1,1,1,1,1,0,1,1,1,1,1,1
27.91,2.39,6.48,0.04,3.01,2.14,72.14,353.5,103.21,1.32,46.84,12,0.4,1,1,0,0,1,1,1,1,1,1,1,0,0,0,0,0,1,1,1,1,0,1,1,1,1,1,1
18.67,3.21,3.09,0.56,5.36,0.27,45.15,269.96,84.29,2.42,41.31,18,0.5,1,1,0,0,1,1,1,1,1,1,1,0,1,1,0,1,1,1,1,1,0,1,1,1,0,1,1
18.04,2.61,5.52,0.75,3.73,0.38,26.28,308.92,114.59,2.71,41.37,22,0.33,1,1,0,0,1,1,1,1,1,1,1,0,0,1,0,1,1,1,1,1,0,1,1,1,1,1,1
47.68,1.02,3.35,0.37,3.95,2.55,11.59,441.76,55.57,3.53,23.1,24,0.41,1,1,0,0,1,1,1,1,1,1,1,0,0,1,0,1,1,1,1,1,0,1,1,1,1,1,1
49.38,1.34,4.39,0.97,5.46,2.45,24.34,251.27,116.86,3.79,53.41,17,0.48,1,1,0,0,1,1,1,1,1,1,1,0,1,1,0,1,1,1,1,1,0,1,1,1,0,1,1
44.35,1.62,7.81,0.71,2.8,2.21,44.74,412.17,126.78,1.26,50.37,24,0.48,1,1,0,0,1,1,1,1,0,1,1,0,0,0,0,0,1,1,1,1,0,1,1,1,1,1,1
33.64,1.16,4.02,0.13,2.25,2.97,29.18,442.96,75.46,3.04,65.61,20,0.47,1,1,0,0,1,0,1,1,0,1,1,0,0,0,0,1,1,1,1,1,0,1,1,1,1,1,1
36.21,3.38,2.64,0.85,4.98,1.23,74.97,497.28,70.5,2.14,75.59,25,0.57,1,1,0,0,1,1,1,1,1,1,1,0,1,1,0,1,1,1,1,1,0,1,1,1,0,1,1
44.46,1.42,6.77,0.2,2.65,0.49,66.09,399.56,102.31,2.08,72.63,18,0.68,1,1,0,0,1,1,1,1,0,1,1,0,0,0,0,1,1,1,1,1,0,1,1,1,1,1,1
30.82,3.14,7.4,0.62,4.16,1.32,48.31,306.61,89.15,2.6,24.0,17,0.62,1,1,0,0,1,1,1,1,1,1,1,0,1,1,0,1,1,1,1,1,0,1,1,1,0,1,1
19.09,3.82,5.77,0.33,2.56,2.38,51.51,360.04,139.39,3.37,29.1,10,0.71,1,1,0,0,1,1,1,1,0,1,1,0,0,0,0,1,1,1,1,1,0,1,1,1,1,1,1
42.25,1.43,3.23,0.71,3.98,2.26,12.72,360.94,87.88,2.37,56.24,24,0.8,1,1,0,0,1,1,1,1,1,1,1,0,0,1,0,1,1,1,1,1,0,1,1,1,1,1,1
20.25,1.69,6.33,0.72,4.56,2.08,45.7,275.54,84.57,1.54,74.51,15,0.23,1,1,0,0,1,1,1,1,1,1,1,0,1,1,0,1,1,1,1,1,0,1,1,1,0,1,1
29.83,1.86,5.69,0.91,2.56,0.3,24.2,417.83,109.3,1.31,75.13,14,0.92,1,1,0,0,1,1,1,1,0,1,1,0,0,0,0,0,1,1,1,1,0,1,1,1,1,1,1
39.75,1.46,5.46,0.61,3.7,2.21,75.08,477.67,95.08,1.34,79.09,23,0.19,1,1,0,0,1,1,1,1,1,1,1,0,0,1,0,0,1,1,1,1,0,1,1,1,1,1,1
44.31,2.0,3.87,0.23,4.43,1.14,60.82,261.67,128.78,2.81,26.86,13,0.54,1,1,0,0,1,1,1,1,1,1,1,0,1,1,0,1,1,1,1,1,0,1,1,1,0,1,1
47.19,2.04,4.08,0.74,3.81,0.67,38.93,242.26,67.64,2.5,45.14,17,0.31,1,1,0,0,1,1,1,1,1,1,1,0,0,1,0,1,1,1,1,1,0,1,1,1,1,1,1
42.32,1.83,3.32,0.21,4.06,2.93,39.42,367.19,136.06,2.61,31.07,16,0.6,1,1,0,0,1,1,1,1,1,1,1,0,1,1,0,1,1,1,1,1,0,1,1,1,0,1,1
17.35,3.25,3.26,0.9,2.82,0.57,7.74,341.62,106.48,1.2,66.53,24,0.53,1,1,0,0,1,1,1,1,0,1,1,0,0,0,0,0,1,1,1,1,0,1,1,1,1,1,1
33.71,2.44,4.98,0.77,2.41,1.0,10.66,425.97,77.23,3.69,51.59,10,0.03,1,1,0,0,1,0,1,1,0,1,1,0,0,0,0,1,1,1,1,1,0,1,1,1,1,1,1
20.47,3.15,5.95,0.03,2.89,0.69,55.39,205.91,60.41,3.4,30.71,10,0.56,1,1,0,0,1,1,1,1,0,1,1,0,0,0,0,1,1,1,1,1,0,1,1,1,1,1,1
40.23,3.42,7.93,0.6,5.23,2.89,75.83,242.32,90.64,1.97,25.22,19,0.09,1,1,0,0,1,1,1,1,1,1,1,0,1,1,0,1,1,1,1,1,0,1,1,1,0,1,1
22.28,1.08,3.09,0.58,3.69,2.68,66.31,302.55,75.94,2.14,55.42,21,0.83,1,1,0,0,1,1,1,1,1,1,1,0,0,1,0,1,1,1,1,1,0,1,1,1,1,1,1
27.08,3.32,4.18,0.86,2.88,2.92,63.48,234.27,106.58,3.96,48.26,25,0.43,1,1,0,0,1,1,1,1,0,1,1,0,0,0,0,1,1,1,1,1,0,1,1,1,1,1,1
15.79,1.81,5.25,0.63,3.03,0.42,67.62,495.32,102.57,1.52,36.34,20,0.82,1,1,0,0,1,1,1,1,1,1,1,0,0,0,0,1,1,1,1,1,0,1,1,1,1,1,1
33.54,3.45,4.99,0.07,3.62,1.49,59.02,231.97,64.0,1.79,35.99,20,0.6,1,1,0,0,1,1,1,1,1,1,1,0,0,1,0,1,1,1,1,1,0,1,1,1,1,1,1
36.02,3.0,3.05,0.91,3.68,1.15,43.92,214.09,66.63,3.21,24.97,13,0.77,1,1,0,0,1,1,1,1,1,1,1,0,0,1,0,1,1,1,1,1,0,1,1,1,1,1,1
17.39,3.51,4.62,0.92,4.89,1.83,76.2,318.99,145.41,1.41,49.03,19,0.03,1,1,0,0,1,1,1,1,1,1,1,0,1,1,0,0,1,1,1,1,0,1,1,1,0,1,1
24.18,2.79,2.31,0.5,4.39,1.0,62.82,231.98,57.51,3.18,49.73,20,0.6,1,1,0,0,1,1,1,1,1,1,1,0,1,1,0,1,1,1,1,1,0,1,1,1,0,1,1
31.09,1.23,2.47,0.0,5.87,0.02,12.73,294.38,130.74,3.89,67.4,18,0.45,1,1,0,0,1,1,1,1,1,1,1,0,1,1,0,1,1,1,1,1,0,1,1,1,0,1,1
21.48,2.63,7.24,0.73,5.23,1.98,56.92,454.76,74.97,2.47,33.27,19,0.05,1,1,0,0,1,1,1,1,1,1,1,0,1,1,0,1,1,1,1,1,0,1,1,1,0,1,1
38.45,1.13,5.53,1.0,4.22,1.42,28.46,236.16,123.1,1.58,26.92,20,0.94,1,1,0,0,1,1,1,1,1,1,1,0,1,1,0,1,1,1,1,1,0,1,1,1,0,1,1
31.6,3.59,7.07,0.32,5.32,0.11,49.72,269.0,62.06,1.23,61.78,17,0.44,1,1,0,0,1,1,1,1,1,1,1,0,1,1,0,0,1,1,1,1,0,1,1,1,0,1,1
29.16,2.72,6.82,0.54,4.65,2.21,44.01,328.05,137.67,2.25,47.72,11,0.02,1,1,0,0,1,1,1,1,1,1,1,0,1,1,0,1,1,1,1,1,0,1,1,1,0,1,1
45.61,2.59,7.63,0.8,5.99,1.05,62.54,320.58,97.99,2.88,72.42,24,0.4,1,1,0,0,1,1,1,1,1,1,1,0,1,1,0,1,1,1,1,1,0,1,1,1,0,1,1
18.21,2.01,5.14,0.73,2.01,1.4,27.28,455.85,121.56,2.77,36.64,14,0.99,1,1,0,0,1,0,1,1,0,1,1,0,0,0,0,1,1,1,1,1,0,1,1,1,1,1,1
29.97,2.15,6.08,0.22,5.8,2.36,11.71,325.27,137.91,3.83,48.04,22,0.99,1,1,0,0,1,1,1,1,1,1,1,0,1,1,0,1,1,1,1,1,0,1,1,1,0,1,1
41.02,1.19,4.41,0.84,2.92,2.49,14.03,214.08,88.41,1.11,77.44,17,0.35,1,1,0,0,1,1,1,1,0,1,1,0,0,0,0,0,1,1,1,1,0,1,1,1,1,1,1
17.02,3.91,7.3,0.93,5.98,0.52,34.72,427.47,119.6,1.46,68.95,15,0.62,1,1,0,0,1,1,1,1,1,1,1,0,1,1,0,0,1,1,1,1,0,1,1,1,0,1,1
41.18,1.1,7.37,0.86,3.83,1.17,25.47,343.0,54.44,3.56,22.13,24,0.66,1,1,0,0,1,1,1,1,1,1,1,0,0,1,0,1,1,1,1,1,0,1,1,1,1,1,1
34.28,1.26,4.45,0.37,3.04,2.17,42.19,224.31,72.02,3.05,24.57,10,0.06,1,1,0,0,1,1,1,1,1,1,1,0,0,0,0,1,1,1,1,1,0,1,1,1,1,1,1
45.9,2.55,7.44,0.57,4.65,1.63,69.84,420.17,102.13,3.6,34.72,20,0.87,1,1,0,0,1,1,1,1,1,1,1,0,1,1,0,1,1,1,1,1,0,1,1,1,0,1,1
39.79,3.51,6.18,0.68,4.47,2.26,16.9,464.26,137.18,1.09,69.55,19,0.82,1,1,0,0,1,1,1,1,1,1,1,0,1,1,0,0,1,1,1,1,0,1,1,1,0,1,1
23.0,3.73,2.01,0.56,5.03,0.78,19.48,225.23,82.64,2.68,26.95,11,0.63,1,1,0,0,1,1,1,1,1,1,1,0,1,1,0,1,1,1,1,1,0,1,1,1,0,1,1
33.9,3.34,2.64,0.76,4.17,2.89,30.64,389.79,143.2,1.31,76.23,25,0.77,1,1,0,0,1,1,1,1,1,1,1,0,1,1,0,0,1,1,1,1,0,1,1,1,0,1,1
48.16,1.5,6.63,0.71,3.89,0.17,10.6,455.72,149.01,3.03,46.76,20,0.13,1,1,0,0,1,1,1,1,1,1,1,0,0,1,0,1,1,1,1,1,0,1,1,1,1,1,1
41.54,1.07,2.13,0.32,3.95,2.31,56.25,333.77,77.36,3.99,45.57,22,0.85,1,1,0,0,1,1,1,1,1,1,1,0,0,1,0,1,1,1,1,1,0,1,1,1,1,1,1
33.45,3.48,3.79,0.84,5.09,0.69,14.85,460.42,146.32,1.09,63.88,24,0.42,1,1,0,0,1,1,1,1,1,1,1,0,1,1,0,0,1,1,1,1,0,1,1,1,0,1,1
37.35,2.19,3.65,0.98,3.64,2.68,22.25,263.93,53.11,2.96,42.11,24,0.47,1,1,0,0,1,1,1,1,1,1,1,0,0,1,0,1,1,1,1,1,0,1,1,1,1,1,1
34.01,1.48,3.22,0.09,2.61,1.36,44.78,205.36,129.68,1.88,74.71,19,0.62,1,1,0,0,1,1,1,1,0,1,1,0,0,0,0,1,1,1,1,1,0,1,1,1,1,1,1
42.88,2.44,2.7,0.13,4.74,1.29,20.04,347.48,56.42,2.75,36.14,17,0.43,1,1,0,0,1,1,1,1,1,1,1,0,1,1,0,1,1,1,1,1,0,1,1,1,0,1,1
49.45,1.45,4.79,0.68,3.58,2.92,59.14,397.1,125.71,3.86,74.47,20,0.48,1,1,0,0,1,1,1,1,1,1,1,0,0,1,0,1,1,1,1,1,0,1,1,1,1,1,1
18.67,1.73,7.92,0.14,4.0,1.85,57.68,367.89,50.98,1.98,51.06,10,0.88,1,1,0,0,1,1,1,1,1,1,1,0,1,1,0,1,1,1,1,1,0,1,1,1,0,1,1
17.89,3.47,4.15,0.32,5.91,0.6,56.99,446.43,54.12,3.01,77.09,22,0.71,1,1,0,0,1,1,1,1,1,1,1,0,1,1,0,1,1,1,1,1,0,1,1,1,0,1,1
16.11,3.81,2.31,0.54,4.84,2.61,58.56,440.52,83.95,3.44,24.81,13,0.55,1,1,0,0,1,1,1,1,1,1,1,0,1,1,0,1,1,1,1,1,0,1,1,1,0,1,1
35.91,3.35,4.89,0.04,2.66,1.32,59.36,377.98,115.03,2.44,56.94,12,0.98,1,1,0,0,1,1,1,1,0,1,1,0,0,0,0,1,1,1,1,1,0,1,1,1,1,1,1
26.79,1.55,6.74,0.66,3.99,1.67,58.94,268.54,149.63,3.92,59.02,19,0.4,1,1,0,0,1,1,1,1,1,1,1,0,0,1,0,1,1,1,1,1,0,1,1,1,1,1,1
22.72,2.26,3.22,0.84,2.7,2.88,36.19,453.87,112.88,3.21,66.06,21,0.04,1,1,0,0,1,1,1,1,0,1,1,0,0,0,0,1,1,1,1,1,0,1,1,1,1,1,1
45.35,2.74,4.63,0.73,3.95,2.62,72.55,326.52,77.68,2.78,74.74,21,0.38,1,1,0,0,1,1,1,1,1,1,1,0,0,1,0,1,1,1,1,1,0,1,1,1,1,1,1
31.3,3.51,3.41,0.78,3.62,1.81,52.44,311.85,101.26,2.24,24.15,18,0.25,1,1,0,0,1,1,1,1,1,1,1,0,0,1,0,1,1,1,1,1,0,1,1,1,1,1,1
45.48,2.34,5.09,0.36,4.37,0.49,34.33,490.82,75.81,2.97,39.51,17,0.6,1,1,0,0,1,1,1,1,1,1,1,0,1,1,0,1,1,1,1,1,0,1,1,1,0,1,1
28.88,1.71,3.41,0.88,3.77,0.99,38.66,400.82,64.58,2.35,55.27,21,0.71,1,1,0,0,1,1,1,1,1,1,1,0,0,1,0,1,1,1,1,1,0,1,1,1,1,1,1
20.85,1.5,2.22,0.74,4.66,1.42,68.31,441.7,108.54,3.6,32.35,22,0.03,1,1,0,0,1,1,1,1,1,1,1,0,1,1,0,1,1,1,1,1,0,1,1,1,0,1,1
49.53,1.37,3.39,0.05,4.56,0.67,18.5,226.57,60.33,2.75,61.29,13,0.99,1,1,0,0,1,1,1,1,1,1,1,0,1,1,0,1,1,1,1,1,0,1,1,1,0,1,1
48.78,1.01,7.71,0.64,5.47,1.36,43.67,346.65,116.69,1.42,21.8,22,0.14,1,1,0,0,1,1,1,1,1,1,1,0,1,1,0,0,1,1,1,1,0,1,1,1,0,1,1
47.89,3.2,2.97,0.19,4.92,0.47,22.59,489.0,75.53,2.98,78.72,20,0.68,1,1,0,0,1,1,1,1,1,1,1,0,1,1,0,1,1,1,1,1,0,1,1,1,0,1,1
32.4,2.85,7.21,0.57,2.12,2.79,56.71,402.95,71.57,2.98,43.63,14,0.58,1,1,0,0,1,0,1,1,0,1,1,0,0,0,0,1,1,1,1,1,0,1,1,1,1,1,1
27.2,1.48,5.63,0.32,5.47,2.98,61.43,227.14,78.87,1.33,59.03,15,0.33,1,1,0,0,1,1,1,1,1,1,1,0,1,1,0,0,1,1,1,1,0,1,1,1,0,1,1
38.37,3.42,6.57,0.8,3.74,2.45,14.02,363.35,50.58,1.97,41.99,16,0.56,1,1,0,0,1,1,1,1,1,1,1,0,0,1,0,1,1,1,1,1,0,1,1,1,1,1,1
28.31,2.65,5.58,0.55,3.78,0.04,49.03,250.53,114.26,3.28,50.03,14,0.86,1,1,0,0,1,1,1,1,1,1,1,0,0,1,0,1,1,1,1,1,0,1,1,1,1,1,1
33.17,2.44,2.15,0.34,3.52,1.2,48.51,360.08,110.79,3.29,68.78,11,0.72,1,1,0,0,1,1,1,1,1,1,1,0,0,1,0,1,1,1,1,1,0,1,1,1,1,1,1
33.24,3.47,4.59,0.9,2.29,2.86,54.1,314.02,69.72,2.44,31.67,23,0.49,1,1,0,0,1,0,1,1,0,1,1,0,0,0,0,1,1,1,1,1,0,1,1,1,1,1,1
23.99,1.85,3.84,0.8,4.16,0.93,50.78,414.85,77.26,2.24,27.31,20,0.12,1,1,0,0,1,1,1,1,1,1,1,0,1,1,0,1,1,1,1,1,0,1,1,1,0,1,1
45.08,3.4,3.11,0.3,5.17,0.56,73.83,327.36,58.7,3.45,42.41,22,0.63,1,1,0,0,1,1,1,1,1,1,1,0,1,1,0,1,1,1,1,1,0,1,1,1,0,1,1
48.3,2.8,6.92,0.88,2.91,0.64,50.82,323.31,133.99,3.7,41.21,19,0.26,1,1,0,0,1,1,1,1,0,1,1,0,0,0,0,1,1,1,1,1,0,1,1,1,1,1,1
25.57,3.2,7.11,0.67,5.24,2.3,16.23,327.18,65.3,1.71,72.16,10,0.22,1,1,0,0,1,1,1,1,1,1,1,0,1,1,0,1,1,1,1,1,0,1,1,1,0,1,1
18.35,1.07,5.85,0.61,4.19,0.7,34.32,378.34,99.68,3.96,28.19,14,0.68,1,1,0,0,1,1,1,1,1,1,1,0,1,1,0,1,1,1,1,1,0,1,1,1,0,1,1
30.5,2.34,6.35,0.02,3.36,2.46,50.24,301.17,140.55,3.32,35.89,14,0.89,1,1,0,0,1,1,1,1,1,1,1,0,0,0,0,1,1,1,1,1,0,1,1,1,1,1,1
21.72,1.97,3.36,0.35,2.28,1.56,10.07,440.11,73.37,2.62,72.8,11,0.68,1,1,0,0,1,0,1,1,0,1,1,0,0,0,0,1,1,1,1,1,0,1,1,1,1,1,1
23.08,2.37,3.14,0.05,3.51,1.09,79.66,333.91,83.36,2.74,25.33,14,0.18,1,1,0,0,1,1,1,1,1,1,1,0,0,1,0,1,1,1,1,1,0,1,1,1,1,1,1
39.15,1.6,5.21,0.1,3.8,2.27,31.07,399.47,129.54,3.78,34.08,21,0.97,1,1,0,0,1,1,1,1,1,1,1,0,0,1,0,1,1,1,1,1,0,1,1,1,1,1,1
15.7,3.21,6.61,0.24,4.69,0.28,24.28,436.37,136.47,2.83,50.41,13,0.71,1,1,0,0,1,1,1,1,1,1,1,0,1,1,0,1,1,1,1,1,0,1,1,1,0,1,1
16.27,1.91,3.58,0.36,2.35,2.81,46.54,291.66,89.7,2.34,56.04,16,0.16,1,1,0,0,1,0,1,1,0,1,1,0,0,0,0,1,1,1,1,1,0,1,1,1,1,1,1
42.52,2.72,5.4,0.39,4.0,1.19,45.48,388.39,117.43,2.6,63.29,12,0.79,1,1,0,0,1,1,1,1,1,1,1,0,1,1,0,1,1,1,1,1,0,1,1,1,0,1,1
25.66,1.24,4.42,0.17,4.78,1.04,78.17,392.29,132.25,1.4,71.72,13,0.61,1,1,0,0,1,1,1,1,1,1,1,0,1,1,0,0,1,1,1,1,0,1,1,1,0,1,1
19.87,3.69,6.98,0.32,5.81,2.48,54.97,236.53,97.82,2.52,33.95,22,0.55,1,1,0,0,1,1,1,1,1,1,1,0,1,1,0,1,1,1,1,1,0,1,1,1,0,1,1
48.8,2.3,3.87,0.51,3.76,0.32,53.06,264.81,111.96,2.95,29.12,12,0.56,1,1,0,0,1,1,1,1,1,1,1,0,0,1,0,1,1,1,1,1,0,1,1,1,1,1,1
21.71,1.64,4.91,0.75,4.48,0.89,37.28,251.2,57.46,3.35,35.92,16,0.69,1,1,0,0,1,1,1,1,1,1,1,0,1,1,0,1,1,1,1,1,0,1,1,1,0,1,1
17.18,2.53,7.98,0.81,4.46,0.92,51.79,358.11,92.61,1.39,73.2,23,0.65,1,1,0,0,1,1,1,1,1,1,1,0,1,1,0,0,1,1,1,1,0,1,1,1,0,1,1
27.4,2.58,4.89,0.18,3.55,2.89,23.64,240.14,91.86,3.37,54.93,16,0.14,1,1,0,0,1,1,1,1,1,1,1,0,0,1,0,1,1,1,1,1,0,1,1,1,1,1,1
33.74,1.65,2.07,0.24,5.9,2.4,76.97,346.36,60.97,2.64,47.26,13,0.27,1,1,0,0,1,1,1,1,1,1,1,0,1,1,0,1,1,1,1,1,0,1,1,1,0,1,1
20.22,1.38,7.19,0.24,4.61,2.43,51.06,457.87,89.24,3.87,27.99,25,0.79,1,1,0,0,1,1,1,1,1,1,1,0,1,1,0,1,1,1,1,1,0,1,1,1,0,1,1
26.04,3.06,4.63,0.25,5.36,0.12,72.63,338.44,113.72,2.98,73.71,17,0.23,1,1,0,0,1,1,1,1,1,1,1,0,1,1,0,1,1,1,1,1,0,1,1,1,0,1,1
46.13,2.35,7.29,0.11,5.95,1.33,8.59,211.41,124.62,2.98,68.13,12,0.01,1,1,0,0,1,1,1,1,1,1,1,0,1,1,0,1,1,1,1,1,0,1,1,1,0,1,1
48.48,3.21,4.12,0.3,3.4,2.32,54.6,255.56,67.41,1.3,59.62,25,0.07,1,1,0,0,1,1,1,1,1,1,1,0,0,0,0,0,1,1,1,1,0,1,1,1,1,1,1
29.85,1.25,5.09,0.9,5.13,0.68,78.2,400.21,51.04,1.77,35.64,18,0.64,1,1,0,0,1,1,1,1,1,1,1,0,1,1,0,1,1,1,1,1,0,1,1,1,0,1,1
33.56,1.13,7.81,0.8,3.17,2.94,50.14,374.73,124.81,3.44,59.39,20,0.04,1,1,0,0,1,1,1,1,1,1,1,0,0,0,0,1,1,1,1,1,0,1,1,1,1,1,1
18.88,2.8,2.57,0.38,4.2,1.17,17.28,282.14,142.83,3.03,49.76,10,0.65,1,1,0,0,1,1,1,1,1,1,1,0,1,1,0,1,1,1,1,1,0,1,1,1,0,1,1
25.01,3.45,7.17,0.85,5.68,0.76,61.63,338.16,134.2,3.19,66.59,21,0.05,1,1,0,0,1,1,1,1,1,1,1,0,1,1,0,1,1,1,1,1,0,1,1,1,0,1,1
26.2,3.26,3.62,0.54,4.91,0.32,56.4,227.56,146.51,2.47,29.04,21,0.73,1,1,0,0,1,1,1,1,1,1,1,0,1,1,0,1,1,1,1,1,0,1,1,1,0,1,1
33.98,2.77,5.05,0.3,4.26,2.07,70.5,390.89,126.11,1.48,47.69,25,0.81,1,1,0,0,1,1,1,1,1,1,1,0,1,1,0,0,1,1,1,1,0,1,1,1,0,1,1
40.96,3.64,3.67,0.19,5.52,1.97,28.32,422.7,131.51,2.84,61.27,25,0.78,1,1,0,0,1,1,1,1,1,1,1,0,1,1,0,1,1,1,1,1,0,1,1,1,0,1,1
34.4,1.02,6.57,0.04,4.98,0.61,76.86,310.38,82.69,1.45,38.34,17,0.5,1,1,0,0,1,1,1,1,1,1,1,0,1,1,0,0,1,1,1,1,0,1,1,1,0,1,1
19.36,2.16,5.86,0.78,2.87,0.41,54.73,200.56,67.84,1.09,30.01,21,0.79,1,1,0,0,1,1,1,1,0,1,1,0,0,0,0,0,1,1,1,1,0,1,1,1,1,1,1
18.25,2.76,4.89,0.64,2.26,1.74,47.11,368.2,110.35,3.03,68.3,24,0.02,1,1,0,0,1,0,1,1,0,1,1,0,0,0,0,1,1,1,1,1,0,1,1,1,1,1,1
26.27,2.91,2.89,0.7,4.98,2.95,20.74,447.54,102.03,2.12,27.34,10,0.43,1,1,0,0,1,1,1,1,1,1,1,0,1,1,0,1,1,1,1,1,0,1,1,1,0,1,1
18.1,1.66,5.59,0.74,5.99,2.8,53.19,326.37,113.62,3.36,27.1,15,0.99,1,1,0,0,1,1,1,1,1,1,1,0,1,1,0,1,1,1,1,1,0,1,1,1,0,1,1
41.15,3.22,7.7,0.2,4.26,2.94,17.4,410.08,108.58,2.76,61.86,20,0.3,1,1,0,0,1,1,1,1,1,1,1,0,1,1,0,1,1,1,1,1,0,1,1,1,0,1,1
47.92,1.78,4.58,0.87,5.37,0.56,65.2,337.46,98.3,1.4,24.84,16,0.9,1,1,0,0,1,1,1,1,1,1,1,0,1,1,0,0,1,1,1,1,0,1,1,1,0,1,1
46.83,3.34,2.04,0.06,2.9,0.39,34.91,476.79,97.21,1.04,36.96,19,0.28,1,1,0,0,1,1,1,1,0,1,1,0,0,0,0,0,1,1,1,1,0,1,1,1,1,1,1
24.16,1.74,7.44,0.25,3.09,2.28,38.73,433.01,56.54,2.46,22.02,13,0.62,1,1,0,0,1,1,1,1,1,1,1,0,0,0,0,1,1,1,1,1,0,1,1,1,1,1,1
34.67,2.04,3.89,0.77,2.35,0.71,59.93,364.5,62.8,3.65,43.61,19,0.42,1,1,0,0,1,0,1,1,0,1,1,0,0,0,0,1,1,1,1,1,0,1,1,1,1,1,1
24.11,3.19,7.89,0.26,4.62,0.59,47.4,339.18,147.2,2.83,40.97,18,0.02,1,1,0,0,1,1,1,1,1,1,1,0,1,1,0,1,1,1,1,1,0,1,1,1,0,1,1
40.2,2.25,2.53,0.68,4.18,2.94,22.06,321.19,104.25,3.38,52.93,11,0.08,1,1,0,0,1,1,1,1,1,1,1,0,1,1,0,1,1,1,1,1,0,1,1,1,0,1,1
31.04,2.45,2.99,0.95,5.4,2.01,39.67,323.53,115.1,2.64,23.74,17,0.11,1,1,0,0,1,1,1,1,1,1,1,0,1,1,0,1,1,1,1,1,0,1,1,1,0,1,1
27.46,3.93,6.76,0.5,3.36,2.62,45.86,427.53,125.41,1.05,27.58,24,0.88,1,1,0,0,1,1,1,1,1,1,1,0,0,0,0,0,1,1,1,1,0,1,1,1,1,1,1
45.47,1.72,4.71,0.98,5.09,0.08,9.89,339.18,140.92,2.62,49.87,15,0.37,1,1,0,0,1,1,1,1,1,1,1,0,1,1,0,1,1,1,1,1,0,1,1,1,0,1,1
30.81,2.19,2.56,0.44,2.78,0.56,12.05,307.0,125.75,1.83,38.74,18,0.4,1,1,0,0,1,1,1,1,0,1,1,0,0,0,0,1,1,1,1,1,0,1,1,1,1,1,1
47.03,2.6,2.95,0.7,5.17,0.95,69.29,471.84,77.69,3.95,28.44,10,0.03,1,1,0,0,1,1,1,1,1,1,1,0,1,1,0,1,1,1,1,1,0,1,1,1,0,1,1
27.73,3.2,6.92,0.31,5.19,2.9,69.27,235.29,123.97,1.96,79.3,22,0.98,1,1,0,0,1,1,1,1,1,1,1,0,1,1,0,1,1,1,1,1,0,1,1,1,0,1,1
38.38,2.9,3.0,0.88,3.71,0.49,5.95,367.93,102.74,3.16,73.42,23,0.38,1,1,0,0,1,1,1,1,1,1,1,0,0,1,0,1,1,1,1,1,0,1,1,1,1,1,1
49.07,2.01,3.78,0.92,2.44,2.28,79.1,470.39,115.17,1.94,35.26,15,0.83,1,1,0,0,1,0,1,1,0,1,1,0,0,0,0,1,1,1,1,1,0,1,1,1,1,1,1
26.73,1.52,6.27,0.83,2.4,0.72,15.65,304.38,95.04,3.25,59.07,25,0.58,1,1,0,0,1,0,1,1,0,1,1,0,0,0,0,1,1,1,1,1,0,1,1,1,1,1,1
40.83,3.42,7.06,0.25,2.12,2.22,12.98,294.48,50.38,3.05,30.03,13,0.23,1,1,0,0,1,0,1,1,0,1,1,0,0,0,0,1,1,1,1,1,0,1,1,1,1,1,1
44.3,1.84,5.86,0.69,4.05,0.92,20.95,209.96,80.39,2.96,76.3,21,0.23,1,1,0,0,1,1,1,1,1,1,1,0,1,1,0,1,1,1,1,1,0,1,1,1,0,1,1
43.26,1.18,7.39,0.65,5.5,0.0,17.68,316.93,87.95,1.68,42.9,23,0.38,1,1,0,0,1,1,1,1,1,1,1,0,1,1,0,1,1,1,1,1,0,1,1,1,0,1,1
49.19,1.33,4.54,0.04,4.96,2.75,26.0,457.5,79.22,3.73,65.24,18,0.84,1,1,0,0,1,1,1,1,1,1,1,0,1,1,0,1,1,1,1,1,0,1,1,1,0,1,1
49.36,2.86,5.36,0.63,4.13,1.91,38.74,265.53,62.02,1.21,35.8,18,0.01,1,1,0,0,1,1,1,1,1,1,1,0,1,1,0,0,1,1,1,1,0,1,1,1,0,1,1
31.41,1.9,5.59,0.3,3.2,2.23,8.61,470.87,135.23,3.0,55.59,18,0.99,1,1,0,0,1,1,1,1,1,1,1,0,0,0,0,1,1,1,1,1,0,1,1,1,1,1,1
36.92,2.59,7.03,0.29,3.72,0.8,64.19,372.0,115.88,1.76,33.21,21,0.11,1,1,0,0,1,1,1,1,1,1,1,0,0,1,0,1,1,1,1,1,0,1,1,1,1,1,1
18.29,3.73,6.02,0.83,5.52,1.72,43.81,329.13,81.69,2.3,66.43,18,0.34,1,1,0,0,1,1,1,1,1,1,1,0,1,1,0,1,1,1,1,1,0,1,1,1,0,1,1
20.77,1.51,7.69,0.45,5.16,1.92,55.73,239.51,73.42,3.36,78.25,21,0.95,1,1,0,0,1,1,1,1,1,1,1,0,1,1,0,1,1,1,1,1,0,1,1,1,0,1,1
36.02,3.23,5.04,0.63,2.28,0.76,32.14,341.75,54.56,1.42,36.61,10,0.45,1,1,0,0,1,0,1,1,0,1,1,0,0,0,0,0,1,1,1,1,0,1,1,1,1,1,1
31.55,2.87,4.82,0.45,3.9,1.77,45.28,456.24,54.95,3.5,70.64,10,0.34,1,1,0,0,1,1,1,1,1,1,1,0,0,1,0,1,1,1,1,1,0,1,1,1,1,1,1
43.09,2.72,5.08,0.29,5.73,1.19,11.53,385.12,61.38,2.04,50.44,18,0.03,1,1,0,0,1,1,1,1,1,1,1,0,1,1,0,1,1,1,1,1,0,1,1,1,0,1,1
38.64,1.13,4.7,0.93,2.66,1.17,59.74,464.68,117.09,1.77,60.48,10,0.82,1,1,0,0,1,1,1,1,0,1,1,0,0,0,0,1,1,1,1,1,0,1,1,1,1,1,1
48.43,3.46,2.01,0.64,2.2,0.77,9.46,381.14,118.66,1.34,43.03,24,0.66,1,1,0,0,1,0,1,1,0,1,1,0,0,0,0,0,1,1,1,1,0,1,1,1,1,1,1
18.23,2.79,5.3,0.9,3.62,0.96,61.24,323.8,114.61,2.94,73.28,22,0.01,1,1,0,0,1,1,1,1,1,1,1,0,0,1,0,1,1,1,1,1,0,1,1,1,1,1,1
37.26,3.74,5.68,0.87,4.9,0.36,72.68,219.93,103.4,1.43,20.7,23,0.53,1,1,0,0,1,1,1,1,1,1,1,0,1,1,0,0,1,1,1,1,0,1,1,1,0,1,1
30.71,1.25,4.4,0.91,5.23,0.65,40.0,445.02,56.74,2.16,71.11,13,0.67,1,1,0,0,1,1,1,1,1,1,1,0,1,1,0,1,1,1,1,1,0,1,1,1,0,1,1
24.64,1.92,6.73,0.45,5.19,2.47,69.32,474.99,93.1,1.96,54.93,19,0.37,1,1,0,0,1,1,1,1,1,1,1,0,1,1,0,1,1,1,1,1,0,1,1,1,0,1,1
15.96,2.18,5.15,0.51,2.66,1.94,8.36,428.57,144.66,2.02,51.03,11,0.64,1,1,0,0,1,1,1,1,0,1,1,0,0,0,0,1,1,1,1,1,0,1,1,1,1,1,1
26.92,1.22,4.46,0.31,4.71,1.82,32.34,265.37,148.8,2.36,61.3,22,0.97,1,1,0,0,1,1,1,1,1,1,1,0,1,1,0,1,1,1,1,1,0,1,1,1,0,1,1
23.0,3.93,5.19,0.14,2.4,0.63,74.42,324.25,89.54,1.94,28.82,14,0.29,1,1,0,0,1,0,1,1,0,1,1,0,0,0,0,1,1,1,1,1,0,1,1,1,1,1,1
46.5,1.35,7.74,0.31,5.55,1.81,67.0,495.2,78.84,3.88,43.37,22,0.97,1,1,0,0,1,1,1,1,1,1,1,0,1,1,0,1,1,1,1,1,0,1,1,1,0,1,1
42.07,3.94,4.87,0.53,2.67,0.74,67.89,306.86,132.68,3.13,30.63,14,0.34,1,1,0,0,1,1,1,1,0,1,1,0,0,0,0,1,1,1,1,1,0,1,1,1,1,1,1
24.46,3.9,5.35,0.35,4.32,0.42,38.3,387.87,98.89,2.21,79.63,21,0.3,1,1,0,0,1,1,1,1,1,1,1,0,1,1,0,1,1,1,1,1,0,1,1,1,0,1,1
26.4,3.38,4.77,0.73,2.59,2.56,58.32,472.08,63.24,2.78,55.95,15,0.53,1,1,0,0,1,1,1,1,0,1,1,0,0,0,0,1,1,1,1,1,0,1,1,1,1,1,1
45.45,1.39,6.74,0.12,5.18,0.83,70.78,483.21,64.88,2.39,78.86,21,0.75,1,1,0,0,1,1,1,1,1,1,1,0,1,1,0,1,1,1,1,1,0,1,1,1,0,1,1
32.22,1.91,4.95,0.52,4.25,1.32,50.43,475.62,86.23,3.18,73.67,20,0.41,1,1,0,0,1,1,1,1,1,1,1,0,1,1,0,1,1,1,1,1,0,1,1,1,0,1,1
107.93,2.53,18.6,0.96,2.6,3.55,88.32,287.83,53.88,1.79,6.56,40,0.26,1,1,0,1,0,1,1,1,0,1,1,0,0,0,1,0,1,0,1,1,0,1,1,1,0,1,1
52.16,2.94,13.31,0.73,4.29,7.65,22.44,374.41,41.09,1.27,21.11,46,0.8,1,1,0,1,0,1,1,1,1,1,1,0,1,1,1,0,1,0,1,1,0,1,1,1,0,1,1
69.51,1.42,24.36,0.01,4.99,6.38,86.28,258.92,20.57,1.48,25.85,35,0.07,1,1,0,1,0,1,1,1,1,1,1,0,1,1,1,0,1,0,1,1,0,1,1,1,0,1,1
50.4,2.87,22.33,0.81,4.65,6.5,28.35,279.82,48.93,0.56,22.19,65,0.07,1,1,0,1,0,0,1,1,1,1,1,0,1,0,1,0,1,0,1,1,0,1,1,1,0,1,1
74.42,1.22,22.12,0.95,2.22,7.78,61.81,259.91,23.07,1.0,24.86,50,0.48,1,1,0,1,0,0,1,1,0,1,1,0,0,0,1,0,1,0,1,1,0,1,1,1,0,1,1
60.16,2.42,20.0,0.21,4.59,5.01,43.4,230.47,30.65,0.04,19.58,41,0.23,1,1,0,1,0,1,1,1,1,1,1,0,1,1,1,0,1,0,1,1,0,1,1,1,0,1,1
94.83,2.96,19.05,0.36,3.94,3.61,91.09,300.62,37.97,1.17,20.62,54,0.64,1,1,0,1,0,1,1,1,1,1,1,0,0,1,1,0,1,0,1,1,0,1,1,1,0,1,1
86.84,1.93,13.52,0.3,2.87,5.82,29.6,383.36,48.83,0.8,8.97,36,0.13,1,1,0,1,0,1,1,1,0,1,1,0,0,0,1,0,1,0,1,1,0,1,1,1,0,1,1
94.07,1.11,21.23,0.32,2.0,5.56,23.75,255.23,48.28,0.13,25.98,43,0.34,1,1,0,1,0,0,1,1,0,1,1,0,0,0,1,0,1,0,1,1,0,1,1,1,0,1,1
115.83,1.17,23.96,0.83,2.39,5.82,89.32,314.36,56.29,1.89,15.56,40,0.38,1,1,0,1,0,0,1,1,0,1,1,0,0,0,1,0,1,0,1,1,0,1,1,1,0,1,1
117.49,1.18,20.31,0.49,3.16,6.16,76.31,200.87,26.68,1.43,21.66,35,0.28,1,1,0,1,0,1,1,1,1,1,1,0,0,0,1,0,1,0,1,1,0,1,1,1,0,1,1
59.07,2.35,24.16,0.27,3.43,6.17,99.96,220.96,39.94,0.77,26.65,37,0.46,1,1,0,1,0,1,1,1,1,1,1,0,0,0,1,0,1,0,1,1,0,1,1,1,0,1,1
64.62,1.74,15.55,0.05,4.3,5.08,85.77,370.07,28.48,1.31,16.81,58,0.65,1,1,0,1,0,0,1,1,1,1,1,0,1,0,1,0,1,0,1,1,0,1,1,1,0,1,1
105.74,2.51,10.54,0.39,4.79,3.63,78.97,394.92,22.09,1.36,16.7,35,0.89,1,1,0,1,0,1,1,1,1,1,1,0,1,1,1,0,1,0,1,1,0,1,1,1,0,1,1
70.12,1.74,10.87,0.11,3.55,4.34,86.84,202.94,35.16,0.67,5.48,38,0.95,1,1,0,1,0,1,1,1,1,1,1,0,0,1,1,0,1,0,1,1,0,1,1,1,0,1,1
52.2,2.47,14.95,0.91,2.8,6.62,90.21,208.33,35.91,1.52,16.37,50,0.77,1,1,0,1,0,1,1,1,0,1,1,0,0,0,1,0,1,0,1,1,0,1,1,1,0,1,1
86.49,2.95,11.88,0.02,4.31,7.04,29.62,253.12,20.7,0.59,24.33,60,0.22,1,1,0,1,0,0,1,1,1,1,1,0,1,0,1,0,1,0,1,1,0,1,1,1,0,1,1
94.93,2.14,18.52,0.66,3.65,7.4,74.05,309.39,53.19,1.21,12.28,47,0.4,1,1,0,1,0,1,1,1,1,1,1,0,0,1,1,0,1,0,1,1,0,1,1,1,0,1,1
71.2,1.13,13.42,0.25,3.45,6.74,57.9,211.57,58.31,1.89,24.63,54,0.54,1,1,0,1,0,1,1,1,1,1,1,0,0,0,1,1,1,0,1,1,0,1,1,1,0,1,1
117.39,1.15,15.49,0.23,2.59,3.7,69.79,356.26,43.13,0.29,25.28,42,0.91,1,1,0,1,0,1,1,1,0,1,1,0,0,0,1,0,1,0,1,1,0,1,1,1,0,1,1
61.47,2.29,22.15,0.95,3.01,6.62,63.11,212.13,47.6,1.38,28.27,54,0.63,1,1,0,1,0,1,1,1,1,1,1,0,0,0,1,0,1,0,1,1,0,1,1,1,0,1,1
81.34,1.27,24.37,0.53,2.73,5.5,74.37,215.25,30.99,1.61,16.49,44,0.18,1,1,0,1,0,1,1,1,0,1,1,0,0,0,1,0,1,0,1,1,0,1,1,1,0,1,1
82.1,2.12,22.96,0.48,4.69,6.37,30.96,399.0,41.09,0.78,21.48,43,0.2,1,1,0,1,0,1,1,1,1,1,1,0,1,1,1,0,1,0,1,1,0,1,1,1,0,1,1
116.6,2.99,20.68,0.98,3.71,4.3,54.96,318.71,22.92,1.24,29.53,38,0.83,1,1,0,1,0,1,1,1,1,1,1,0,0,1,1,0,1,0,1,1,0,1,1,1,0,1,1
101.25,1.71,20.47,0.4,4.86,7.84,51.42,370.84,50.92,0.62,10.8,45,0.67,1,1,0,1,0,1,1,1,1,1,1,0,1,1,1,0,1,0,1,1,0,1,1,1,0,1,1
61.39,2.13,21.57,0.5,2.04,3.05,48.56,385.24,29.15,1.27,10.55,62,0.18,1,1,0,1,0,0,1,1,0,1,1,0,0,0,1,0,1,0,1,1,0,1,1,1,0,1,1
86.03,2.62,13.81,0.25,3.21,7.47,20.04,380.28,26.15,1.98,28.87,35,0.04,1,1,0,1,0,1,1,1,1,1,1,0,0,0,1,1,1,0,1,1,0,1,1,1,0,1,1
103.27,1.74,15.89,0.75,4.76,7.75,66.17,271.42,51.5,0.5,19.1,61,0.42,1,1,0,1,0,0,1,1,1,1,1,0,1,0,1,0,1,0,1,1,0,1,1,1,0,1,1
109.31,2.8,23.16,0.97,2.08,7.2,80.14,245.74,58.25,0.3,21.99,43,0.95,1,1,0,1,0,0,1,1,0,1,1,0,0,0,1,0,1,0,1,1,0,1,1,1,0,1,1
90.71,1.87,18.7,0.52,4.28,4.41,48.24,378.82,57.86,1.79,15.49,38,0.82,1,1,0,1,0,1,1,1,1,1,1,0,1,1,1,0,1,0,1,1,0,1,1,1,0,1,1
112.22,2.09,13.07,0.26,2.89,5.97,22.62,327.21,34.57,0.59,26.99,35,0.41,1,1,0,1,0,1,1,1,0,1,1,0,0,0,1,0,1,0,1,1,0,1,1,1,0,1,1
106.76,2.67,14.98,0.69,4.31,6.27,32.13,375.18,41.56,0.56,15.63,39,0.39,1,1,0,1,0,1,1,1,1,1,1,0,1,1,1,0,1,0,1,1,0,1,1,1,0,1,1
88.27,2.06,18.86,0.06,3.09,6.62,36.04,240.72,20.4,0.87,27.07,56,0.73,1,1,0,1,0,0,1,1,1,1,1,0,0,0,1,0,1,0,1,1,0,1,1,1,0,1,1
117.68,1.45,19.95,0.74,4.55,5.11,44.23,265.06,48.5,1.63,9.54,64,0.34,1,1,0,1,0,0,1,1,1,1,1,0,1,0,1,0,1,0,1,1,0,1,1,1,0,1,1
119.97,1.81,13.31,0.76,3.63,3.75,50.46,282.89,50.15,0.04,11.73,64,0.58,1,1,0,1,0,0,1,1,1,1,1,0,0,0,1,0,1,0,1,1,0,1,1,1,0,1,1
116.66,1.08,13.98,0.6,2.89,6.57,80.72,220.5,40.55,1.02,14.23,43,0.45,1,1,0,1,0,1,1,1,0,1,1,0,0,0,1,0,1,0,1,1,0,1,1,1,0,1,1
61.13,1.36,11.47,0.8,2.37,3.63,88.04,268.92,21.23,0.1,8.55,40,0.34,1,1,0,1,0,0,1,1,0,1,1,0,0,0,1,0,1,0,1,1,0,1,1,1,0,1,1
118.5,2.71,20.52,0.73,3.69,7.74,59.7,276.1,26.52,1.57,23.36,52,0.02,1,1,0,1,0,1,1,1,1,1,1,0,0,1,1,1,1,0,1,1,0,1,1,1,0,1,1
104.75,1.25,21.96,0.62,4.53,3.49,64.72,300.22,48.25,1.07,18.52,55,0.5,1,1,0,1,0,0,1,1,1,1,1,0,1,0,1,0,1,0,1,1,0,1,1,1,0,1,1
100.29,2.73,12.69,0.8,3.66,4.98,30.54,373.06,26.29,0.62,12.25,58,0.82,1,1,0,1,0,0,1,1,1,1,1,0,0,0,1,0,1,0,1,1,0,1,1,1,0,1,1
85.11,1.14,14.69,0.94,4.55,7.91,70.24,249.5,26.51,0.37,5.49,55,0.31,1,1,0,1,0,0,1,1,1,1,1,0,1,0,1,0,1,0,1,1,0,1,1,1,0,1,1
74.71,2.24,15.01,0.73,3.21,3.34,82.7,257.15,37.31,1.37,13.31,36,0.21,1,1,0,1,0,1,1,1,1,1,1,0,0,0,1,0,1,0,1,1,0,1,1,1,0,1,1
76.7,2.96,21.77,0.73,2.35,6.9,82.82,320.22,59.61,0.65,28.53,43,0.98,1,1,0,1,0,0,1,1,0,1,1,0,0,0,1,0,1,0,1,1,0,1,1,1,0,1,1
54.73,2.04,12.69,0.97,2.34,5.02,79.03,340.91,36.91,0.69,14.94,61,0.61,1,1,0,1,0,0,1,1,0,1,1,0,0,0,1,0,1,0,1,1,0,1,1,1,0,1,1
86.18,2.48,19.46,0.55,4.07,3.72,67.63,234.42,57.02,0.14,15.76,54,0.6,1,1,0,1,0,1,1,1,1,1,1,0,1,1,1,0,1,0,1,1,0,1,1,1,0,1,1
93.66,2.3,14.01,0.02,4.9,4.25,74.08,341.33,44.4,0.63,11.78,62,0.0,1,1,0,1,0,0,1,1,1,1,1,0,1,0,1,0,1,0,1,1,0,1,1,1,0,1,1
62.19,1.23,16.74,0.61,2.64,7.7,20.53,354.46,45.01,0.75,6.26,35,0.02,1,1,0,1,0,1,1,1,0,1,1,0,0,0,1,0,1,0,1,1,0,1,1,1,0,1,1
90.8,1.51,16.75,0.96,3.2,7.2,35.08,334.49,59.08,0.2,5.21,56,0.33,1,1,0,1,0,0,1,1,1,1,1,0,0,0,1,0,1,0,1,1,0,1,1,1,0,1,1
112.3,1.17,22.11,0.86,4.45,5.56,55.07,399.25,29.17,1.09,21.77,52,0.71,1,1,0,1,0,1,1,1,1,1,1,0,1,1,1,0,1,0,1,1,0,1,1,1,0,1,1
56.4,1.4,23.16,0.74,2.04,4.24,37.15,254.16,29.9,0.13,16.47,37,0.22,1,1,0,1,0,0,1,1,0,1,1,0,0,0,1,0,1,0,1,1,0,1,1,1,0,1,1
91.8,2.19,15.58,0.33,4.65,4.92,59.48,256.66,51.47,0.79,17.84,57,0.74,1,1,0,1,0,0,1,1,1,1,1,0,1,0,1,0,1,0,1,1,0,1,1,1,0,1,1
86.5,1.14,15.57,0.92,3.75,5.69,41.51,273.69,55.81,1.33,24.68,55,0.41,1,1,0,1,0,0,1,1,1,1,1,0,0,0,1,0,1,0,1,1,0,1,1,1,0,1,1
111.16,2.28,22.5,0.5,3.61,3.72,82.72,283.88,40.0,1.57,19.97,47,0.3,1,1,0,1,0,1,1,1,1,1,1,0,0,1,1,0,1,0,1,1,0,1,1,1,0,1,1
85.18,1.11,17.37,0.93,2.32,6.82,52.77,331.03,30.41,0.32,9.01,39,0.79,1,1,0,1,0,0,1,1,0,1,1,0,0,0,1,0,1,0,1,1,0,1,1,1,0,1,1
115.98,2.49,20.81,0.83,3.34,7.03,20.64,384.91,37.73,1.11,11.37,63,0.35,1,1,0,1,0,0,1,1,1,1,1,0,0,0,1,0,1,0,1,1,0,1,1,1,0,1,1
108.0,2.58,14.62,0.91,4.86,4.63,48.35,301.13,57.64,1.75,7.56,43,0.08,1,1,0,1,0,1,1,1,1,1,1,0,1,1,1,0,1,0,1,1,0,1,1,1,0,1,1
108.02,1.7,17.82,0.79,4.65,4.72,56.95,282.9,20.53,0.59,16.48,57,0.18,1,1,0,1,0,0,1,1,1,1,1,0,1,0,1,0,1,0,1,1,0,1,1,1,0,1,1
98.58,1.46,11.76,0.17,2.01,6.59,78.59,302.99,26.45,0.17,5.48,45,0.73,1,1,0,1,0,0,1,1,0,1,1,0,0,0,1,0,1,0,1,1,0,1,1,1,0,1,1
111.72,1.24,19.52,0.58,2.36,4.06,44.88,233.39,29.75,0.54,13.39,64,0.96,1,1,0,1,0,0,1,1,0,1,1,0,0,0,1,0,1,0,1,1,0,1,1,1,0,1,1
93.14,2.11,16.24,0.43,3.62,6.48,76.17,234.34,40.0,0.82,26.76,36,0.02,1,1,0,1,0,1,1,1,1,1,1,0,0,1,1,0,1,0,1,1,0,1,1,1,0,1,1
116.16,2.39,17.44,0.93,3.32,7.9,60.98,222.86,50.59,1.36,24.32,41,0.42,1,1,0,1,0,1,1,1,1,1,1,0,0,0,1,0,1,0,1,1,0,1,1,1,0,1,1
51.27,2.59,11.04,0.47,3.68,6.14,75.09,250.65,20.4,1.45,18.39,35,0.47,1,1,0,1,0,1,1,1,1,1,1,0,0,1,1,0,1,0,1,1,0,1,1,1,0,1,1
111.19,1.41,11.91,0.29,3.59,5.55,85.65,280.91,39.37,0.03,15.24,59,0.8,1,1,0,1,0,0,1,1,1,1,1,0,0,0,1,0,1,0,1,1,0,1,1,1,0,1,1
113.12,1.41,11.0,0.88,3.17,5.71,97.45,213.31,45.93,0.15,14.39,47,0.99,1,1,0,1,0,1,1,1,1,1,1,0,0,0,1,0,1,0,1,1,0,1,1,1,0,1,1
66.21,2.89,10.64,0.45,2.21,6.65,68.67,341.33,34.98,0.74,6.13,65,0.71,1,1,0,1,0,0,1,1,0,1,1,0,0,0,1,0,1,0,1,1,0,1,1,1,0,1,1
50.59,1.44,19.93,0.48,2.02,7.02,81.82,309.68,22.66,1.53,19.59,39,0.52,1,1,0,1,0,0,1,1,0,1,1,0,0,0,1,0,1,0,1,1,0,1,1,1,0,1,1
74.51,2.35,21.38,0.01,2.62,6.57,50.93,332.5,33.88,0.78,8.97,50,0.76,1,1,0,1,0,1,1,1,0,1,1,0,0,0,1,0,1,0,1,1,0,1,1,1,0,1,1
91.8,2.31,23.34,0.58,3.9,3.78,57.91,343.28,30.84,0.4,12.85,42,0.6,1,1,0,1,0,1,1,1,1,1,1,0,0,1,1,0,1,0,1,1,0,1,1,1,0,1,1
110.31,2.74,20.87,0.75,3.67,5.92,30.69,288.77,38.03,1.92,15.78,64,0.69,1,1,0,1,0,0,1,1,1,1,1,0,0,0,1,0,1,0,1,1,0,1,1,1,0,1,1
68.48,2.88,19.55,0.32,2.81,3.95,75.57,243.74,43.81,0.53,21.55,49,0.82,1,1,0,1,0,1,1,1,0,1,1,0,0,0,1,0,1,0,1,1,0,1,1,1,0,1,1
82.31,2.97,21.8,0.77,4.24,3.75,37.38,292.8,30.56,0.83,27.21,49,0.56,1,1,0,1,0,1,1,1,1,1,1,0,1,1,1,0,1,0,1,1,0,1,1,1,0,1,1
52.73,2.33,14.85,0.9,4.66,4.63,92.08,399.23,53.02,1.69,11.23,56,0.71,1,1,0,1,0,0,1,1,1,1,1,0,1,0,1,0,1,0,1,1,0,1,1,1,0,1,1
117.71,2.65,23.55,0.93,4.4,6.37,20.46,293.17,42.85,0.61,12.95,37,0.02,1,1,0,1,0,1,1,1,1,1,1,0,1,1,1,0,1,0,1,1,0,1,1,1,0,1,1
75.23,2.57,18.49,0.31,3.96,4.16,21.15,352.87,44.95,1.52,5.97,49,0.51,1,1,0,1,0,1,1,1,1,1,1,0,0,1,1,0,1,0,1,1,0,1,1,1,0,1,1
50.37,2.88,16.22,0.4,3.17,3.35,71.07,346.6,47.05,0.28,19.47,50,0.6,1,1,0,1,0,1,1,1,1,1,1,0,0,0,1,0,1,0,1,1,0,1,1,1,0,1,1
114.97,2.86,15.13,0.53,2.63,7.98,98.49,329.9,52.18,1.43,19.83,45,0.95,1,1,0,1,0,1,1,1,0,1,1,0,0,0,1,0,1,0,1,1,0,1,1,1,0,1,1
108.3,1.72,22.95,0.11,4.78,6.16,24.35,328.85,58.97,0.14,18.87,35,0.64,1,1,0,1,0,1,1,1,1,1,1,0,1,1,1,0,1,0,1,1,0,1,1,1,0,1,1
91.95,1.36,20.58,0.46,4.0,7.19,33.58,203.83,51.16,1.22,22.49,46,0.45,1,1,0,1,0,1,1,1,1,1,1,0,1,1,1,0,1,0,1,1,0,1,1,1,0,1,1
98.0,2.82,19.59,0.95,4.64,5.92,86.7,328.52,23.14,1.48,7.37,45,0.05,1,1,0,1,0,1,1,1,1,1,1,0,1,1,1,0,1,0,1,1,0,1,1,1,0,1,1
52.22,1.85,11.27,0.61,4.64,7.41,72.72,242.25,54.52,1.77,9.92,55,0.8,1,1,0,1,0,0,1,1,1,1,1,0,1,0,1,0,1,0,1,1,0,1,1,1,0,1,1
111.92,1.25,13.01,0.22,4.07,6.02,69.52,388.15,51.04,0.26,13.69,55,0.98,1,1,0,1,0,0,1,1,1,1,1,0,1,0,1,0,1,0,1,1,0,1,1,1,0,1,1
107.19,2.71,24.07,0.09,3.16,3.36,36.86,245.87,38.76,0.54,7.52,54,0.44,1,1,0,1,0,1,1,1,1,1,1,0,0,0,1,0,1,0,1,1,0,1,1,1,0,1,1
87.09,2.97,12.49,0.11,2.03,3.78,36.58,326.12,28.79,0.04,25.67,62,0.36,1,1,0,1,0,0,1,1,0,1,1,0,0,0,1,0,1,0,1,1,0,1,1,1,0,1,1
97.18,1.13,13.16,0.81,2.44,4.71,89.17,230.99,23.31,0.97,12.56,62,0.62,1,1,0,1,0,0,1,1,0,1,1,0,0,0,1,0,1,0,1,1,0,1,1,1,0,1,1
60.92,1.96,21.71,0.3,2.94,3.02,33.94,375.08,37.67,1.97,14.89,57,0.06,1,1,0,1,0,0,1,1,0,1,1,0,0,0,1,0,1,0,1,1,0,1,1,1,0,1,1
79.3,1.92,20.88,0.57,4.0,6.89,88.98,262.78,41.52,1.68,29.74,43,0.94,1,1,0,1,0,1,1,1,1,1,1,0,1,1,1,1,1,0,1,1,0,1,1,1,0,1,1
51.11,2.05,17.06,0.66,3.68,6.44,72.65,223.4,51.99,0.25,22.46,61,0.76,1,1,0,1,0,0,1,1,1,1,1,0,0,0,1,0,1,0,1,1,0,1,1,1,0,1,1
58.82,1.39,24.27,0.18,3.7,5.9,59.17,328.95,29.19,1.11,14.3,61,0.14,1,1,0,1,0,0,1,1,1,1,1,0,0,0,1,0,1,0,1,1,0,1,1,1,0,1,1
89.96,1.37,14.18,0.22,2.55,7.13,42.86,385.42,58.8,1.14,8.58,48,0.25,1,1,0,1,0,1,1,1,0,1,1,0,0,0,1,0,1,0,1,1,0,1,1,1,0,1,1
115.72,2.79,15.06,0.73,3.72,4.69,99.08,205.05,30.11,1.04,18.05,65,0.26,1,1,0,1,0,0,1,1,1,1,1,0,0,0,1,0,1,0,1,1,0,1,1,1,0,1,1
50.05,2.74,21.89,0.63,4.25,3.76,56.67,270.24,23.75,0.97,28.02,47,0.94,1,1,0,1,0,1,1,1,1,1,1,0,1,1,1,0,1,0,1,1,0,1,1,1,0,1,1
92.7,2.85,21.79,0.59,2.02,6.86,76.2,323.05,50.42,1.03,22.6,47,0.77,1,1,0,1,0,0,1,1,0,1,1,0,0,0,1,0,1,0,1,1,0,1,1,1,0,1,1
77.85,2.66,12.56,0.03,2.61,4.7,60.85,323.03,56.42,1.02,17.53,57,0.63,1,1,0,1,0,0,1,1,0,1,1,0,0,0,1,0,1,0,1,1,0,1,1,1,0,1,1
69.49,2.71,23.93,1.0,4.39,6.77,37.24,267.2,38.63,1.55,27.87,42,0.28,1,1,0,1,0,1,1,1,1,1,1,0,1,1,1,1,1,0,1,1,0,1,1,1,0,1,1
62.14,1.76,22.02,0.39,4.25,3.63,81.82,247.39,47.1,1.13,28.23,40,0.37,1,1,0,1,0,1,1,1,1,1,1,0,1,1,1,0,1,0,1,1,0,1,1,1,0,1,1
72.26,2.5,16.47,0.09,2.85,5.09,43.4,266.44,31.75,0.08,20.93,61,0.61,1,1,0,1,0,0,1,1,0,1,1,0,0,0,1,0,1,0,1,1,0,1,1,1,0,1,1
97.49,1.64,22.72,0.95,4.65,6.7,42.2,256.32,58.53,0.02,22.9,43,0.35,1,1,0,1,0,1,1,1,1,1,1,0,1,1,1,0,1,0,1,1,0,1,1,1,0,1,1
80.5,2.59,14.17,0.14,2.94,7.25,27.12,398.34,41.64,1.97,28.47,52,0.93,1,1,0,1,0,1,1,1,0,1,1,0,0,0,1,1,1,0,1,1,0,1,1,1,0,1,1
54.33,1.18,12.44,0.6,2.45,7.84,55.74,300.3,29.87,0.94,21.55,60,0.65,1,1,0,1,0,0,1,1,0,1,1,0,0,0,1,0,1,0,1,1,0,1,1,1,0,1,1
69.11,1.35,14.41,0.11,4.82,6.92,56.99,372.99,29.98,1.43,26.4,52,0.9,1,1,0,1,0,1,1,1,1,1,1,0,1,1,1,0,1,0,1,1,0,1,1,1,0,1,1
113.64,1.63,20.37,0.27,2.57,3.92,47.37,285.99,53.24,0.24,23.37,35,0.12,1,1,0,1,0,1,1,1,0,1,1,0,0,0,1,0,1,0,1,1,0,1,1,1,0,1,1
97.75,2.9,12.06,0.73,3.9,5.92,51.21,271.03,21.81,0.44,5.38,61,0.93,1,1,0,1,0,0,1,1,1,1,1,0,0,0,1,0,1,0,1,1,0,1,1,1,0,1,1
107.47,2.13,19.86,0.9,3.2,4.63,20.86,365.31,52.04,0.21,19.42,57,0.36,1,1,0,1,0,0,1,1,1,1,1,0,0,0,1,0,1,0,1,1,0,1,1,1,0,1,1
56.45,2.17,13.39,0.9,4.35,6.5,69.36,372.69,28.92,1.75,24.74,42,0.3,1,1,0,1,0,1,1,1,1,1,1,0,1,1,1,1,1,0,1,1,0,1,1,1,0,1,1
115.68,2.64,24.75,0.26,4.91,5.16,47.8,210.07,22.11,1.38,16.45,42,0.99,1,1,0,1,0,1,1,1,1,1,1,0,1,1,1,0,1,0,1,1,0,1,1,1,0,1,1
90.21,1.28,20.33,0.9,4.24,3.38,91.67,358.79,26.33,0.1,18.93,47,0.08,1,1,0,1,0,1,1,1,1,1,1,0,1,1,1,0,1,0,1,1,0,1,1,1,0,1,1
82.67,1.96,22.61,0.22,3.14,7.04,85.89,276.92,38.36,0.61,28.31,40,0.68,1,1,0,1,0,1,1,1,1,1,1,0,0,0,1,0,1,0,1,1,0,1,1,1,0,1,1
55.36,1.84,19.03,0.94,2.94,4.25,72.33,323.85,33.28,1.86,26.12,41,0.42,1,1,0,1,0,1,1,1,0,1,1,0,0,0,1,1,1,0,1,1,0,1,1,1,0,1,1
58.15,2.23,24.08,0.66,2.23,4.77,64.05,280.64,53.35,1.63,20.3,51,0.9,1,1,0,1,0,0,1,1,0,1,1,0,0,0,1,1,1,0,1,1,0,1,1,1,0,1,1
117.36,1.89,21.25,0.53,3.61,4.39,37.36,257.6,42.25,0.06,27.68,38,0.42,1,1,0,1,0,1,1,1,1,1,1,0,0,1,1,0,1,0,1,1,0,1,1,1,0,1,1
61.77,2.76,18.36,0.23,3.51,6.66,96.65,244.09,55.45,1.87,27.91,44,0.32,1,1,0,1,0,1,1,1,1,1,1,0,0,1,1,1,1,0,1,1,0,1,1,1,0,1,1
70.0,1.18,14.72,0.04,4.34,4.99,55.51,378.72,46.32,0.02,28.58,63,0.43,1,1,0,1,0,0,1,1,1,1,1,0,1,0,1,0,1,0,1,1,0,1,1,1,0,1,1
76.53,2.83,13.77,0.84,3.45,5.57,44.68,314.61,33.01,0.08,11.8,45,0.71,1,1,0,1,0,1,1,1,1,1,1,0,0,0,1,0,1,0,1,1,0,1,1,1,0,1,1
98.77,1.65,13.51,0.21,4.57,7.1,55.25,226.48,35.29,1.24,16.36,44,0.03,1,1,0,1,0,1,1,1,1,1,1,0,1,1,1,0,1,0,1,1,0,1,1,1,0,1,1
92.25,2.32,20.32,0.12,4.82,3.91,69.82,244.54,32.29,1.09,15.43,62,0.13,1,1,0,1,0,0,1,1,1,1,1,0,1,0,1,0,1,0,1,1,0,1,1,1,0,1,1
89.58,1.88,21.96,0.72,4.07,4.7,84.4,210.48,26.38,0.67,6.92,45,0.02,1,1,0,1,0,1,1,1,1,1,1,0,1,1,1,0,1,0,1,1,0,1,1,1,0,1,1
108.45,2.95,12.03,0.23,4.61,7.63,53.57,210.12,21.58,1.15,14.82,55,0.73,1,1,0,1,0,0,1,1,1,1,1,0,1,0,1,0,1,0,1,1,0,1,1,1,0,1,1
116.27,2.56,14.71,0.25,4.09,4.82,65.3,201.25,22.48,1.07,19.15,42,0.9,1,1,0,1,0,1,1,1,1,1,1,0,1,1,1,0,1,0,1,1,0,1,1,1,0,1,1
76.23,2.1,10.76,0.43,4.5,7.03,37.95,245.22,52.69,1.86,7.38,62,0.05,1,1,0,1,0,0,1,1,1,1,1,0,1,0,1,0,1,0,1,1,0,1,1,1,0,1,1
93.85,1.57,14.2,0.33,3.99,7.35,80.73,345.51,39.38,1.39,18.82,47,0.57,1,1,0,1,0,1,1,1,1,1,1,0,0,1,1,0,1,0,1,1,0,1,1,1,0,1,1
106.38,2.52,12.31,0.15,2.8,4.81,52.68,335.94,22.27,0.07,14.8,57,0.8,1,1,0,1,0,0,1,1,0,1,1,0,0,0,1,0,1,0,1,1,0,1,1,1,0,1,1
67.26,2.95,15.17,0.34,2.94,3.61,28.89,329.62,55.0,1.58,8.53,38,0.11,1,1,0,1,0,1,1,1,0,1,1,0,0,0,1,0,1,0,1,1,0,1,1,1,0,1,1
53.17,2.31,18.03,0.08,2.1,7.95,22.4,288.91,40.18,0.23,9.23,65,0.66,1,1,0,1,0,0,1,1,0,1,1,0,0,0,1,0,1,0,1,1,0,1,1,1,0,1,1
90.45,2.73,14.34,0.47,3.86,5.06,54.2,266.06,42.57,1.7,10.04,55,0.43,1,1,0,1,0,0,1,1,1,1,1,0,0,0,1,0,1,0,1,1,0,1,1,1,0,1,1
69.53,1.26,11.49,0.6,3.57,4.27,57.68,298.45,27.8,1.3,24.52,41,0.25,1,1,0,1,0,1,1,1,1,1,1,0,0,1,1,0,1,0,1,1,0,1,1,1,0,1,1
110.59,1.21,11.89,0.98,4.02,7.23,45.95,335.3,43.77,1.21,22.06,62,0.0,1,1,0,1,0,0,1,1,1,1,1,0,1,0,1,0,1,0,1,1,0,1,1,1,0,1,1
76.47,1.29,10.28,0.46,4.83,4.62,72.89,330.45,30.04,1.3,10.31,59,0.85,1,1,0,1,0,0,1,1,1,1,1,0,1,0,1,0,1,0,1,1,0,1,1,1,0,1,1
53.15,2.47,15.12,0.48,4.79,4.66,57.23,202.74,23.26,0.52,5.7,62,0.78,1,1,0,1,0,0,1,1,1,1,1,0,1,0,1,0,1,0,1,1,0,1,1,1,0,1,1
97.1,2.45,17.39,0.63,4.42,4.99,84.48,318.4,26.64,0.05,14.07,48,0.09,1,1,0,1,0,1,1,1,1,1,1,0,1,1,1,0,1,0,1,1,0,1,1,1,0,1,1
92.06,1.68,23.76,0.41,2.43,6.57,43.47,305.09,47.91,1.8,24.8,35,0.84,1,1,0,1,0,0,1,1,0,1,1,0,0,0,1,1,1,0,1,1,0,1,1,1,0,1,1
93.01,2.16,13.8,0.76,2.25,7.62,46.07,225.55,37.69,0.08,22.12,51,0.67,1,1,0,1,0,0,1,1,0,1,1,0,0,0,1,0,1,0,1,1,0,1,1,1,0,1,1
88.96,1.69,12.02,0.09,4.49,7.59,71.98,220.69,36.08,1.46,24.5,49,0.89,1,1,0,1,0,1,1,1,1,1,1,0,1,1,1,0,1,0,1,1,0,1,1,1,0,1,1
50.95,1.65,18.32,0.15,2.28,7.08,91.55,364.72,55.95,1.11,25.31,65,0.38,1,1,0,1,0,0,1,1,0,1,1,0,0,0,1,0,1,0,1,1,0,1,1,1,0,1,1
92.5,1.78,13.6,0.09,2.94,3.48,34.15,397.47,37.76,1.06,26.84,37,0.89,1,1,0,1,0,1,1,1,0,1,1,0,0,0,1,0,1,0,1,1,0,1,1,1,0,1,1
82.47,1.64,17.15,0.32,3.47,7.3,67.38,338.93,34.59,1.48,21.67,46,0.69,1,1,0,1,0,1,1,1,1,1,1,0,0,0,1,0,1,0,1,1,0,1,1,1,0,1,1
99.04,2.51,23.09,0.5,4.19,6.1,34.93,205.14,31.38,0.89,20.43,56,0.23,1,1,0,1,0,0,1,1,1,1,1,0,1,0,1,0,1,0,1,1,0,1,1,1,0,1,1
65.82,2.1,17.85,0.28,2.89,4.39,81.72,330.38,53.3,1.95,16.85,57,0.23,1,1,0,1,0,0,1,1,0,1,1,0,0,0,1,0,1,0,1,1,0,1,1,1,0,1,1
94.64,2.64,10.62,0.5,4.07,4.26,44.62,322.73,55.92,1.62,19.58,56,0.89,1,1,0,1,0,0,1,1,1,1,1,0,1,0,1,0,1,0,1,1,0,1,1,1,0,1,1
55.22,2.82,24.95,0.7,4.31,4.69,95.33,305.94,49.3,1.85,29.38,63,0.7,1,1,0,1,0,0,1,1,1,1,1,0,1,0,1,1,1,0,1,1,0,1,1,1,0,1,1
73.19,2.35,15.94,0.76,3.36,5.06,94.78,250.18,24.82,1.17,29.23,60,0.82,1,1,0,1,0,0,1,1,1,1,1,0,0,0,1,0,1,0,1,1,0,1,1,1,0,1,1
82.67,1.15,12.49,0.06,3.5,3.53,29.13,388.21,54.91,0.9,29.65,40,0.39,1,1,0,1,0,1,1,1,1,1,1,0,0,1,1,0,1,0,1,1,0,1,1,1,0,1,1
96.18,1.88,19.72,0.06,4.44,7.7,71.9,390.91,26.06,0.95,20.05,63,0.11,1,1,0,1,0,0,1,1,1,1,1,0,1,0,1,0,1,0,1,1,0,1,1,1,0,1,1
110.77,1.59,12.44,0.68,2.11,6.1,75.86,242.98,21.68,0.73,7.46,42,0.35,1,1,0,1,0,0,1,1,0,1,1,0,0,0,1,0,1,0,1,1,0,1,1,1,0,1,1
106.21,2.08,11.19,0.57,4.72,4.98,43.71,228.69,26.06,0.87,19.89,51,0.52,1,1,0,1,0,1,1,1,1,1,1,0,1,1,1,0,1,0,1,1,0,1,1,1,0,1,1
72.34,1.94,17.54,0.2,2.95,6.96,93.26,271.96,32.28,0.39,21.96,65,0.88,1,1,0,1,0,0,1,1,0,1,1,0,0,0,1,0,1,0,1,1,0,1,1,1,0,1,1
117.97,1.35,20.83,0.04,3.22,5.58,66.45,387.19,46.89,0.96,25.24,56,0.62,1,1,0,1,0,0,1,1,1,1,1,0,0,0,1,0,1,0,1,1,0,1,1,1,0,1,1
73.93,2.75,10.19,0.23,3.7,4.76,68.83,204.82,24.66,0.25,9.73,52,0.38,1,1,0,1,0,1,1,1,1,1,1,0,0,1,1,0,1,0,1,1,0,1,1,1,0,1,1
65.14,1.89,10.73,0.82,4.48,5.94,48.25,359.96,42.19,1.65,20.79,59,0.45,1,1,0,1,0,0,1,1,1,1,1,0,1,0,1,1,1,0,1,1,0,1,1,1,0,1,1
51.02,1.49,22.99,0.16,3.25,3.07,58.27,204.2,52.78,1.65,24.69,55,0.52,1,1,0,1,0,0,1,1,1,1,1,0,0,0,1,1,1,0,1,1,0,1,1,1,0,1,1
65.87,2.33,11.2,0.44,2.49,3.92,36.18,277.34,22.05,0.8,17.79,53,0.88,1,1,0,1,0,0,1,1,0,1,1,0,0,0,1,0,1,0,1,1,0,1,1,1,0,1,1
30.82,2.58,6.32,0.01,2.08,3.66,36.02,398.92,52.11,1.52,46.81,21,0.1,1,1,0,1,1,0,1,1,0,1,1,0,0,0,0,1,1,0,1,1,0,1,1,1,0,1,1
21.76,2.56,6.79,0.65,2.14,4.84,52.11,259.32,44.63,1.34,47.62,24,0.76,1,1,0,1,1,0,1,1,0,1,1,0,0,0,0,0,1,0,1,1,0,1,1,1,0,1,1
47.22,2.5,3.41,0.69,4.19,2.14,56.4,218.23,57.15,2.34,50.19,26,0.64,1,1,0,1,1,1,1,1,1,1,1,0,1,1,0,1,1,0,1,1,0,1,1,1,0,1,1
36.43,3.47,5.91,0.02,3.01,2.53,14.92,391.34,75.96,2.46,58.92,28,0.49,1,1,0,1,1,1,1,1,1,1,1,0,0,0,0,1,1,0,1,1,0,1,1,1,0,1,1
26.78,2.15,7.32,0.21,3.76,2.34,26.6,356.33,66.22,2.26,78.85,17,0.99,1,1,0,1,1,1,1,1,1,1,1,0,0,1,0,1,1,0,1,1,0,1,1,1,0,1,1
29.63,4.62,8.81,0.22,3.2,3.23,58.91,236.18,87.95,1.67,83.85,26,0.73,1,1,0,1,1,1,1,1,1,1,1,0,0,0,0,1,1,0,1,1,0,1,1,1,0,1,1
34.88,3.57,3.48,0.18,4.87,4.67,42.61,291.93,80.55,2.24,74.11,20,0.14,1,1,0,1,1,1,1,1,1,1,1,0,1,1,0,1,1,0,1,1,0,1,1,1,0,1,1
47.02,3.19,3.93,0.16,4.85,4.64,55.35,398.31,52.5,1.71,80.15,25,0.7,1,1,0,1,1,1,1,1,1,1,1,0,1,1,0,1,1,0,1,1,0,1,1,1,0,1,1
43.56,4.82,5.45,0.24,3.97,2.6,25.75,244.92,44.15,2.65,55.27,21,0.78,1,1,0,1,1,1,1,1,1,1,1,0,0,1,0,1,1,0,1,1,0,1,1,1,0,1,1
42.56,2.78,7.86,0.57,4.39,4.21,40.51,297.64,47.99,1.52,65.15,15,0.69,1,1,0,1,1,1,1,1,1,1,1,0,1,1,0,1,1,0,1,1,0,1,1,1,0,1,1
27.31,2.96,5.91,0.91,2.73,2.27,25.93,220.94,47.72,2.15,43.65,17,0.63,1,1,0,1,1,1,1,1,0,1,1,0,0,0,0,1,1,0,1,1,0,1,1,1,0,1,1
42.02,3.22,6.65,0.9,2.59,2.07,53.08,315.42,93.44,2.19,88.61,17,0.61,1,1,0,1,1,1,1,1,0,1,1,0,0,0,0,1,1,0,1,1,0,1,1,1,0,1,1
31.83,2.77,5.29,0.16,2.54,4.37,29.24,287.2,75.64,2.18,44.04,23,0.08,1,1,0,1,1,1,1,1,0,1,1,0,0,0,0,1,1,0,1,1,0,1,1,1,0,1,1
23.51,2.52,6.63,0.21,2.85,3.2,50.59,202.77,78.96,2.34,87.92,18,0.27,1,1,0,1,1,1,1,1,0,1,1,0,0,0,0,1,1,0,1,1,0,1,1,1,0,1,1
33.31,3.67,7.95,0.66,4.42,4.66,50.8,203.79,84.16,1.42,47.98,17,0.05,1,1,0,1,1,1,1,1,1,1,1,0,1,1,0,0,1,0,1,1,0,1,1,1,0,1,1
29.24,4.69,4.79,0.22,2.41,4.58,35.0,334.98,54.34,2.52,85.6,16,0.68,1,1,0,1,1,0,1,1,0,1,1,0,0,0,0,1,1,0,1,1,0,1,1,1,0,1,1
57.27,3.86,8.63,0.08,3.16,3.12,54.31,230.27,49.11,1.66,43.27,27,0.67,1,1,0,1,1,1,1,1,1,1,1,0,0,0,0,1,1,0,1,1,0,1,1,1,0,1,1
49.17,3.73,4.45,0.5,2.94,3.28,42.26,349.04,53.93,1.81,56.15,29,0.92,1,1,0,1,1,1,1,1,0,1,1,0,0,0,0,1,1,0,1,1,0,1,1,1,0,1,1
52.48,4.48,8.57,0.32,4.3,2.43,42.89,328.31,41.53,2.58,94.19,20,0.11,1,1,0,1,1,1,1,1,1,1,1,0,1,1,0,1,1,0,1,1,0,1,1,1,0,1,1
29.94,2.95,8.66,0.88,2.91,4.58,52.86,352.93,48.8,2.38,96.7,27,0.33,1,1,0,1,1,1,1,1,0,1,1,0,0,0,0,1,1,0,1,1,0,1,1,1,0,1,1
22.15,4.01,4.62,0.24,2.92,2.19,18.86,201.03,66.72,1.17,80.96,21,0.75,1,1,0,1,1,1,1,1,0,1,1,0,0,0,0,0,1,0,1,1,0,1,1,1,0,1,1
52.48,4.84,5.19,0.86,2.4,4.12,47.1,335.54,55.14,2.75,50.13,22,0.86,1,1,0,1,1,0,1,1,0,1,1,0,0,0,0,1,1,0,1,1,0,1,1,1,0,1,1
58.38,2.65,3.62,0.19,4.46,4.03,41.8,280.36,74.67,1.62,68.63,30,0.83,1,1,0,1,1,1,1,1,1,1,1,0,1,1,0,1,1,0,1,1,0,1,1,1,0,1,1
53.18,4.13,3.74,0.84,4.01,4.09,28.15,375.86,83.52,1.23,64.47,28,0.33,1,1,0,1,1,1,1,1,1,1,1,0,1,1,0,0,1,0,1,1,0,1,1,1,0,1,1
22.84,3.05,9.04,0.23,4.09,3.89,53.17,226.46,98.66,2.17,99.73,18,0.54,1,1,0,1,1,1,1,1,1,1,1,0,1,1,0,1,1,0,1,1,0,1,1,1,0,1,1
59.03,3.11,5.5,0.34,3.56,3.32,54.0,301.1,70.47,1.28,98.96,20,0.47,1,1,0,1,1,1,1,1,1,1,1,0,0,1,0,0,1,0,1,1,0,1,1,1,0,1,1
38.05,4.61,6.71,0.47,3.23,4.45,54.75,370.65,80.41,1.27,56.61,21,0.75,1,1,0,1,1,1,1,1,1,1,1,0,0,0,0,0,1,0,1,1,0,1,1,1,0,1,1
40.51,2.96,7.17,1.0,3.31,4.76,27.25,210.95,52.25,1.84,53.18,23,0.55,1,1,0,1,1,1,1,1,1,1,1,0,0,0,0,1,1,0,1,1,0,1,1,1,0,1,1
40.52,2.84,8.76,0.75,4.2,4.63,46.14,246.37,82.33,1.62,54.53,25,0.37,1,1,0,1,1,1,1,1,1,1,1,0,1,1,0,1,1,0,1,1,0,1,1,1,0,1,1
44.85,4.16,3.77,0.04,4.98,2.7,12.69,237.98,42.34,1.78,88.14,27,0.74,1,1,0,1,1,1,1,1,1,1,1,0,1,1,0,1,1,0,1,1,0,1,1,1,0,1,1
47.46,4.45,9.14,0.77,4.01,2.1,36.75,207.54,88.48,1.64,73.75,20,0.25,1,1,0,1,1,1,1,1,1,1,1,0,1,1,0,1,1,0,1,1,0,1,1,1,0,1,1
41.54,4.98,9.0,0.1,4.12,3.04,10.35,280.7,54.09,2.64,60.24,22,0.07,1,1,0,1,1,1,1,1,1,1,1,0,1,1,0,1,1,0,1,1,0,1,1,1,0,1,1
59.68,4.85,3.96,0.54,2.55,3.28,13.07,244.78,61.8,1.88,98.65,28,0.49,1,1,0,1,1,1,1,1,0,1,1,0,0,0,0,1,1,0,1,1,0,1,1,1,0,1,1
33.21,2.32,9.67,0.06,2.89,2.89,26.02,232.86,86.99,1.24,78.09,17,0.33,1,1,0,1,1,1,1,1,0,1,1,0,0,0,0,0,1,0,1,1,0,1,1,1,0,1,1
20.83,4.28,3.3,0.86,2.36,2.52,33.83,347.58,48.34,1.88,68.97,24,0.51,1,1,0,1,1,0,1,1,0,1,1,0,0,0,0,1,1,0,1,1,0,1,1,1,0,1,1
50.78,4.8,9.36,0.82,4.66,2.6,24.21,257.79,62.62,1.79,72.67,21,0.59,1,1,0,1,1,1,1,1,1,1,1,0,1,1,0,1,1,0,1,1,0,1,1,1,0,1,1
48.04,2.58,6.13,0.83,3.96,3.23,43.17,223.64,64.09,2.59,53.23,15,0.04,1,1,0,1,1,1,1,1,1,1,1,0,0,1,0,1,1,0,1,1,0,1,1,1,0,1,1
30.96,4.87,9.68,0.35,2.13,2.54,29.61,389.56,48.47,2.53,46.52,21,0.62,1,1,0,1,1,0,1,1,0,1,1,0,0,0,0,1,1,0,1,1,0,1,1,1,0,1,1
39.11,3.43,8.38,0.63,3.9,3.35,36.56,349.14,89.56,2.39,95.44,23,0.33,1,1,0,1,1,1,1,1,1,1,1,0,0,1,0,1,1,0,1,1,0,1,1,1,0,1,1
32.55,3.91,5.49,0.15,3.79,4.44,29.11,226.45,51.8,1.47,57.99,30,0.93,1,1,0,1,1,1,1,1,1,1,1,0,0,1,0,0,1,0,1,1,0,1,1,1,0,1,1
43.46,3.58,8.32,0.71,2.58,3.41,33.63,275.64,71.04,1.83,51.96,26,0.03,1,1,0,1,1,1,1,1,0,1,1,0,0,0,0,1,1,0,1,1,0,1,1,1,0,1,1
47.6,2.95,3.39,0.61,2.72,3.16,14.03,229.43,57.88,1.18,94.65,16,0.4,1,1,0,1,1,1,1,1,0,1,1,0,0,0,0,0,1,0,1,1,0,1,1,1,0,1,1
29.82,4.44,5.4,0.11,3.71,3.74,45.73,248.04,66.63,1.56,44.86,15,0.2,1,1,0,1,1,1,1,1,1,1,1,0,0,1,0,1,1,0,1,1,0,1,1,1,0,1,1
26.65,4.75,5.29,0.37,4.28,3.02,57.6,347.59,75.85,2.76,42.98,29,0.5,1,1,0,1,1,1,1,1,1,1,1,0,1,1,0,1,1,0,1,1,0,1,1,1,0,1,1
28.66,4.62,3.61,0.49,4.07,2.79,41.21,365.88,51.42,2.83,73.21,26,0.76,1,1,0,1,1,1,1,1,1,1,1,0,1,1,0,1,1,0,1,1,0,1,1,1,0,1,1
52.47,3.03,6.04,0.85,3.09,4.38,57.05,324.64,84.5,2.61,90.7,28,0.45,1,1,0,1,1,1,1,1,1,1,1,0,0,0,0,1,1,0,1,1,0,1,1,1,0,1,1
20.8,2.19,5.71,0.58,3.39,3.86,34.01,332.34,53.15,1.23,75.79,15,0.75,1,1,0,1,1,1,1,1,1,1,1,0,0,0,0,0,1,0,1,1,0,1,1,1,0,1,1
39.3,2.65,9.77,0.72,4.87,3.28,33.76,379.59,71.5,2.41,55.13,16,0.67,1,1,0,1,1,1,1,1,1,1,1,0,1,1,0,1,1,0,1,1,0,1,1,1,0,1,1
40.44,3.29,3.38,0.02,3.07,3.0,29.38,227.67,84.29,2.71,96.32,21,0.73,1,1,0,1,1,1,1,1,1,1,1,0,0,0,0,1,1,0,1,1,0,1,1,1,0,1,1
50.79,4.93,7.01,0.34,3.95,2.21,54.87,223.88,59.67,2.63,75.84,17,0.19,1,1,0,1,1,1,1,1,1,1,1,0,0,1,0,1,1,0,1,1,0,1,1,1,0,1,1
42.22,3.75,4.45,0.85,2.25,3.07,44.02,254.82,89.66,2.48,87.34,23,0.64,1,1,0,1,1,0,1,1,0,1,1,0,0,0,0,1,1,0,1,1,0,1,1,1,0,1,1
27.86,2.64,3.29,0.32,3.68,4.57,43.35,287.08,97.19,2.44,95.81,26,0.09,1,1,0,1,1,1,1,1,1,1,1,0,0,1,0,1,1,0,1,1,0,1,1,1,0,1,1
41.29,4.46,3.71,0.79,4.43,3.45,12.87,234.92,82.45,2.42,93.9,16,0.73,1,1,0,1,1,1,1,1,1,1,1,0,1,1,0,1,1,0,1,1,0,1,1,1,0,1,1
56.9,4.29,7.14,0.19,4.0,3.87,40.12,297.96,71.72,1.67,71.16,24,0.81,1,1,0,1,1,1,1,1,1,1,1,0,1,1,0,1,1,0,1,1,0,1,1,1,0,1,1
30.3,4.32,5.7,0.51,4.57,4.25,50.26,227.37,44.18,2.79,63.27,23,0.33,1,1,0,1,1,1,1,1,1,1,1,0,1,1,0,1,1,0,1,1,0,1,1,1,0,1,1
49.49,2.11,6.32,0.34,4.76,2.04,37.64,348.13,69.1,1.17,98.35,22,0.18,1,1,0,1,1,1,1,1,1,1,1,0,1,1,0,0,1,0,1,1,0,1,1,1,0,1,1
31.25,3.37,6.33,0.78,4.25,3.37,52.28,222.85,55.32,2.66,62.68,24,0.58,1,1,0,1,1,1,1,1,1,1,1,0,1,1,0,1,1,0,1,1,0,1,1,1,0,1,1
24.77,2.11,3.37,0.83,2.35,2.14,31.89,368.8,55.74,1.84,42.4,17,0.86,1,1,0,1,1,0,1,1,0,1,1,0,0,0,0,1,1,0,1,1,0,1,1,1,0,1,1
33.85,3.96,5.45,0.62,4.65,2.69,30.21,398.65,92.11,2.13,71.0,27,0.7,1,1,0,1,1,1,1,1,1,1,1,0,1,1,0,1,1,0,1,1,0,1,1,1,0,1,1
31.41,3.89,6.19,0.48,4.27,2.85,25.9,384.93,43.37,1.97,94.77,19,0.16,1,1,0,1,1,1,1,1,1,1,1,0,1,1,0,1,1,0,1,1,0,1,1,1,0,1,1
22.56,2.95,4.54,0.52,2.31,4.26,55.31,348.69,71.97,2.72,81.7,29,0.68,1,1,0,1,1,0,1,1,0,1,1,0,0,0,0,1,1,0,1,1,0,1,1,1,0,1,1
57.3,3.73,3.88,0.58,4.3,3.22,53.99,329.74,93.95,2.25,47.88,16,0.84,1,1,0,1,1,1,1,1,1,1,1,0,1,1,0,1,1,0,1,1,0,1,1,1,0,1,1
39.05,4.01,5.82,0.3,3.88,2.46,28.65,241.81,81.75,2.89,99.73,19,0.47,1,1,0,1,1,1,1,1,1,1,1,0,0,1,0,1,1,0,1,1,0,1,1,1,0,1,1
25.92,4.95,4.46,0.13,2.61,4.31,31.28,313.08,41.26,1.07,66.75,19,0.3,1,1,0,1,1,1,1,1,0,1,1,0,0,0,0,0,1,0,1,1,0,1,1,1,0,1,1
21.5,3.52,5.82,0.63,3.86,2.36,58.85,237.39,66.72,1.98,88.78,25,0.94,1,1,0,1,1,1,1,1,1,1,1,0,0,1,0,1,1,0,1,1,0,1,1,1,0,1,1
31.02,3.0,7.91,0.77,4.79,2.61,49.9,347.71,43.83,1.77,56.97,26,0.95,1,1,0,1,1,1,1,1,1,1,1,0,1,1,0,1,1,0,1,1,0,1,1,1,0,1,1
56.74,2.14,5.37,0.41,2.72,3.89,42.02,370.1,84.45,2.09,79.22,16,0.76,1,1,0,1,1,1,1,1,0,1,1,0,0,0,0,1,1,0,1,1,0,1,1,1,0,1,1
35.75,3.82,6.11,0.74,2.68,2.18,25.0,294.86,50.08,1.71,64.0,25,0.87,1,1,0,1,1,1,1,1,0,1,1,0,0,0,0,1,1,0,1,1,0,1,1,1,0,1,1
43.09,4.02,3.12,0.34,4.39,2.23,24.12,317.06,55.38,2.87,47.86,28,0.04,1,1,0,1,1,1,1,1,1,1,1,0,1,1,0,1,1,0,1,1,0,1,1,1,0,1,1
34.73,4.94,5.95,0.5,4.73,4.15,39.1,359.56,91.86,1.91,68.51,26,0.48,1,1,0,1,1,1,1,1,1,1,1,0,1,1,0,1,1,0,1,1,0,1,1,1,0,1,1
50.28,4.07,9.05,1.0,3.28,2.33,11.52,345.38,92.44,1.44,49.51,18,0.05,1,1,0,1,1,1,1,1,1,1,1,0,0,0,0,0,1,0,1,1,0,1,1,1,0,1,1
58.87,3.54,5.04,0.47,4.57,2.91,19.63,225.81,57.87,2.56,68.3,21,0.01,1,1,0,1,1,1,1,1,1,1,1,0,1,1,0,1,1,0,1,1,0,1,1,1,0,1,1
23.01,3.13,8.74,0.01,3.37,2.99,12.62,290.05,55.28,1.7,82.34,19,0.1,1,1,0,1,1,1,1,1,1,1,1,0,0,0,0,1,1,0,1,1,0,1,1,1,0,1,1
48.82,2.85,4.29,0.04,2.07,4.32,16.72,293.54,76.35,1.86,41.63,18,0.56,1,1,0,1,1,0,1,1,0,1,1,0,0,0,0,1,1,0,1,1,0,1,1,1,0,1,1
24.48,3.83,6.98,0.79,4.96,2.75,35.48,381.77,87.11,1.97,96.72,30,0.96,1,1,0,1,1,1,1,1,1,1,1,0,1,1,0,1,1,0,1,1,0,1,1,1,0,1,1
40.36,3.36,4.95,0.96,2.43,3.74,24.13,255.8,64.3,3.0,43.3,19,0.39,1,1,0,1,1,0,1,1,0,1,1,0,0,0,0,1,1,0,1,1,0,1,1,1,0,1,1
37.9,4.19,5.5,0.06,2.22,2.35,53.48,294.45,82.77,1.79,55.52,15,0.91,1,1,0,1,1,0,1,1,0,1,1,0,0,0,0,1,1,0,1,1,0,1,1,1,0,1,1
20.25,4.43,9.64,0.09,2.48,4.88,36.88,202.84,55.46,1.9,81.57,15,0.21,1,1,0,1,1,0,1,1,0,1,1,0,0,0,0,1,1,0,1,1,0,1,1,1,0,1,1
54.69,4.87,4.66,0.88,2.29,2.17,16.46,211.55,90.7,1.12,56.3,22,0.69,1,1,0,1,1,0,1,1,0,1,1,0,0,0,0,0,1,0,1,1,0,1,1,1,0,1,1
40.61,4.97,7.28,0.37,4.32,2.51,29.23,269.39,65.91,2.56,69.05,27,0.51,1,1,0,1,1,1,1,1,1,1,1,0,1,1,0,1,1,0,1,1,0,1,1,1,0,1,1
51.87,3.01,7.94,0.19,4.25,2.71,17.18,237.08,50.92,2.03,90.69,30,0.57,1,1,0,1,1,1,1,1,1,1,1,0,1,1,0,1,1,0,1,1,0,1,1,1,0,1,1
54.54,2.42,6.98,0.87,3.75,4.15,28.6,218.49,67.47,1.79,92.02,28,0.12,1,1,0,1,1,1,1,1,1,1,1,0,0,1,0,1,1,0,1,1,0,1,1,1,0,1,1
43.98,3.65,6.6,0.69,4.51,2.97,54.45,232.13,50.38,1.53,47.17,27,0.05,1,1,0,1,1,1,1,1,1,1,1,0,1,1,0,1,1,0,1,1,0,1,1,1,0,1,1
21.97,3.16,5.47,0.32,3.47,2.96,19.61,261.89,98.49,1.82,66.68,28,0.64,1,1,0,1,1,1,1,1,1,1,1,0,0,0,0,1,1,0,1,1,0,1,1,1,0,1,1
51.45,3.22,3.02,0.85,3.14,3.49,10.39,298.42,99.19,1.56,63.73,29,0.03,1,1,0,1,1,1,1,1,1,1,1,0,0,0,0,1,1,0,1,1,0,1,1,1,0,1,1
53.75,3.38,4.52,0.13,4.86,2.22,19.95,269.56,77.21,2.09,47.54,21,0.72,1,1,0,1,1,1,1,1,1,1,1,0,1,1,0,1,1,0,1,1,0,1,1,1,0,1,1
30.85,4.28,8.06,0.01,3.53,2.42,53.31,374.32,65.1,1.89,58.2,30,0.32,1,1,0,1,1,1,1,1,1,1,1,0,0,1,0,1,1,0,1,1,0,1,1,1,0,1,1
30.67,3.52,8.44,0.86,4.53,3.08,44.36,262.57,43.65,2.4,40.59,18,0.23,1,1,0,1,1,1,1,1,1,1,1,0,1,1,0,1,1,0,1,1,0,1,1,1,0,1,1
27.04,4.6,6.11,0.14,4.59,4.45,59.2,381.95,91.11,1.11,46.26,27,0.61,1,1,0,1,1,1,1,1,1,1,1,0,1,1,0,0,1,0,1,1,0,1,1,1,0,1,1
56.6,2.47,8.26,0.57,2.82,3.42,26.69,315.86,93.34,2.14,77.9,16,0.44,1,1,0,1,1,1,1,1,0,1,1,0,0,0,0,1,1,0,1,1,0,1,1,1,0,1,1
21.08,3.35,5.08,0.93,2.37,3.96,12.64,289.23,73.24,1.6,67.3,20,0.71,1,1,0,1,1,0,1,1,0,1,1,0,0,0,0,1,1,0,1,1,0,1,1,1,0,1,1
24.25,4.33,8.66,0.77,2.34,3.93,51.72,315.47,78.78,1.92,71.72,21,0.82,1,1,0,1,1,0,1,1,0,1,1,0,0,0,0,1,1,0,1,1,0,1,1,1,0,1,1
23.41,4.6,6.49,0.3,2.8,3.3,59.95,244.07,46.19,2.17,69.31,16,0.53,1,1,0,1,1,1,1,1,0,1,1,0,0,0,0,1,1,0,1,1,0,1,1,1,0,1,1
38.69,2.32,7.55,0.87,4.48,3.88,13.76,222.48,42.96,1.51,48.14,19,0.13,1,1,0,1,1,1,1,1,1,1,1,0,1,1,0,1,1,0,1,1,0,1,1,1,0,1,1
35.47,4.46,9.79,0.45,3.52,3.72,56.62,371.64,50.24,1.87,67.84,22,0.28,1,1,0,1,1,1,1,1,1,1,1,0,0,1,0,1,1,0,1,1,0,1,1,1,0,1,1
57.23,2.07,7.88,0.73,4.51,4.92,58.78,213.06,89.31,2.29,78.84,17,0.54,1,1,0,1,1,1,1,1,1,1,1,0,1,1,0,1,1,0,1,1,0,1,1,1,0,1,1
30.2,4.3,8.26,0.59,2.64,2.29,13.21,318.54,89.5,2.72,67.82,20,0.93,1,1,0,1,1,1,1,1,0,1,1,0,0,0,0,1,1,0,1,1,0,1,1,1,0,1,1
45.64,2.93,6.68,0.07,4.92,3.08,33.89,271.06,80.95,2.32,82.92,26,0.06,1,1,0,1,1,1,1,1,1,1,1,0,1,1,0,1,1,0,1,1,0,1,1,1,0,1,1
33.72,4.0,3.72,0.01,2.42,4.15,58.64,396.61,69.64,2.74,84.21,24,0.24,1,1,0,1,1,0,1,1,0,1,1,0,0,0,0,1,1,0,1,1,0,1,1,1,0,1,1
36.85,4.52,9.14,0.24,3.65,2.58,15.09,382.22,89.23,2.52,42.93,24,0.61,1,1,0,1,1,1,1,1,1,1,1,0,0,1,0,1,1,0,1,1,0,1,1,1,0,1,1
134.23,10.74,22.57,2.05,10.52,3.18,44.13,297.36,64.07,4.84,2.59,37,0.02,1,1,1,0,0,1,1,1,1,1,1,0,1,1,1,1,0,0,1,1,0,1,1,1,0,1,0
93.43,11.15,25.65,0.98,8.1,2.79,17.34,256.65,84.11,3.88,3.32,31,0.69,1,1,1,0,0,1,1,1,1,1,1,0,1,1,1,1,0,0,1,1,0,1,1,1,0,1,0
152.52,12.2,18.69,2.08,7.83,3.28,32.89,269.35,70.77,3.03,2.31,30,0.58,1,1,1,0,0,1,1,1,1,1,1,0,1,1,1,1,0,1,1,1,0,1,1,1,0,1,0
133.28,13.03,24.14,2.5,6.34,3.24,43.29,321.53,78.43,2.94,4.83,28,0.95,1,1,1,0,0,1,1,1,1,1,1,0,1,1,1,1,0,1,1,1,0,1,1,1,0,1,0
104.69,13.1,25.07,0.65,9.73,1.14,26.76,253.66,95.27,4.93,1.89,32,0.15,1,1,1,0,0,1,1,1,1,1,1,0,1,1,1,1,0,0,1,1,0,1,1,1,0,1,0
135.21,8.1,17.04,2.05,9.56,3.26,18.93,361.99,64.33,4.95,2.17,31,0.91,1,1,1,0,0,1,1,1,1,1,1,0,1,1,1,1,0,0,1,1,0,1,1,1,0,1,0
93.88,13.5,20.95,0.78,11.27,1.59,47.63,301.41,76.82,2.67,3.18,29,0.95,1,1,1,0,0,1,1,1,1,1,1,0,1,1,1,1,0,0,1,1,0,1,1,1,0,1,0
137.38,8.71,17.45,0.91,6.56,1.43,9.71,355.74,87.73,2.42,1.52,35,0.73,1,1,1,0,0,1,1,1,1,1,1,0,1,1,1,0,0,1,1,1,0,1,1,1,0,1,0
148.8,10.9,16.13,0.71,6.99,1.37,21.47,307.35,53.1,2.16,1.07,37,0.04,1,1,1,0,0,1,1,1,1,1,1,0,1,1,1,0,0,1,1,1,0,1,1,1,0,1,0
121.89,14.02,22.4,2.5,11.95,1.49,36.13,418.57,98.8,4.96,3.75,39,0.89,1,1,1,0,0,1,1,1,1,1,1,0,1,1,1,1,0,0,1,1,0,1,1,1,0,1,0
109.25,8.01,26.14,2.45,8.69,2.47,14.8,269.58,74.41,2.3,2.8,35,0.17,1,1,1,0,0,1,1,1,1,1,1,0,1,1,1,0,0,0,1,1,0,1,1,1,0,1,0
151.23,12.64,18.29,0.2,7.61,3.74,33.49,430.26,55.43,4.16,1.11,37,0.3,1,1,1,0,0,1,1,1,1,1,1,0,1,1,1,1,0,1,1,1,0,1,1,1,0,1,0
122.04,6.86,26.68,2.81,11.88,3.61,12.83,261.55,74.78,4.74,1.71,40,1.0,1,1,1,0,0,1,1,1,1,1,1,0,1,1,1,1,0,0,1,1,0,1,1,1,0,1,0
104.8,8.39,23.62,2.9,11.49,2.51,40.78,283.94,98.65,4.89,1.65,38,0.52,1,1,1,0,0,1,1,1,1,1,1,0,1,1,1,1,0,0,1,1,0,1,1,1,0,1,0
104.92,13.04,17.65,0.78,6.56,2.2,23.85,378.64,82.54,4.72,1.55,31,0.28,1,1,1,0,0,1,1,1,1,1,1,0,1,1,1,1,0,1,1,1,0,1,1,1,0,1,0
94.9,6.51,16.56,1.74,11.57,2.49,42.93,361.47,82.52,4.2,1.7,33,0.75,1,1,1,0,0,1,1,1,1,1,1,0,1,1,1,1,0,0,1,1,0,1,1,1,0,1,0
125.0,7.15,22.57,0.9,6.21,2.9,43.65,336.19,63.42,4.67,4.25,28,0.6,1,1,1,0,0,1,1,1,1,1,1,0,1,1,1,1,0,1,1,1,0,1,1,1,0,1,0
134.1,9.76,16.88,0.28,6.1,3.62,15.64,302.88,84.16,2.96,3.02,33,0.96,1,1,1,0,0,1,1,1,1,1,1,0,1,1,1,1,0,1,1,1,0,1,1,1,0,1,0
103.46,12.46,23.64,1.03,6.11,3.07,47.55,408.03,66.12,3.58,1.8,37,0.42,1,1,1,0,0,1,1,1,1,1,1,0,1,1,1,1,0,1,1,1,0,1,1,1,0,1,0
140.26,9.98,24.52,0.7,10.88,2.77,14.48,309.18,77.68,4.49,2.66,30,0.74,1,1,1,0,0,1,1,1,1,1,1,0,1,1,1,1,0,0,1,1,0,1,1,1,0,1,0
92.04,10.87,15.69,2.1,6.33,3.74,36.59,376.85,66.49,2.39,2.16,30,0.8,1,1,1,0,0,1,1,1,1,1,1,0,1,1,1,0,0,1,1,1,0,1,1,1,0,1,0
121.58,12.47,22.62,1.48,7.15,2.39,16.06,478.71,60.12,4.86,3.13,27,0.64,1,1,1,0,0,1,1,1,1,1,1,0,1,1,1,1,0,1,1,1,0,1,1,1,0,1,0
152.91,10.11,16.94,2.79,8.75,1.54,18.61,262.7,68.1,4.56,4.73,34,0.42,1,1,1,0,0,1,1,1,1,1,1,0,1,1,1,1,0,0,1,1,0,1,1,1,0,1,0
126.21,6.76,27.8,2.0,7.71,2.76,9.93,491.46,50.49,3.94,1.98,38,0.48,1,1,1,0,0,1,1,1,1,1,1,0,1,1,1,1,0,1,1,1,0,1,1,1,0,1,0
158.1,6.04,20.36,0.3,9.05,1.07,23.31,305.17,72.0,4.99,4.2,37,0.24,1,1,1,0,0,1,1,1,1,1,1,0,1,1,1,1,0,0,1,1,0,1,1,1,0,1,0
109.69,9.7,18.05,0.06,11.28,3.9,20.37,334.63,40.43,4.04,4.3,34,0.98,1,1,1,0,0,1,1,1,1,1,1,0,1,1,1,1,0,0,1,1,0,1,1,1,0,1,0
135.51,12.68,15.41,0.36,9.8,3.7,33.07,283.51,46.95,4.53,1.56,31,0.77,1,1,1,0,0,1,1,1,1,1,1,0,1,1,1,1,0,0,1,1,0,1,1,1,0,1,0
123.87,14.08,26.8,0.26,11.62,3.48,40.61,300.23,88.31,4.55,2.16,35,0.18,1,1,1,0,0,1,1,1,1,1,1,0,1,1,1,1,0,0,1,1,0,1,1,1,0,1,0
129.72,9.39,27.54,0.82,8.4,3.95,29.14,375.66,55.47,4.1,1.06,26,0.67,1,1,1,0,0,1,1,1,1,1,1,0,1,1,1,1,0,0,1,1,0,1,1,1,0,1,0
147.59,6.12,22.05,1.38,8.99,1.22,35.8,375.81,85.91,3.46,1.6,25,0.54,1,1,1,0,0,1,1,1,1,1,1,0,1,1,1,1,0,0,1,1,0,1,1,1,0,1,0
150.2,7.92,22.9,0.25,9.86,3.29,31.32,316.56,41.88,2.36,3.49,28,0.5,1,1,1,0,0,1,1,1,1,1,1,0,1,1,1,0,0,0,1,1,0,1,1,1,0,1,0
121.85,12.78,16.72,1.64,9.28,1.27,23.81,463.32,91.37,2.3,1.36,32,0.08,1,1,1,0,0,1,1,1,1,1,1,0,1,1,1,0,0,0,1,1,0,1,1,1,0,1,0
121.33,6.92,15.21,1.85,11.76,3.71,36.35,274.16,56.45,2.96,4.05,26,0.13,1,1,1,0,0,1,1,1,1,1,1,0,1,1,1,1,0,0,1,1,0,1,1,1,0,1,0
150.66,11.34,16.65,1.28,6.97,3.1,39.15,276.45,70.37,4.44,4.74,33,0.36,1,1,1,0,0,1,1,1,1,1,1,0,1,1,1,1,0,1,1,1,0,1,1,1,0,1,0
115.11,10.76,22.6,2.39,8.05,3.42,20.24,263.86,73.25,3.76,4.74,30,0.57,1,1,1,0,0,1,1,1,1,1,1,0,1,1,1,1,0,0,1,1,0,1,1,1,0,1,0
106.68,13.15,21.32,1.0,6.64,1.72,47.72,326.27,50.13,3.38,2.23,40,0.69,1,1,1,0,0,1,1,1,1,1,1,0,1,1,1,1,0,1,1,1,0,1,1,1,0,1,0
151.41,8.61,16.07,0.9,10.03,1.99,17.52,296.11,69.85,2.83,3.92,33,0.71,1,1,1,0,0,1,1,1,1,1,1,0,1,1,1,1,0,0,1,1,0,1,1,1,0,1,0
91.48,9.77,25.09,1.02,9.38,1.61,38.39,263.07,91.15,2.59,4.5,38,0.82,1,1,1,0,0,1,1,1,1,1,1,0,1,1,1,1,0,0,1,1,0,1,1,1,0,1,0
120.02,7.7,18.66,0.8,9.12,1.7,10.56,280.92,75.0,4.2,2.29,28,0.54,1,1,1,0,0,1,1,1,1,1,1,0,1,1,1,1,0,0,1,1,0,1,1,1,0,1,0
108.88,12.32,23.57,2.97,7.59,3.02,7.34,278.41,40.24,5.0,4.21,40,0.6,1,1,1,0,0,1,1,1,1,1,1,0,1,1,1,1,0,1,1,1,0,1,1,1,0,1,0
140.93,7.04,22.65,2.0,7.2,3.64,13.77,328.37,77.23,3.92,3.8,30,0.64,1,1,1,0,0,1,1,1,1,1,1,0,1,1,1,1,0,1,1,1,0,1,1,1,0,1,0
146.13,10.2,19.7,0.33,11.26,3.35,12.57,378.07,69.24,3.88,4.78,39,0.67,1,1,1,0,0,1,1,1,1,1,1,0,1,1,1,1,0,0,1,1,0,1,1,1,0,1,0
102.14,12.52,21.57,2.04,7.22,3.24,49.8,416.41,69.61,4.77,1.06,31,0.37,1,1,1,0,0,1,1,1,1,1,1,0,1,1,1,1,0,1,1,1,0,1,1,1,0,1,0
107.83,10.4,20.3,2.96,6.34,1.43,7.38,406.46,43.27,4.51,3.05,30,0.01,1,1,1,0,0,1,1,1,1,1,1,0,1,1,1,1,0,1,1,1,0,1,1,1,0,1,0
151.77,11.15,19.31,2.17,9.05,2.5,9.96,347.38,54.46,2.05,2.44,32,0.14,1,1,1,0,0,1,1,1,1,1,1,0,1,1,1,0,0,0,1,1,0,1,1,1,0,1,0
100.19,12.28,23.36,2.35,11.62,3.08,12.01,310.86,90.53,2.63,1.29,36,0.0,1,1,1,0,0,1,1,1,1,1,1,0,1,1,1,1,0,0,1,1,0,1,1,1,0,1,0
152.58,10.7,18.41,2.3,11.56,2.45,19.2,447.24,80.91,4.67,3.77,28,0.35,1,1,1,0,0,1,1,1,1,1,1,0,1,1,1,1,0,0,1,1,0,1,1,1,0,1,0
144.1,13.23,16.99,1.1,8.24,1.45,40.93,426.81,51.42,3.1,1.42,38,0.18,1,1,1,0,0,1,1,1,1,1,1,0,1,1,1,1,0,0,1,1,0,1,1,1,0,1,0
156.91,6.63,19.61,1.51,8.96,1.01,27.55,345.94,98.32,2.48,2.42,32,0.87,1,1,1,0,0,1,1,1,1,1,1,0,1,1,1,0,0,0,1,1,0,1,1,1,0,1,0
152.58,14.28,16.23,1.63,10.44,3.27,32.3,291.7,87.85,4.16,1.34,27,0.89,1,1,1,0,0,1,1,1,1,1,1,0,1,1,1,1,0,0,1,1,0,1,1,1,0,1,0
110.1,8.95,16.5,1.17,6.22,3.75,35.29,497.69,92.97,3.42,3.08,29,0.97,1,1,1,0,0,1,1,1,1,1,1,0,1,1,1,1,0,1,1,1,0,1,1,1,0,1,0
148.98,10.51,27.76,0.29,7.82,2.91,20.75,482.09,43.94,3.65,3.36,31,0.78,1,1,1,0,0,1,1,1,1,1,1,0,1,1,1,1,0,1,1,1,0,1,1,1,0,1,0
133.54,11.46,26.04,1.62,10.82,2.53,7.81,345.99,66.67,2.42,1.41,32,0.97,1,1,1,0,0,1,1,1,1,1,1,0,1,1,1,0,0,0,1,1,0,1,1,1,0,1,0
121.66,7.29,20.06,2.86,7.92,3.6,44.66,337.55,45.0,4.17,2.25,35,0.7,1,1,1,0,0,1,1,1,1,1,1,0,1,1,1,1,0,1,1,1,0,1,1,1,0,1,0
91.52,11.68,17.13,1.7,9.02,1.04,21.33,400.27,90.92,4.67,2.94,30,0.27,1,1,1,0,0,1,1,1,1,1,1,0,1,1,1,1,0,0,1,1,0,1,1,1,0,1,0
109.43,14.4,24.41,1.73,9.89,1.09,32.81,377.38,72.74,3.08,1.33,34,0.67,1,1,1,0,0,1,1,1,1,1,1,0,1,1,1,1,0,0,1,1,0,1,1,1,0,1,0
112.08,12.14,26.33,0.71,11.87,2.16,17.03,355.38,45.66,2.38,2.66,30,0.46,1,1,1,0,0,1,1,1,1,1,1,0,1,1,1,0,0,0,1,1,0,1,1,1,0,1,0
110.04,8.23,23.39,1.95,10.95,2.25,8.29,318.42,98.8,3.79,3.84,35,0.18,1,1,1,0,0,1,1,1,1,1,1,0,1,1,1,1,0,0,1,1,0,1,1,1,0,1,0
90.71,7.34,25.09,1.34,8.69,3.87,46.38,327.8,52.54,4.55,4.62,26,0.47,1,1,1,0,0,1,1,1,1,1,1,0,1,1,1,1,0,0,1,1,0,1,1,1,0,1,0
121.88,11.24,19.64,0.49,9.02,3.49,34.88,334.59,96.13,4.74,1.84,37,0.72,1,1,1,0,0,1,1,1,1,1,1,0,1,1,1,1,0,0,1,1,0,1,1,1,0,1,0
130.7,14.53,15.7,0.32,7.04,3.07,34.05,473.01,83.97,3.53,4.97,31,0.28,1,1,1,0,0,1,1,1,1,1,1,0,1,1,1,1,0,1,1,1,0,1,1,1,0,1,0
129.55,6.79,20.38,2.25,10.16,3.97,17.51,374.55,59.77,3.32,4.43,25,0.55,1,1,1,0,0,1,1,1,1,1,1,0,1,1,1,1,0,0,1,1,0,1,1,1,0,1,0
145.74,11.25,27.48,1.98,9.14,1.07,23.62,324.81,84.89,2.62,1.82,31,0.4,1,1,1,0,0,1,1,1,1,1,1,0,1,1,1,1,0,0,1,1,0,1,1,1,0,1,0
103.94,9.82,20.01,2.75,10.57,2.52,49.48,366.32,43.49,2.79,2.74,38,0.73,1,1,1,0,0,1,1,1,1,1,1,0,1,1,1,1,0,0,1,1,0,1,1,1,0,1,0
117.11,13.06,21.41,0.54,10.41,1.76,27.09,268.88,77.07,4.0,2.51,34,0.13,1,1,1,0,0,1,1,1,1,1,1,0,1,1,1,1,0,0,1,1,0,1,1,1,0,1,0
127.07,8.42,15.27,2.17,6.19,2.79,29.26,492.2,69.05,2.19,3.21,26,0.05,1,1,1,0,0,1,1,1,1,1,1,0,1,1,1,0,0,1,1,1,0,1,1,1,0,1,0
96.63,6.3,21.49,1.8,6.37,3.16,15.37,421.3,98.91,4.07,4.53,35,0.27,1,1,1,0,0,1,1,1,1,1,1,0,1,1,1,1,0,1,1,1,0,1,1,1,0,1,0
146.8,6.5,22.0,0.21,11.6,3.3,34.61,455.97,78.85,4.91,3.86,26,0.75,1,1,1,0,0,1,1,1,1,1,1,0,1,1,1,1,0,0,1,1,0,1,1,1,0,1,0
133.54,10.86,24.74,2.18,9.78,2.08,23.26,492.61,46.74,2.81,2.97,35,0.42,1,1,1,0,0,1,1,1,1,1,1,0,1,1,1,1,0,0,1,1,0,1,1,1,0,1,0
140.03,11.43,18.89,1.23,7.31,3.9,10.88,342.96,41.55,2.67,4.12,38,0.61,1,1,1,0,0,1,1,1,1,1,1,0,1,1,1,1,0,1,1,1,0,1,1,1,0,1,0
158.84,13.57,15.47,1.98,7.72,2.68,17.57,337.22,95.39,2.62,4.5,26,0.8,1,1,1,0,0,1,1,1,1,1,1,0,1,1,1,1,0,1,1,1,0,1,1,1,0,1,0
125.59,8.1,25.99,2.18,11.88,1.47,15.15,302.95,87.55,2.56,1.27,25,0.73,1,1,1,0,0,1,1,1,1,1,1,0,1,1,1,1,0,0,1,1,0,1,1,1,0,1,0
141.48,6.72,19.67,2.58,7.4,1.35,19.67,305.11,95.52,4.6,3.0,35,0.46,1,1,1,0,0,1,1,1,1,1,1,0,1,1,1,1,0,1,1,1,0,1,1,1,0,1,0
132.49,7.7,25.46,2.9,7.61,2.48,8.88,389.78,70.17,2.43,2.77,25,0.32,1,1,1,0,0,1,1,1,1,1,1,0,1,1,1,0,0,1,1,1,0,1,1,1,0,1,0
123.86,8.65,18.36,0.08,7.71,2.66,5.07,320.8,92.88,3.78,3.43,26,0.58,1,1,1,0,0,1,1,1,1,1,1,0,1,1,1,1,0,1,1,1,0,1,1,1,0,1,0
100.84,9.21,24.06,1.68,8.32,2.26,30.29,251.47,44.71,4.64,1.31,40,0.83,1,1,1,0,0,1,1,1,1,1,1,0,1,1,1,1,0,0,1,1,0,1,1,1,0,1,0
94.2,9.39,27.03,1.51,9.97,3.74,44.32,375.46,66.26,3.02,3.88,29,0.19,1,1,1,0,0,1,1,1,1,1,1,0,1,1,1,1,0,0,1,1,0,1,1,1,0,1,0
145.34,10.09,18.92,1.15,11.13,3.25,17.25,279.38,55.12,4.76,3.33,25,0.55,1,1,1,0,0,1,1,1,1,1,1,0,1,1,1,1,0,0,1,1,0,1,1,1,0,1,0
156.11,7.91,21.76,1.42,7.55,3.46,45.48,445.48,51.72,2.26,3.42,29,0.04,1,1,1,0,0,1,1,1,1,1,1,0,1,1,1,0,0,1,1,1,0,1,1,1,0,1,0
97.13,12.56,17.6,1.11,9.01,3.18,10.1,351.59,69.1,3.62,4.27,28,0.29,1,1,1,0,0,1,1,1,1,1,1,0,1,1,1,1,0,0,1,1,0,1,1,1,0,1,0
94.98,9.11,24.66,1.31,10.91,2.65,46.84,486.97,44.16,3.37,3.44,37,0.09,1,1,1,0,0,1,1,1,1,1,1,0,1,1,1,1,0,0,1,1,0,1,1,1,0,1,0
121.49,12.81,25.32,1.48,11.37,1.8,23.48,474.65,93.78,4.06,4.44,31,0.2,1,1,1,0,0,1,1,1,1,1,1,0,1,1,1,1,0,0,1,1,0,1,1,1,0,1,0
120.66,9.68,20.58,1.76,9.13,1.45,7.95,432.35,73.58,3.08,4.23,29,0.75,1,1,1,0,0,1,1,1,1,1,1,0,1,1,1,1,0,0,1,1,0,1,1,1,0,1,0
152.55,12.81,19.32,2.23,6.91,1.39,20.55,451.93,54.78,2.19,1.53,37,0.61,1,1,1,0,0,1,1,1,1,1,1,0,1,1,1,0,0,1,1,1,0,1,1,1,0,1,0
126.62,13.87,15.56,0.78,11.25,3.26,5.79,379.25,71.77,3.2,2.19,37,0.54,1,1,1,0,0,1,1,1,1,1,1,0,1,1,1,1,0,0,1,1,0,1,1,1,0,1,0
95.09,13.11,17.83,2.03,10.82,2.69,38.34,415.47,61.33,4.43,2.18,38,0.02,1,1,1,0,0,1,1,1,1,1,1,0,1,1,1,1,0,0,1,1,0,1,1,1,0,1,0
90.27,8.04,20.28,2.55,10.79,1.8,16.0,306.83,60.35,3.49,2.75,26,0.82,1,1,1,0,0,1,1,1,1,1,1,0,1,1,1,1,0,0,1,1,0,1,1,1,0,1,0
149.99,9.74,16.16,1.31,7.38,1.87,39.75,268.88,89.65,3.28,3.38,34,0.79,1,1,1,0,0,1,1,1,1,1,1,0,1,1,1,1,0,1,1,1,0,1,1,1,0,1,0
91.21,10.95,26.15,1.42,6.02,1.03,23.75,288.75,79.87,4.13,1.71,37,0.24,1,1,1,0,0,1,1,1,1,1,1,0,1,1,1,1,0,1,1,1,0,1,1,1,0,1,0
155.69,7.54,16.47,1.71,11.17,2.43,49.76,419.79,44.44,4.98,2.63,33,0.11,1,1,1,0,0,1,1,1,1,1,1,0,1,1,1,1,0,0,1,1,0,1,1,1,0,1,0
126.28,11.29,17.26,2.89,7.05,1.53,46.18,366.3,43.79,3.79,3.41,29,0.29,1,1,1,0,0,1,1,1,1,1,1,0,1,1,1,1,0,1,1,1,0,1,1,1,0,1,0
145.5,14.15,27.68,0.7,11.29,1.98,10.08,467.51,78.17,2.49,2.72,32,0.16,1,1,1,0,0,1,1,1,1,1,1,0,1,1,1,0,0,0,1,1,0,1,1,1,0,1,0
91.05,8.81,22.65,0.41,8.56,2.66,31.95,318.6,64.0,4.34,4.76,38,0.85,1,1,1,0,0,1,1,1,1,1,1,0,1,1,1,1,0,0,1,1,0,1,1,1,0,1,0
128.54,13.43,18.95,1.2,7.9,2.4,17.85,490.4,58.77,2.29,3.11,37,0.58,1,1,1,0,0,1,1,1,1,1,1,0,1,1,1,0,0,1,1,1,0,1,1,1,0,1,0
133.95,9.29,21.96,2.37,10.91,3.87,42.09,391.21,50.78,2.3,1.22,35,0.8,1,1,1,0,0,1,1,1,1,1,1,0,1,1,1,0,0,0,1,1,0,1,1,1,0,1,0
123.4,7.18,18.06,2.8,11.16,3.13,26.7,380.08,98.51,4.9,1.86,26,0.06,1,1,1,0,0,1,1,1,1,1,1,0,1,1,1,1,0,0,1,1,0,1,1,1,0,1,0
126.23,7.12,27.51,0.87,11.12,2.16,19.54,483.79,61.8,3.17,1.42,35,0.16,1,1,1,0,0,1,1,1,1,1,1,0,1,1,1,1,0,0,1,1,0,1,1,1,0,1,0
157.76,14.23,17.17,0.36,6.51,3.73,13.71,354.07,66.93,3.8,1.29,34,0.43,1,1,1,0,0,1,1,1,1,1,1,0,1,1,1,1,0,1,1,1,0,1,1,1,0,1,0
117.03,12.21,22.83,0.32,9.05,3.21,49.64,407.29,62.22,2.68,4.49,39,0.08,1,1,1,0,0,1,1,1,1,1,1,0,1,1,1,1,0,0,1,1,0,1,1,1,0,1,0
127.27,8.73,20.11,0.54,9.47,3.87,27.64,270.73,77.2,3.02,4.42,33,0.48,1,1,1,0,0,1,1,1,1,1,1,0,1,1,1,1,0,0,1,1,0,1,1,1,0,1,0
102.64,10.37,24.15,0.09,6.06,1.23,29.1,463.61,40.29,4.81,1.43,25,0.15,1,1,1,0,0,1,1,1,1,1,1,0,1,1,1,1,0,1,1,1,0,1,1,1,0,1,0
125.7,10.15,26.71,2.79,8.3,2.48,45.33,451.68,40.22,2.96,2.69,39,0.68,1,1,1,0,0,1,1,1,1,1,1,0,1,1,1,1,0,0,1,1,0,1,1,1,0,1,0
150.12,11.66,24.92,2.3,8.14,1.82,41.05,344.29,94.2,2.21,1.23,28,0.22,1,1,1,0,0,1,1,1,1,1,1,0,1,1,1,0,0,0,1,1,0,1,1,1,0,1,0
110.43,7.55,19.93,2.73,9.69,2.24,47.05,262.12,52.62,3.7,3.46,37,0.66,1,1,1,0,0,1,1,1,1,1,1,0,1,1,1,1,0,0,1,1,0,1,1,1,0,1,0
116.76,8.54,24.39,2.59,9.92,2.53,12.15,263.36,66.74,2.15,3.28,26,0.5,1,1,1,0,0,1,1,1,1,1,1,0,1,1,1,0,0,0,1,1,0,1,1,1,0,1,0
111.7,13.31,26.27,2.02,6.28,2.7,39.35,284.13,53.72,4.65,1.08,26,0.24,1,1,1,0,0,1,1,1,1,1,1,0,1,1,1,1,0,1,1,1,0,1,1,1,0,1,0
153.59,6.84,21.09,2.66,9.85,2.24,18.18,343.77,70.54,2.96,4.88,36,0.64,1,1,1,0,0,1,1,1,1,1,1,0,1,1,1,1,0,0,1,1,0,1,1,1,0,1,0
110.87,7.14,25.95,1.09,9.96,2.41,13.95,400.42,43.64,3.24,3.19,35,0.17,1,1,1,0,0,1,1,1,1,1,1,0,1,1,1,1,0,0,1,1,0,1,1,1,0,1,0
116.53,9.18,16.72,2.02,9.05,3.16,20.87,331.43,68.35,4.63,1.16,32,0.16,1,1,1,0,0,1,1,1,1,1,1,0,1,1,1,1,0,0,1,1,0,1,1,1,0,1,0
92.17,14.52,18.13,0.72,6.5,3.79,31.09,416.76,94.69,3.04,3.49,35,0.66,1,1,1,0,0,1,1,1,1,1,1,0,1,1,1,1,0,1,1,1,0,1,1,1,0,1,0
117.44,9.32,23.97,1.16,8.08,3.51,9.56,418.97,54.92,2.05,1.67,34,0.19,1,1,1,0,0,1,1,1,1,1,1,0,1,1,1,0,0,0,1,1,0,1,1,1,0,1,0
125.3,13.79,18.14,0.24,8.14,3.24,29.78,454.2,97.58,4.38,3.42,37,0.08,1,1,1,0,0,1,1,1,1,1,1,0,1,1,1,1,0,0,1,1,0,1,1,1,0,1,0
141.29,11.55,15.04,0.03,10.85,1.78,33.63,363.55,91.81,4.75,4.99,40,0.54,1,1,1,0,0,1,1,1,1,1,1,0,1,1,1,1,0,0,1,1,0,1,1,1,0,1,0
136.45,13.06,20.13,1.94,6.9,3.8,22.24,432.38,41.22,2.62,2.95,32,0.83,1,1,1,0,0,1,1,1,1,1,1,0,1,1,1,1,0,1,1,1,0,1,1,1,0,1,0
111.19,10.21,18.55,1.39,11.33,2.37,30.02,350.99,67.61,2.05,2.13,40,0.78,1,1,1,0,0,1,1,1,1,1,1,0,1,1,1,0,0,0,1,1,0,1,1,1,0,1,0
99.17,11.41,15.45,1.49,6.93,1.55,21.43,358.11,77.39,2.22,3.01,25,0.06,1,1,1,0,0,1,1,1,1,1,1,0,1,1,1,0,0,1,1,1,0,1,1,1,0,1,0
154.48,13.87,22.42,0.03,7.55,2.22,25.7,324.42,41.98,3.77,3.1,30,0.31,1,1,1,0,0,1,1,1,1,1,1,0,1,1,1,1,0,1,1,1,0,1,1,1,0,1,0
96.01,6.82,27.0,2.07,6.76,2.07,31.66,458.89,42.62,2.71,4.56,32,0.32,1,1,1,0,0,1,1,1,1,1,1,0,1,1,1,1,0,1,1,1,0,1,1,1,0,1,0
159.88,14.97,17.49,0.94,8.92,2.99,28.76,492.36,83.44,2.64,1.42,35,0.19,1,1,1,0,0,1,1,1,1,1,1,0,1,1,1,1,0,0,1,1,0,1,1,1,0,1,0
126.2,14.17,25.46,0.2,10.16,2.72,45.84,280.62,72.04,4.64,2.64,38,0.77,1,1,1,0,0,1,1,1,1,1,1,0,1,1,1,1,0,0,1,1,0,1,1,1,0,1,0
94.89,10.31,17.24,2.26,11.47,2.66,28.72,440.99,40.3,4.75,1.79,39,0.67,1,1,1,0,0,1,1,1,1,1,1,0,1,1,1,1,0,0,1,1,0,1,1,1,0,1,0
98.84,14.51,16.72,2.32,7.59,3.8,37.4,438.45,53.14,3.33,3.47,28,0.66,1,1,1,0,0,1,1,1,1,1,1,0,1,1,1,1,0,1,1,1,0,1,1,1,0,1,0
106.75,8.52,25.67,1.75,9.05,1.96,37.89,321.93,84.22,2.21,4.46,37,0.7,1,1,1,0,0,1,1,1,1,1,1,0,1,1,1,0,0,0,1,1,0,1,1,1,0,1,0
139.78,6.47,26.18,1.37,7.57,1.73,26.74,471.71,62.7,4.25,1.39,34,0.96,1,1,1,0,0,1,1,1,1,1,1,0,1,1,1,1,0,1,1,1,0,1,1,1,0,1,0
135.68,10.1,20.17,0.97,11.89,1.4,19.17,371.37,68.68,3.41,1.7,33,0.5,1,1,1,0,0,1,1,1,1,1,1,0,1,1,1,1,0,0,1,1,0,1,1,1,0,1,0
132.35,11.04,21.32,1.51,7.06,3.44,29.38,282.77,85.97,4.8,4.79,32,0.64,1,1,1,0,0,1,1,1,1,1,1,0,1,1,1,1,0,1,1,1,0,1,1,1,0,1,0
151.25,6.74,26.9,0.88,8.94,2.32,39.21,355.08,96.61,4.71,4.49,37,0.51,1,1,1,0,0,1,1,1,1,1,1,0,1,1,1,1,0,0,1,1,0,1,1,1,0,1,0
100.32,11.5,22.35,2.14,11.63,3.74,47.57,311.18,47.89,2.91,4.58,32,0.86,1,1,1,0,0,1,1,1,1,1,1,0,1,1,1,1,0,0,1,1,0,1,1,1,0,1,0
128.25,11.13,19.46,1.68,6.44,3.29,17.81,471.9,62.07,2.43,3.78,38,0.66,1,1,1,0,0,1,1,1,1,1,1,0,1,1,1,0,0,1,1,1,0,1,1,1,0,1,0
120.38,13.37,26.77,0.36,9.19,1.85,7.12,417.14,91.77,2.49,4.25,37,0.44,1,1,1,0,0,1,1,1,1,1,1,0,1,1,1,0,0,0,1,1,0,1,1,1,0,1,0
148.32,14.36,23.17,1.18,7.52,3.95,49.24,481.24,87.14,2.98,4.27,30,0.0,1,1,1,0,0,1,1,1,1,1,1,0,1,1,1,1,0,1,1,1,0,1,1,1,0,1,0
146.41,6.71,17.49,1.16,8.91,2.06,19.43,490.98,78.49,2.07,2.72,26,0.66,1,1,1,0,0,1,1,1,1,1,1,0,1,1,1,0,0,0,1,1,0,1,1,1,0,1,0
120.21,12.87,27.9,1.98,6.3,1.31,44.65,381.87,89.49,4.57,4.71,25,0.95,1,1,1,0,0,1,1,1,1,1,1,0,1,1,1,1,0,1,1,1,0,1,1,1,0,1,0
148.97,12.5,16.01,0.32,8.96,1.48,49.02,289.63,69.25,3.09,3.56,32,0.63,1,1,1,0,0,1,1,1,1,1,1,0,1,1,1,1,0,0,1,1,0,1,1,1,0,1,0
110.5,9.36,23.71,0.22,7.54,3.14,26.6,350.6,49.09,3.33,4.08,35,0.36,1,1,1,0,0,1,1,1,1,1,1,0,1,1,1,1,0,1,1,1,0,1,1,1,0,1,0
94.65,14.9,15.51,1.96,8.66,3.85,16.07,383.02,68.94,4.11,1.27,35,0.74,1,1,1,0,0,1,1,1,1,1,1,0,1,1,1,1,0,0,1,1,0,1,1,1,0,1,0
136.31,8.13,16.27,1.73,9.32,1.57,7.53,270.18,99.57,4.35,4.69,28,0.65,1,1,1,0,0,1,1,1,1,1,1,0,1,1,1,1,0,0,1,1,0,1,1,1,0,1,0
127.35,14.5,20.15,2.08,8.94,2.54,17.05,363.74,68.25,4.12,4.76,29,0.65,1,1,1,0,0,1,1,1,1,1,1,0,1,1,1,1,0,0,1,1,0,1,1,1,0,1,0
90.95,7.46,27.8,0.23,10.07,1.53,37.25,426.5,54.05,2.81,3.62,35,0.85,1,1,1,0,0,1,1,1,1,1,1,0,1,1,1,1,0,0,1,1,0,1,1,1,0,1,0
123.61,9.36,21.41,1.74,7.13,3.7,35.34,408.32,45.97,3.81,1.48,31,0.16,1,1,1,0,0,1,1,1,1,1,1,0,1,1,1,1,0,1,1,1,0,1,1,1,0,1,0
115.39,8.26,23.88,2.05,9.01,3.33,42.86,394.94,77.14,2.85,4.58,35,0.29,1,1,1,0,0,1,1,1,1,1,1,0,1,1,1,1,0,0,1,1,0,1,1,1,0,1,0
119.67,11.85,15.32,2.43,9.22,1.83,7.77,290.62,93.7,4.06,2.0,26,0.63,1,1,1,0,0,1,1,1,1,1,1,0,1,1,1,1,0,0,1,1,0,1,1,1,0,1,0
100.54,10.22,21.56,1.76,9.08,2.49,19.97,267.8,45.37,3.3,2.42,25,0.83,1,1,1,0,0,1,1,1,1,1,1,0,1,1,1,1,0,0,1,1,0,1,1,1,0,1,0
123.97,10.89,18.96,0.55,6.52,3.14,13.83,422.52,63.42,3.25,2.88,28,0.53,1,1,1,0,0,1,1,1,1,1,1,0,1,1,1,1,0,1,1,1,0,1,1,1,0,1,0
141.4,6.5,26.54,2.11,7.3,1.55,24.42,454.39,90.58,3.56,4.44,33,0.28,1,1,1,0,0,1,1,1,1,1,1,0,1,1,1,1,0,1,1,1,0,1,1,1,0,1,0
98.92,11.75,15.98,0.4,9.87,2.02,36.86,389.36,55.36,3.95,1.47,29,0.89,1,1,1,0,0,1,1,1,1,1,1,0,1,1,1,1,0,0,1,1,0,1,1,1,0,1,0
122.11,12.09,21.46,0.28,7.74,3.95,48.23,330.12,99.78,4.54,3.44,35,0.37,1,1,1,0,0,1,1,1,1,1,1,0,1,1,1,1,0,1,1,1,0,1,1,1,0,1,0
116.14,9.45,25.88,1.95,9.69,2.0,41.81,259.59,92.25,3.54,2.59,37,0.85,1,1,1,0,0,1,1,1,1,1,1,0,1,1,1,1,0,0,1,1,0,1,1,1,0,1,0
99.81,10.9,15.1,0.29,6.33,3.18,8.65,429.11,54.98,4.63,4.25,32,0.6,1,1,1,0,0,1,1,1,1,1,1,0,1,1,1,1,0,1,1,1,0,1,1,1,0,1,0
146.52,6.98,20.16,1.01,9.42,3.58,8.53,268.14,91.02,2.64,3.68,28,0.51,1,1,1,0,0,1,1,1,1,1,1,0,1,1,1,1,0,0,1,1,0,1,1,1,0,1,0
158.01,8.49,25.3,0.68,10.09,1.76,44.77,390.37,51.16,2.67,2.98,32,0.11,1,1,1,0,0,1,1,1,1,1,1,0,1,1,1,1,0,0,1,1,0,1,1,1,0,1,0
132.66,13.39,18.71,0.72,10.72,1.17,21.62,376.45,73.62,4.19,2.42,27,0.72,1,1,1,0,0,1,1,1,1,1,1,0,1,1,1,1,0,0,1,1,0,1,1,1,0,1,0
109.18,13.61,20.56,0.82,8.3,3.51,11.69,364.04,69.54,2.11,1.78,32,0.4,1,1,1,0,0,1,1,1,1,1,1,0,1,1,1,0,0,0,1,1,0,1,1,1,0,1,0
117.56,7.73,15.8,1.77,11.94,1.5,7.1,444.88,55.16,4.49,3.82,27,0.57,1,1,1,0,0,1,1,1,1,1,1,0,1,1,1,1,0,0,1,1,0,1,1,1,0,1,0
125.04,13.7,21.9,0.77,10.05,2.63,15.49,393.41,89.29,2.09,3.52,31,0.72,1,1,1,0,0,1,1,1,1,1,1,0,1,1,1,0,0,0,1,1,0,1,1,1,0,1,0
125.02,14.05,26.96,0.17,10.92,1.11,21.52,385.57,48.89,4.24,1.03,38,0.22,1,1,1,0,0,1,1,1,1,1,1,0,1,1,1,1,0,0,1,1,0,1,1,1,0,1,0
155.28,10.39,23.2,2.2,8.23,3.16,35.42,426.41,69.35,3.15,1.89,37,0.52,1,1,1,0,0,1,1,1,1,1,1,0,1,1,1,1,0,0,1,1,0,1,1,1,0,1,0
95.19,7.73,25.92,2.17,11.37,1.35,49.56,302.35,40.71,4.99,2.12,32,0.18,1,1,1,0,0,1,1,1,1,1,1,0,1,1,1,1,0,0,1,1,0,1,1,1,0,1,0
145.06,8.81,26.89,2.52,11.09,3.31,44.64,451.44,76.15,2.89,4.55,40,0.4,1,1,1,0,0,1,1,1,1,1,1,0,1,1,1,1,0,0,1,1,0,1,1,1,0,1,0
107.17,10.04,19.17,2.23,11.83,2.31,43.75,391.47,49.43,4.07,3.05,26,0.37,1,1,1,0,0,1,1,1,1,1,1,0,1,1,1,1,0,0,1,1,0,1,1,1,0,1,0
100.19,9.65,16.46,1.73,6.25,2.58,44.89,459.47,92.97,4.77,1.42,37,0.06,1,1,1,0,0,1,1,1,1,1,1,0,1,1,1,1,0,1,1,1,0,1,1,1,0,1,0
91.67,10.05,19.32,1.31,7.58,1.49,36.01,378.64,52.01,2.96,3.37,32,0.02,1,1,1,0,0,1,1,1,1,1,1,0,1,1,1,1,0,1,1,1,0,1,1,1,0,1,0
152.33,11.12,25.55,2.42,7.14,1.33,37.46,289.11,91.0,4.18,4.37,29,0.5,1,1,1,0,0,1,1,1,1,1,1,0,1,1,1,1,0,1,1,1,0,1,1,1,0,1,0
115.03,8.5,23.36,2.08,11.23,2.03,39.64,390.34,92.97,3.58,3.07,34,0.93,1,1,1,0,0,1,1,1,1,1,1,0,1,1,1,1,0,0,1,1,0,1,1,1,0,1,0
126.59,8.62,18.47,2.79,7.03,2.74,30.0,434.91,69.95,2.82,1.68,36,0.31,1,1,1,0,0,1,1,1,1,1,1,0,1,1,1,1,0,1,1,1,0,1,1,1,0,1,0
148.65,6.65,26.45,0.77,9.56,3.81,35.52,353.61,81.37,3.03,2.11,25,0.1,1,1,1,0,0,1,1,1,1,1,1,0,1,1,1,1,0,0,1,1,0,1,1,1,0,1,0
92.35,11.04,24.03,2.39,8.04,1.02,26.58,253.96,45.52,2.98,2.75,38,0.45,1,1,1,0,0,1,1,1,1,1,1,0,1,1,1,1,0,0,1,1,0,1,1,1,0,1,0
95.07,14.59,17.9,2.77,8.56,3.96,29.93,482.71,40.32,4.24,4.61,32,0.05,1,1,1,0,0,1,1,1,1,1,1,0,1,1,1,1,0,0,1,1,0,1,1,1,0,1,0
119.51,12.37,21.01,2.42,7.08,3.88,22.33,335.39,92.48,3.69,3.07,27,0.67,1,1,1,0,0,1,1,1,1,1,1,0,1,1,1,1,0,1,1,1,0,1,1,1,0,1,0
95.51,11.43,17.13,2.21,7.81,2.39,31.97,292.82,84.5,2.91,3.65,33,0.45,1,1,1,0,0,1,1,1,1,1,1,0,1,1,1,1,0,1,1,1,0,1,1,1,0,1,0
147.07,14.0,21.75,1.7,10.02,3.88,32.12,389.87,40.87,2.24,3.31,35,0.71,1,1,1,0,0,1,1,1,1,1,1,0,1,1,1,0,0,0,1,1,0,1,1,1,0,1,0
136.16,11.62,18.67,1.13,6.62,3.16,27.67,427.19,54.94,2.97,2.34,31,0.75,1,1,1,0,0,1,1,1,1,1,1,0,1,1,1,1,0,1,1,1,0,1,1,1,0,1,0
134.14,12.75,20.69,2.8,9.79,1.86,33.73,321.7,57.62,3.2,4.41,37,0.02,1,1,1,0,0,1,1,1,1,1,1,0,1,1,1,1,0,0,1,1,0,1,1,1,0,1,0
130.7,10.94,17.85,1.29,9.91,3.18,5.03,484.21,49.87,2.7,2.05,40,0.8,1,1,1,0,0,1,1,1,1,1,1,0,1,1,1,1,0,0,1,1,0,1,1,1,0,1,0
121.77,12.03,19.14,1.14,11.94,1.74,27.79,461.1,54.35,3.25,3.46,26,0.43,1,1,1,0,0,1,1,1,1,1,1,0,1,1,1,1,0,0,1,1,0,1,1,1,0,1,0
106.09,10.64,18.3,2.82,11.44,2.7,20.95,345.29,64.71,4.18,2.81,38,0.93,1,1,1,0,0,1,1,1,1,1,1,0,1,1,1,1,0,0,1,1,0,1,1,1,0,1,0
102.9,9.93,20.1,1.22,6.75,3.44,6.61,382.06,79.71,2.62,4.62,40,0.38,1,1,1,0,0,1,1,1,1,1,1,0,1,1,1,1,0,1,1,1,0,1,1,1,0,1,0
150.84,11.11,20.71,0.2,8.79,3.46,32.65,458.04,69.64,2.36,1.05,38,0.65,1,1,1,0,0,1,1,1,1,1,1,0,1,1,1,0,0,0,1,1,0,1,1,1,0,1,0
107.51,13.53,21.66,0.41,9.43,2.22,34.77,470.48,64.56,2.87,1.06,32,0.63,1,1,1,0,0,1,1,1,1,1,1,0,1,1,1,1,0,0,1,1,0,1,1,1,0,1,0
112.15,14.76,17.52,1.04,8.15,1.03,42.76,258.0,96.41,4.68,3.14,38,0.02,1,1,1,0,0,1,1,1,1,1,1,0,1,1,1,1,0,0,1,1,0,1,1,1,0,1,0
120.5,8.02,20.05,1.25,10.48,1.28,28.07,391.05,69.65,4.2,2.54,26,0.32,1,1,1,0,0,1,1,1,1,1,1,0,1,1,1,1,0,0,1,1,0,1,1,1,0,1,0
118.01,7.35,21.55,2.4,8.65,2.47,43.19,426.51,69.43,2.77,4.54,34,0.32,1,1,1,0,0,1,1,1,1,1,1,0,1,1,1,1,0,0,1,1,0,1,1,1,0,1,0
144.72,12.83,21.22,0.13,7.86,1.88,41.5,271.89,88.34,4.01,3.93,39,0.05,1,1,1,0,0,1,1,1,1,1,1,0,1,1,1,1,0,1,1,1,0,1,1,1,0,1,0
90.16,8.2,23.85,0.36,6.68,2.23,34.15,428.02,50.71,2.24,4.76,28,0.63,1,1,1,0,0,1,1,1,1,1,1,0,1,1,1,0,0,1,1,1,0,1,1,1,0,1,0
97.41,11.66,16.24,0.28,10.37,1.97,48.98,259.34,66.71,2.34,2.41,37,0.36,1,1,1,0,0,1,1,1,1,1,1,0,1,1,1,0,0,0,1,1,0,1,1,1,0,1,0
123.28,9.27,23.33,2.7,6.98,2.14,11.34,406.24,83.73,4.8,2.12,28,0.17,1,1,1,0,0,1,1,1,1,1,1,0,1,1,1,1,0,1,1,1,0,1,1,1,0,1,0
95.53,12.24,25.2,2.48,11.48,3.64,49.99,311.02,85.8,3.76,2.04,31,0.47,1,1,1,0,0,1,1,1,1,1,1,0,1,1,1,1,0,0,1,1,0,1,1,1,0,1,0
131.88,6.28,18.57,0.1,8.52,3.69,49.22,409.26,49.7,4.72,3.06,37,0.35,1,1,1,0,0,1,1,1,1,1,1,0,1,1,1,1,0,0,1,1,0,1,1,1,0,1,0
118.76,6.17,18.52,2.41,9.69,3.26,25.12,327.43,68.97,2.97,4.36,37,0.79,1,1,1,0,0,1,1,1,1,1,1,0,1,1,1,1,0,0,1,1,0,1,1,1,0,1,0
148.7,11.89,17.97,0.82,7.89,1.35,17.29,302.38,67.32,4.73,1.42,38,0.3,1,1,1,0,0,1,1,1,1,1,1,0,1,1,1,1,0,1,1,1,0,1,1,1,0,1,0
114.17,14.92,16.33,1.21,6.37,3.46,9.16,418.5,43.39,4.02,4.37,28,0.22,1,1,1,0,0,1,1,1,1,1,1,0,1,1,1,1,0,1,1,1,0,1,1,1,0,1,0
137.4,12.95,21.15,1.85,8.74,3.68,27.4,460.45,88.08,3.23,1.92,38,0.21,1,1,1,0,0,1,1,1,1,1,1,0,1,1,1,1,0,0,1,1,0,1,1,1,0,1,0
90.75,12.99,25.68,0.18,9.67,2.13,40.73,468.6,91.06,4.33,2.08,30,0.35,1,1,1,0,0,1,1,1,1,1,1,0,1,1,1,1,0,0,1,1,0,1,1,1,0,1,0
158.11,14.82,18.49,0.12,10.23,2.35,9.53,426.88,41.87,4.61,1.55,33,0.11,1,1,1,0,0,1,1,1,1,1,1,0,1,1,1,1,0,0,1,1,0,1,1,1,0,1,0
139.41,14.2,23.48,2.32,8.15,1.55,33.92,331.94,91.6,2.37,2.73,39,0.17,1,1,1,0,0,1,1,1,1,1,1,0,1,1,1,0,0,0,1,1,0,1,1,1,0,1,0
157.6,6.13,21.25,1.0,8.69,2.71,24.6,353.71,83.96,4.06,4.33,30,0.56,1,1,1,0,0,1,1,1,1,1,1,0,1,1,1,1,0,0,1,1,0,1,1,1,0,1,0
141.13,10.8,27.1,2.85,8.17,3.33,38.25,473.24,66.88,3.59,2.66,30,0.05,1,1,1,0,0,1,1,1,1,1,1,0,1,1,1,1,0,0,1,1,0,1,1,1,0,1,0
151.9,13.76,20.76,1.76,11.86,2.6,45.74,270.76,51.46,3.32,3.34,35,0.81,1,1,1,0,0,1,1,1,1,1,1,0,1,1,1,1,0,0,1,1,0,1,1,1,0,1,0
143.41,9.48,27.41,2.73,11.77,2.28,13.89,406.66,81.09,2.38,4.15,34,0.66,1,1,1,0,0,1,1,1,1,1,1,0,1,1,1,0,0,0,1,1,0,1,1,1,0,1,0
118.58,8.52,24.5,0.73,7.03,2.59,18.05,407.23,47.08,3.96,2.13,40,0.11,1,1,1,0,0,1,1,1,1,1,1,0,1,1,1,1,0,1,1,1,0,1,1,1,0,1,0
140.98,7.19,25.65,2.04,5.84,2.68,97.68,258.12,14.01,1.93,1.23,54,0.88,0,1,0,1,0,1,1,1,1,0,1,0,1,1,1,0,1,0,1,1,0,1,1,1,0,1,1
153.24,5.01,25.72,2.1,6.54,1.34,64.56,256.25,20.98,1.72,1.34,48,0.1,0,1,0,1,0,1,1,1,1,0,1,0,1,1,1,0,1,0,1,1,0,1,1,1,0,1,1
195.44,6.98,28.63,2.42,4.92,2.21,157.74,292.56,13.8,2.26,0.96,59,0.09,0,1,0,1,0,0,1,1,1,0,1,0,1,0,1,0,1,0,1,1,0,1,1,1,0,1,1
121.56,7.03,27.16,2.97,6.1,2.95,43.78,148.06,29.78,3.73,1.96,45,0.73,0,1,0,1,0,1,1,1,1,0,1,1,1,1,1,1,1,0,1,1,0,1,1,1,0,1,1
123.23,3.47,25.14,1.31,3.34,3.99,61.32,129.85,17.23,3.81,1.04,54,0.02,0,1,0,1,0,1,1,1,1,0,1,1,0,0,1,1,1,0,1,1,0,1,1,1,0,1,1
130.81,6.48,27.41,1.46,4.75,3.27,118.57,237.8,27.01,3.05,0.01,45,0.94,0,1,0,1,0,1,1,1,1,0,1,0,1,1,1,1,1,0,1,1,0,1,1,1,0,1,1
150.18,6.32,30.1,1.25,3.29,1.92,35.74,134.8,32.82,1.05,1.12,61,0.37,0,1,0,1,0,0,1,1,1,0,1,1,0,0,1,0,1,0,1,1,0,1,1,1,0,1,1
128.49,6.44,44.57,2.45,7.64,3.41,36.81,149.84,20.26,1.5,1.16,59,0.59,0,1,0,1,0,0,1,1,1,0,1,1,1,0,1,0,1,0,1,1,0,1,1,1,0,1,1
162.01,4.01,34.04,2.59,5.95,1.29,111.86,240.55,33.78,2.89,0.31,61,0.33,0,1,0,1,0,0,1,1,1,0,1,0,1,0,1,1,1,0,1,1,0,1,1,1,0,1,1
172.83,6.65,34.07,2.37,4.8,3.0,12.92,178.15,33.73,3.41,1.43,64,0.25,0,1,0,1,0,0,1,1,1,0,1,1,1,0,1,1,1,0,1,1,0,1,1,1,0,1,1
199.69,3.52,28.61,1.26,4.64,1.63,102.05,195.2,37.05,1.1,0.64,54,0.66,0,1,0,1,0,1,1,1,1,0,1,1,1,1,1,0,1,0,1,1,0,1,1,1,0,1,1
149.21,6.06,38.92,1.68,3.54,1.21,119.84,204.13,32.27,2.53,0.84,53,0.61,0,1,0,1,0,1,1,1,1,0,1,0,0,1,1,1,1,0,1,1,0,1,1,1,0,1,1
134.34,4.13,25.5,2.45,7.05,3.39,29.88,280.66,30.17,3.69,0.89,64,0.69,0,1,0,1,0,0,1,1,1,0,1,0,1,0,1,1,1,0,1,1,0,1,1,1,0,1,1
125.67,3.95,40.43,2.68,6.09,2.93,10.53,265.71,33.65,1.78,1.42,59,0.12,0,1,0,1,0,0,1,1,1,0,1,0,1,0,1,0,1,0,1,1,0,1,1,1,0,1,1
166.9,6.82,44.86,2.52,6.97,2.85,197.25,227.99,35.81,3.84,1.86,47,0.87,0,1,0,1,0,1,1,1,1,0,1,0,1,1,1,1,1,0,1,1,0,1,1,1,0,1,1
179.74,7.29,34.9,1.26,6.48,1.62,91.04,113.0,34.76,1.38,1.81,48,0.9,0,1,0,1,0,1,1,1,1,0,1,1,1,1,1,0,1,0,1,1,0,1,1,1,0,1,1
128.88,3.89,33.57,1.25,5.83,2.2,60.5,134.0,20.06,2.82,1.15,60,0.55,0,1,0,1,0,0,1,1,1,0,1,1,1,0,1,1,1,0,1,1,0,1,1,1,0,1,1
134.38,5.34,44.36,2.51,7.06,1.1,96.23,229.32,34.9,1.15,1.7,61,0.2,0,1,0,1,0,0,1,1,1,0,1,0,1,0,1,0,1,0,1,1,0,1,1,1,0,1,1
145.38,4.41,35.62,1.1,3.79,3.44,30.86,146.68,23.6,2.55,1.53,50,0.97,0,1,0,1,0,1,1,1,1,0,1,1,0,1,1,1,1,0,1,1,0,1,1,1,0,1,1
189.04,5.24,26.26,1.95,6.45,2.82,109.94,193.76,18.81,1.83,1.0,51,0.42,0,1,0,1,0,1,1,1,1,0,1,1,1,1,1,0,1,0,1,1,0,1,1,1,0,1,1
161.19,3.85,38.26,2.71,4.29,2.47,195.23,166.65,27.85,1.27,1.21,50,0.97,0,1,0,1,0,1,1,1,1,0,1,1,1,1,1,0,1,0,1,1,0,1,1,1,0,1,1
179.7,3.88,26.29,2.16,4.79,1.83,162.41,173.4,19.51,3.55,1.69,58,0.45,0,1,0,1,0,0,1,1,1,0,1,1,1,0,1,1,1,0,1,1,0,1,1,1,0,1,1
136.74,3.02,29.83,2.02,4.9,2.35,196.23,170.05,23.57,1.4,0.1,52,0.57,0,1,0,1,0,1,1,1,1,0,1,1,1,1,1,0,1,0,1,1,0,1,1,1,0,1,1
180.86,3.75,36.44,1.51,4.14,1.03,30.42,161.85,13.51,3.96,0.62,45,0.03,0,1,0,1,0,1,1,1,1,0,1,1,1,1,1,1,1,0,1,1,0,1,1,1,0,1,1
177.02,3.23,30.32,1.99,5.1,1.58,70.09,245.54,30.08,1.22,1.49,57,0.65,0,1,0,1,0,0,1,1,1,0,1,0,1,0,1,0,1,0,1,1,0,1,1,1,0,1,1
153.3,3.9,38.78,2.13,7.29,1.35,158.2,234.7,13.45,3.08,0.88,53,0.91,0,1,0,1,0,1,1,1,1,0,1,0,1,1,1,1,1,0,1,1,0,1,1,1,0,1,1
179.12,3.99,41.87,1.41,6.71,3.06,152.98,206.54,29.16,3.86,0.2,59,0.29,0,1,0,1,0,0,1,1,1,0,1,0,1,0,1,1,1,0,1,1,0,1,1,1,0,1,1
121.22,4.1,30.64,1.89,3.86,3.62,142.46,117.04,29.5,2.96,1.91,57,0.25,0,1,0,1,0,0,1,1,1,0,1,1,0,0,1,1,1,0,1,1,0,1,1,1,0,1,1
194.22,7.66,39.41,2.53,3.46,2.54,50.16,136.24,34.31,1.41,0.94,45,0.98,0,1,0,1,0,1,1,1,1,0,1,1,0,0,1,0,1,0,1,1,0,1,1,1,0,1,1
199.54,5.78,28.4,1.63,5.12,1.93,59.72,294.45,14.6,3.2,0.0,65,0.36,0,1,0,1,0,0,1,1,1,0,1,0,1,0,1,1,1,0,1,1,0,1,1,1,0,1,1
197.46,7.61,42.68,1.9,7.29,1.15,33.96,182.79,24.5,1.79,0.71,57,0.45,0,1,0,1,0,0,1,1,1,0,1,1,1,0,1,0,1,0,1,1,0,1,1,1,0,1,1
153.95,3.78,33.53,2.07,3.11,2.33,157.36,236.01,29.05,3.73,0.04,61,0.41,0,1,0,1,0,0,1,1,1,0,1,0,0,0,1,1,1,0,1,1,0,1,1,1,0,1,1
166.16,3.76,28.53,1.57,7.78,3.2,134.03,263.39,13.83,3.58,1.19,48,0.51,0,1,0,1,0,1,1,1,1,0,1,0,1,1,1,1,1,0,1,1,0,1,1,1,0,1,1
184.24,4.87,32.76,1.19,7.57,1.27,131.4,182.64,22.17,3.04,0.13,48,0.77,0,1,0,1,0,1,1,1,1,0,1,1,1,1,1,1,1,0,1,1,0,1,1,1,0,1,1
186.26,3.85,42.95,2.31,7.41,2.46,110.7,283.81,37.0,2.34,0.55,60,0.44,0,1,0,1,0,0,1,1,1,0,1,0,1,0,1,0,1,0,1,1,0,1,1,1,0,1,1
133.98,3.99,30.61,3.0,4.34,1.99,133.57,158.79,16.47,1.48,0.63,48,0.22,0,1,0,1,0,1,1,1,1,0,1,1,1,1,1,0,1,0,1,1,0,1,1,1,0,0,1
157.08,5.35,42.47,2.53,5.57,3.01,170.23,101.91,22.09,3.72,1.48,55,0.53,0,1,0,1,0,0,1,1,1,0,1,1,1,0,1,1,1,0,1,1,0,1,1,1,0,1,1
147.82,5.6,38.11,1.84,6.57,3.58,35.16,190.31,22.24,3.06,0.5,54,0.88,0,1,0,1,0,1,1,1,1,0,1,1,1,1,1,1,1,0,1,1,0,1,1,1,0,1,1
153.45,7.56,44.86,1.21,4.17,3.85,191.87,119.54,10.45,1.48,1.99,55,0.58,0,1,0,1,0,0,1,1,1,0,1,1,1,0,1,0,1,0,1,1,0,1,1,1,0,1,1
198.89,6.18,41.68,2.6,4.73,1.78,88.95,193.45,17.2,3.68,1.09,57,0.29,0,1,0,1,0,0,1,1,1,0,1,1,1,0,1,1,1,0,1,1,0,1,1,1,0,1,1
184.72,7.0,34.14,2.21,6.02,3.48,87.88,155.09,17.95,2.61,0.9,49,0.93,0,1,0,1,0,1,1,1,1,0,1,1,1,1,1,1,1,0,1,1,0,1,1,1,0,1,1
167.09,5.04,38.02,2.54,7.8,2.5,26.86,188.15,24.37,3.69,0.79,54,0.88,0,1,0,1,0,1,1,1,1,0,1,1,1,1,1,1,1,0,1,1,0,1,1,1,0,1,1
154.7,5.06,25.71,2.0,5.77,2.68,142.87,135.5,17.57,3.43,1.89,54,0.51,0,1,0,1,0,1,1,1,1,0,1,1,1,1,1,1,1,0,1,1,0,1,1,1,0,1,1
163.67,3.17,28.41,2.0,5.97,1.45,82.77,280.88,39.97,3.96,1.76,61,0.34,0,1,0,1,0,0,1,1,1,0,1,0,1,0,1,1,1,0,1,1,0,1,1,1,0,1,1
166.84,4.58,26.74,1.45,3.94,2.28,133.37,152.76,10.36,2.56,1.21,47,0.06,0,1,0,1,0,1,1,1,1,0,1,1,0,1,1,1,1,0,1,1,0,1,1,1,0,1,1
193.08,5.08,34.19,1.7,6.14,3.35,131.39,249.64,37.18,3.59,1.35,55,0.72,0,1,0,1,0,0,1,1,1,0,1,0,1,0,1,1,1,0,1,1,0,1,1,1,0,1,1
184.48,4.45,38.28,1.85,7.45,3.54,107.46,238.3,36.5,2.49,0.63,65,0.7,0,1,0,1,0,0,1,1,1,0,1,0,1,0,1,0,1,0,1,1,0,1,1,1,0,1,1
178.13,7.71,41.64,2.25,6.33,1.64,133.18,184.94,14.59,3.42,1.02,64,0.39,0,1,0,1,0,0,1,1,1,0,1,1,1,0,1,1,1,0,1,1,0,1,1,1,0,1,1
198.57,4.96,26.6,1.18,5.95,2.8,86.66,186.37,11.62,2.55,1.01,64,0.76,0,1,0,1,0,0,1,1,1,0,1,1,1,0,1,1,1,0,1,1,0,1,1,1,0,1,1
158.46,7.66,39.16,2.5,3.98,3.33,167.26,172.25,16.4,2.16,1.48,60,0.74,0,1,0,1,0,0,1,1,1,0,1,1,0,0,1,0,1,0,1,1,0,1,1,1,0,1,1
129.09,7.03,30.06,1.5,5.95,1.21,10.13,152.21,26.14,3.72,1.69,56,0.54,0,1,0,1,0,0,1,1,1,0,1,1,1,0,1,1,1,0,1,1,0,1,1,1,0,1,1
176.38,4.7,27.22,1.56,6.86,2.05,163.34,163.9,14.91,2.31,0.9,65,0.12,0,1,0,1,0,0,1,1,1,0,1,1,1,0,1,0,1,0,1,1,0,1,1,1,0,1,1
134.79,3.57,31.83,2.93,5.55,2.88,74.5,164.7,10.69,2.5,0.97,63,0.49,0,1,0,1,0,0,1,1,1,0,1,1,1,0,1,1,1,0,1,1,0,1,1,1,0,1,1
147.12,3.73,36.04,2.51,4.41,1.66,106.78,131.07,30.0,2.82,0.17,58,0.35,0,1,0,1,0,0,1,1,1,0,1,1,1,0,1,1,1,0,1,1,0,1,1,1,0,1,1
172.37,6.55,36.72,1.71,5.89,2.03,21.36,298.56,13.82,1.22,1.76,54,0.42,0,1,0,1,0,1,1,1,1,0,1,0,1,1,1,0,1,0,1,1,0,1,1,1,0,1,1
150.83,5.67,41.84,2.17,3.31,2.97,6.61,255.99,30.0,1.93,0.58,52,0.92,0,1,0,1,0,1,1,1,1,0,1,0,0,0,1,0,1,0,1,1,0,1,1,1,0,1,1
123.93,5.87,42.07,1.48,7.38,1.06,147.83,286.62,29.72,2.32,0.09,49,0.53,0,1,0,1,0,1,1,1,1,0,1,0,1,1,1,0,1,0,1,1,0,1,1,1,0,1,1
159.73,3.72,43.41,1.88,7.97,2.26,123.55,120.95,23.63,1.72,1.67,58,0.62,0,1,0,1,0,0,1,1,1,0,1,1,1,0,1,0,1,0,1,1,0,1,1,1,0,1,1
121.02,6.48,33.36,2.13,6.25,2.05,183.83,126.79,30.15,1.01,1.85,55,0.09,0,1,0,1,0,0,1,1,1,0,1,1,1,0,1,0,1,0,1,1,0,1,1,1,0,1,1
146.64,4.87,29.29,2.17,5.21,1.1,67.33,262.09,30.69,3.17,1.4,59,0.4,0,1,0,1,0,0,1,1,1,0,1,0,1,0,1,1,1,0,1,1,0,1,1,1,0,1,1
134.78,4.98,28.49,2.7,4.49,2.8,103.05,110.38,38.27,2.58,0.65,46,0.91,0,1,0,1,0,1,1,1,1,0,1,1,1,1,1,1,1,0,1,1,0,1,1,1,0,1,1
182.44,6.78,37.13,2.25,6.19,2.89,112.98,297.28,31.97,3.33,1.74,54,0.02,0,1,0,1,0,1,1,1,1,0,1,0,1,1,1,1,1,0,1,1,0,1,1,1,0,1,1
186.46,3.72,44.49,2.21,6.67,1.33,173.11,267.84,29.59,2.51,1.44,58,0.16,0,1,0,1,0,0,1,1,1,0,1,0,1,0,1,1,1,0,1,1,0,1,1,1,0,1,1
129.88,7.9,32.87,1.45,3.86,3.0,123.84,228.71,12.64,3.68,0.78,46,0.76,0,1,0,1,0,1,1,1,1,0,1,0,0,1,1,1,1,0,1,1,0,1,1,1,0,1,1
197.15,3.57,31.29,2.62,4.33,1.65,165.95,297.42,26.71,1.83,0.8,46,0.56,0,1,0,1,0,1,1,1,1,0,1,0,1,1,1,0,1,0,1,1,0,1,1,1,0,1,1
147.14,4.61,37.9,2.7,6.05,3.56,56.6,203.9,23.52,1.03,1.11,61,0.59,0,1,0,1,0,0,1,1,1,0,1,0,1,0,1,0,1,0,1,1,0,1,1,1,0,1,1
178.9,5.86,26.34,1.23,5.98,1.82,20.53,185.92,26.63,1.99,1.44,51,0.37,0,1,0,1,0,1,1,1,1,0,1,1,1,1,1,0,1,0,1,1,0,1,1,1,0,1,1
140.99,6.8,40.47,1.91,6.06,2.12,141.88,267.14,30.65,2.54,0.92,63,0.68,0,1,0,1,0,0,1,1,1,0,1,0,1,0,1,1,1,0,1,1,0,1,1,1,0,1,1
164.7,6.12,26.93,2.9,6.95,2.12,114.75,109.46,11.24,1.75,1.38,59,0.63,0,1,0,1,0,0,1,1,1,0,1,1,1,0,1,0,1,0,1,1,0,1,1,1,0,1,1
147.25,4.51,36.56,2.0,5.9,1.86,76.56,116.78,11.57,1.76,0.15,50,0.81,0,1,0,1,0,1,1,1,1,0,1,1,1,1,1,0,1,0,1,1,0,1,1,1,0,1,1
123.11,6.29,30.45,2.74,5.42,1.92,105.94,176.39,26.93,1.34,1.99,51,0.35,0,1,0,1,0,1,1,1,1,0,1,1,1,1,1,0,1,0,1,1,0,1,1,1,0,1,1
176.82,4.82,41.67,1.91,6.6,1.32,169.99,247.14,16.35,1.44,0.63,62,0.26,0,1,0,1,0,0,1,1,1,0,1,0,1,0,1,0,1,0,1,1,0,1,1,1,0,1,1
156.49,3.15,32.94,2.14,7.77,2.55,164.73,209.43,11.22,1.95,1.15,61,0.36,0,1,0,1,0,0,1,1,1,0,1,0,1,0,1,0,1,0,1,1,0,1,1,1,0,1,1
195.33,6.56,30.91,2.16,7.72,3.44,149.66,247.4,15.34,3.47,0.55,56,0.03,0,1,0,1,0,0,1,1,1,0,1,0,1,0,1,1,1,0,1,1,0,1,1,1,0,1,1
130.54,7.43,40.03,1.85,5.59,2.11,149.45,256.84,32.9,3.17,0.41,50,0.47,0,1,0,1,0,1,1,1,1,0,1,0,1,1,1,1,1,0,1,1,0,1,1,1,0,1,1
146.46,6.77,31.59,1.28,5.0,3.94,49.05,222.43,22.99,1.21,0.98,52,0.51,0,1,0,1,0,1,1,1,1,0,1,0,1,1,1,0,1,0,1,1,0,1,1,1,0,1,1
189.77,4.44,26.72,2.87,4.89,2.73,159.44,164.86,31.48,1.41,0.58,61,0.8,0,1,0,1,0,0,1,1,1,0,1,1,1,0,1,0,1,0,1,1,0,1,1,1,0,1,1
154.62,5.47,30.31,2.41,7.01,1.72,13.16,224.78,26.88,2.21,1.29,56,0.25,0,1,0,1,0,0,1,1,1,0,1,0,1,0,1,0,1,0,1,1,0,1,1,1,0,1,1
151.82,5.14,42.6,2.92,7.47,3.16,119.07,237.85,38.17,1.75,1.07,58,0.27,0,1,0,1,0,0,1,1,1,0,1,0,1,0,1,0,1,0,1,1,0,1,1,1,0,1,1
182.13,5.76,38.22,1.65,5.41,2.85,83.96,139.67,38.85,2.53,1.47,47,0.42,0,1,0,1,0,1,1,1,1,0,1,1,1,1,1,1,1,0,1,1,0,1,1,1,0,1,1
160.65,3.31,41.68,2.57,3.93,2.9,164.57,228.17,19.31,2.97,0.42,61,0.24,0,1,0,1,0,0,1,1,1,0,1,0,0,0,1,1,1,0,1,1,0,1,1,1,0,1,1
164.55,3.54,43.67,1.67,4.09,2.49,59.01,206.98,20.46,1.4,0.53,58,0.86,0,1,0,1,0,0,1,1,1,0,1,0,1,0,1,0,1,0,1,1,0,1,1,1,0,1,1
122.55,3.38,30.48,1.4,4.16,3.39,114.81,101.15,22.88,2.22,0.23,61,0.67,0,1,0,1,0,0,1,1,1,0,1,1,1,0,1,0,1,0,1,1,0,1,1,1,0,1,1
156.76,7.96,29.54,1.62,7.92,3.5,96.61,210.92,35.3,2.44,0.41,56,0.54,0,1,0,1,0,0,1,1,1,0,1,0,1,0,1,0,1,0,1,1,0,1,1,1,0,1,1
132.24,5.53,33.26,2.75,3.63,3.63,104.88,180.87,14.86,3.1,1.85,47,0.58,0,1,0,1,0,1,1,1,1,0,1,1,0,1,1,1,1,0,1,1,0,1,1,1,0,1,1
192.71,7.71,26.29,1.8,3.12,1.99,109.69,282.16,35.4,1.38,0.19,47,0.39,0,1,0,1,0,1,1,1,1,0,1,0,0,0,1,0,1,0,1,1,0,1,1,1,0,1,1
143.31,7.11,34.03,2.0,5.6,2.35,54.94,124.07,12.96,3.27,0.45,47,0.73,0,1,0,1,0,1,1,1,1,0,1,1,1,1,1,1,1,0,1,1,0,1,1,1,0,1,1
149.37,3.09,27.01,1.99,6.45,2.0,140.62,239.73,31.12,2.48,1.83,58,0.27,0,1,0,1,0,0,1,1,1,0,1,0,1,0,1,0,1,0,1,1,0,1,1,1,0,1,1
162.75,7.16,33.04,2.43,7.38,1.65,162.4,251.48,20.71,3.97,0.53,64,0.45,0,1,0,1,0,0,1,1,1,0,1,0,1,0,1,1,1,0,1,1,0,1,1,1,0,1,1
160.55,6.44,37.67,2.62,3.22,1.89,59.63,129.2,18.68,1.93,1.04,60,0.38,0,1,0,1,0,0,1,1,1,0,1,1,0,0,1,0,1,0,1,1,0,1,1,1,0,1,1
177.56,4.68,30.81,2.08,3.12,1.24,86.5,288.58,31.65,1.26,1.69,48,0.64,0,1,0,1,0,1,1,1,1,0,1,0,0,0,1,0,1,0,1,1,0,1,1,1,0,1,1
168.74,5.34,37.53,2.59,7.85,2.4,116.86,188.96,30.05,2.89,0.04,47,0.94,0,1,0,1,0,1,1,1,1,0,1,1,1,1,1,1,1,0,1,1,0,1,1,1,0,1,1
127.88,4.33,34.9,2.69,5.53,3.24,32.1,150.48,31.95,1.49,0.7,49,0.35,0,1,0,1,0,1,1,1,1,0,1,1,1,1,1,0,1,0,1,1,0,1,1,1,0,1,1
176.67,4.84,36.11,1.2,7.03,2.11,131.46,245.08,16.29,3.65,1.23,62,0.46,0,1,0,1,0,0,1,1,1,0,1,0,1,0,1,1,1,0,1,1,0,1,1,1,0,1,1
125.95,7.89,41.87,1.36,7.52,2.02,78.54,281.28,25.9,1.41,0.74,65,0.59,0,1,0,1,0,0,1,1,1,0,1,0,1,0,1,0,1,0,1,1,0,1,1,1,0,1,1
175.62,4.72,38.88,2.77,5.36,2.15,53.98,220.84,36.4,1.97,0.79,63,0.11,0,1,0,1,0,0,1,1,1,0,1,0,1,0,1,0,1,0,1,1,0,1,1,1,0,1,1
147.82,7.38,29.03,1.16,6.94,3.51,36.72,270.87,30.6,2.56,1.66,50,0.71,0,1,0,1,0,1,1,1,1,0,1,0,1,1,1,1,1,0,1,1,0,1,1,1,0,1,1
124.0,3.35,41.05,2.62,4.23,2.85,91.42,226.54,35.89,1.24,1.56,59,0.25,0,1,0,1,0,0,1,1,1,0,1,0,1,0,1,0,1,0,1,1,0,1,1,1,0,1,1
175.63,5.05,42.53,1.6,3.06,1.9,117.72,175.19,26.05,3.63,1.82,47,0.66,0,1,0,1,0,1,1,1,1,0,1,1,0,0,1,1,1,0,1,1,0,1,1,1,0,1,1
147.13,3.35,36.6,2.44,3.47,2.9,60.84,252.85,26.19,1.39,1.05,63,0.69,0,1,0,1,0,0,1,1,1,0,1,0,0,0,1,0,1,0,1,1,0,1,1,1,0,1,1
143.52,5.8,31.02,1.33,5.04,1.7,109.29,139.77,25.25,1.47,1.34,61,0.06,0,1,0,1,0,0,1,1,1,0,1,1,1,0,1,0,1,0,1,1,0,1,1,1,0,1,1
144.43,7.48,37.83,2.54,3.71,3.5,6.59,142.61,28.48,2.13,1.97,65,1.0,0,1,0,1,0,0,1,1,1,0,1,1,0,0,1,0,1,0,1,1,0,1,1,1,0,1,1
169.89,5.79,26.19,1.55,7.62,2.06,134.02,299.9,17.89,2.73,1.39,60,0.46,0,1,0,1,0,0,1,1,1,0,1,0,1,0,1,1,1,0,1,1,0,1,1,1,0,1,1
150.87,6.57,26.39,2.94,3.07,2.8,114.71,126.94,14.53,3.38,1.78,60,0.19,0,1,0,1,0,0,1,1,1,0,1,1,0,0,1,1,1,0,1,1,0,1,1,1,0,1,1
188.75,4.28,32.6,2.74,6.32,2.03,138.32,103.94,32.07,2.46,1.63,53,0.72,0,1,0,1,0,1,1,1,1,0,1,1,1,1,1,0,1,0,1,1,0,1,1,1,0,1,1
177.73,4.41,41.71,1.63,6.63,1.36,37.9,163.16,27.82,2.94,0.79,45,0.28,0,1,0,1,0,1,1,1,1,0,1,1,1,1,1,1,1,0,1,1,0,1,1,1,0,1,1
128.48,3.56,30.82,2.23,7.02,3.7,126.63,101.13,15.59,1.3,0.73,64,0.04,0,1,0,1,0,0,1,1,1,0,1,1,1,0,1,0,1,0,1,1,0,1,1,1,0,1,1
147.88,3.9,37.94,1.93,5.48,2.28,191.42,142.95,25.5,3.21,1.11,56,0.55,0,1,0,1,0,0,1,1,1,0,1,1,1,0,1,1,1,0,1,1,0,1,1,1,0,1,1
196.01,3.9,25.51,1.08,5.94,1.18,191.92,128.39,19.14,3.47,0.44,64,0.47,0,1,0,1,0,0,1,1,1,0,1,1,1,0,1,1,1,0,1,1,0,1,1,1,0,1,1
177.63,5.65,32.91,1.64,6.05,3.82,135.99,114.95,23.82,3.67,0.19,49,0.36,0,1,0,1,0,1,1,1,1,0,1,1,1,1,1,1,1,0,1,1,0,1,1,1,0,1,1
178.35,7.82,28.11,1.45,4.13,1.06,122.8,234.14,28.08,1.21,0.14,48,0.35,0,1,0,1,0,1,1,1,1,0,1,0,1,1,1,0,1,0,1,1,0,1,1,1,0,1,1
147.84,5.35,31.68,1.21,3.73,1.1,96.7,290.89,13.47,3.84,1.47,46,0.25,0,1,0,1,0,1,1,1,1,0,1,0,0,1,1,1,1,0,1,1,0,1,1,1,0,1,1
171.4,4.38,35.14,2.57,7.41,3.52,118.53,149.76,29.84,3.13,0.02,48,0.5,0,1,0,1,0,1,1,1,1,0,1,1,1,1,1,1,1,0,1,1,0,1,1,1,0,1,1
185.98,5.01,27.05,1.12,3.26,2.14,70.76,243.59,32.28,1.15,0.44,65,0.41,0,1,0,1,0,0,1,1,1,0,1,0,0,0,1,0,1,0,1,1,0,1,1,1,0,1,1
146.98,3.07,28.07,1.84,3.34,2.53,93.73,253.43,29.79,2.34,0.45,62,0.4,0,1,0,1,0,0,1,1,1,0,1,0,0,0,1,0,1,0,1,1,0,1,1,1,0,1,1
141.03,4.88,34.96,1.69,4.21,2.2,8.74,254.5,15.13,1.13,1.31,49,0.83,0,1,0,1,0,1,1,1,1,0,1,0,1,1,1,0,1,0,1,1,0,1,1,1,0,1,1
121.81,4.22,28.05,2.72,5.34,2.21,92.65,294.38,35.51,3.12,0.58,51,0.42,0,1,0,1,0,1,1,1,1,0,1,0,1,1,1,1,1,0,1,1,0,1,1,1,0,1,1
142.3,5.35,43.36,1.77,5.81,3.41,88.29,146.71,39.84,3.87,1.69,46,0.11,0,1,0,1,0,1,1,1,1,0,1,1,1,1,1,1,1,0,1,1,0,1,1,1,0,1,1
173.18,4.43,28.98,2.87,3.09,2.31,9.22,196.72,25.03,1.96,0.26,50,0.16,0,1,0,1,0,1,1,1,1,0,1,1,0,0,1,0,1,0,1,1,0,1,1,1,0,1,1
153.31,7.16,44.74,1.64,5.66,2.53,191.11,195.72,30.97,3.77,0.75,65,0.2,0,1,0,1,0,0,1,1,1,0,1,1,1,0,1,1,1,0,1,1,0,1,1,1,0,1,1
171.33,7.09,36.2,1.51,4.31,1.12,64.56,248.92,11.43,1.66,1.41,63,0.46,0,1,0,1,0,0,1,1,1,0,1,0,1,0,1,0,1,0,1,1,0,1,1,1,0,1,1
175.85,4.94,28.2,1.8,5.9,3.84,18.41,201.48,19.87,2.52,0.05,58,0.82,0,1,0,1,0,0,1,1,1,0,1,0,1,0,1,1,1,0,1,1,0,1,1,1,0,1,1
164.32,5.25,30.71,1.6,4.92,3.51,193.61,187.73,21.8,3.54,0.85,47,0.9,0,1,0,1,0,1,1,1,1,0,1,1,1,1,1,1,1,0,1,1,0,1,1,1,0,1,1
161.84,3.57,33.02,1.41,4.0,2.52,136.02,282.32,25.06,3.9,1.88,58,0.35,0,1,0,1,0,0,1,1,1,0,1,0,1,0,1,1,1,0,1,1,0,1,1,1,0,1,1
164.39,3.94,42.19,1.52,4.13,2.44,102.28,143.02,18.16,1.51,1.44,58,0.13,0,1,0,1,0,0,1,1,1,0,1,1,1,0,1,0,1,0,1,1,0,1,1,1,0,1,1
161.49,6.9,30.21,1.33,4.68,2.66,117.18,126.18,23.73,1.8,1.68,49,0.75,0,1,0,1,0,1,1,1,1,0,1,1,1,1,1,0,1,0,1,1,0,1,1,1,0,1,1
168.37,6.43,25.37,1.62,6.19,1.03,11.43,270.38,30.52,1.8,1.38,58,0.31,0,1,0,1,0,0,1,1,1,0,1,0,1,0,1,0,1,0,1,1,0,1,1,1,0,1,1
122.88,7.66,31.9,1.21,5.46,3.31,48.22,153.9,17.28,3.98,0.39,65,0.93,0,1,0,1,0,0,1,1,1,0,1,1,1,0,1,1,1,0,1,1,0,1,1,1,0,1,1
131.75,7.85,43.95,2.77,4.07,2.9,153.37,297.21,15.41,3.3,0.68,65,0.42,0,1,0,1,0,0,1,1,1,0,1,0,1,0,1,1,1,0,1,1,0,1,1,1,0,1,1
183.51,5.32,35.75,2.99,5.0,2.85,76.22,178.56,30.87,3.81,1.08,64,0.66,0,1,0,1,0,0,1,1,1,0,1,1,1,0,1,1,1,0,1,1,0,1,1,1,0,1,1
171.77,3.17,25.02,1.16,6.81,2.75,12.43,197.62,31.36,3.61,1.87,49,0.41,0,1,0,1,0,1,1,1,1,0,1,1,1,1,1,1,1,0,1,1,0,1,1,1,0,1,1
194.43,6.92,29.0,1.26,6.38,2.68,158.99,247.76,28.76,3.96,1.07,48,0.66,0,1,0,1,0,1,1,1,1,0,1,0,1,1,1,1,1,0,1,1,0,1,1,1,0,1,1
122.57,3.42,30.87,2.76,6.82,1.07,102.83,154.94,29.46,3.16,1.73,60,0.99,0,1,0,1,0,0,1,1,1,0,1,1,1,0,1,1,1,0,1,1,0,1,1,1,0,1,1
198.4,7.41,36.5,1.8,4.82,1.04,53.59,243.76,28.11,3.75,0.1,57,0.89,0,1,0,1,0,0,1,1,1,0,1,0,1,0,1,1,1,0,1,1,0,1,1,1,0,1,1
139.6,6.65,41.22,2.72,7.96,1.88,143.5,123.08,22.2,3.54,0.74,63,0.01,0,1,0,1,0,0,1,1,1,0,1,1,1,0,1,1,1,0,1,1,0,1,1,1,0,1,1
123.48,7.52,35.55,2.47,7.19,3.85,174.52,196.66,20.08,1.46,0.8,45,0.56,0,1,0,1,0,1,1,1,1,0,1,1,1,1,1,0,1,0,1,1,0,1,1,1,0,1,1
173.24,7.89,39.57,2.29,4.68,1.1,61.18,253.69,16.16,3.14,1.16,46,0.26,0,1,0,1,0,1,1,1,1,0,1,0,1,1,1,1,1,0,1,1,0,1,1,1,0,1,1
159.7,5.09,40.57,2.47,5.87,3.47,114.72,292.88,16.52,3.14,0.74,64,0.18,0,1,0,1,0,0,1,1,1,0,1,0,1,0,1,1,1,0,1,1,0,1,1,1,0,1,1
164.2,4.08,29.01,2.98,7.01,3.24,159.84,293.78,27.2,1.66,1.72,48,0.41,0,1,0,1,0,1,1,1,1,0,1,0,1,1,1,0,1,0,1,1,0,1,1,1,0,1,1
157.89,5.06,43.6,1.69,7.82,3.73,127.95,215.96,21.1,1.06,0.26,52,0.61,0,1,0,1,0,1,1,1,1,0,1,0,1,1,1,0,1,0,1,1,0,1,1,1,0,1,1
156.12,7.69,27.45,1.42,3.15,2.3,59.18,273.98,28.15,2.84,1.06,47,0.58,0,1,0,1,0,1,1,1,1,0,1,0,0,0,1,1,1,0,1,1,0,1,1,1,0,1,1
171.77,6.43,40.53,1.62,5.84,3.94,180.14,290.53,21.58,3.36,1.24,60,0.87,0,1,0,1,0,0,1,1,1,0,1,0,1,0,1,1,1,0,1,1,0,1,1,1,0,1,1
179.94,7.69,26.08,1.02,6.31,1.87,54.43,166.18,18.09,2.53,0.88,59,0.93,0,1,0,1,0,0,1,1,1,0,1,1,1,0,1,1,1,0,1,1,0,1,1,1,0,1,1
162.42,4.77,40.94,1.89,4.59,3.17,161.31,258.34,39.33,3.36,1.54,54,0.55,0,1,0,1,0,1,1,1,1,0,1,0,1,1,1,1,1,0,1,1,0,1,1,1,0,1,1
159.34,5.83,39.31,1.22,6.75,1.41,17.99,295.22,38.71,1.18,0.89,64,0.47,0,1,0,1,0,0,1,1,1,0,1,0,1,0,1,0,1,0,1,1,0,1,1,1,0,1,1
151.18,4.96,37.32,1.25,5.9,3.0,90.59,290.63,28.25,1.66,0.96,59,0.03,0,1,0,1,0,0,1,1,1,0,1,0,1,0,1,0,1,0,1,1,0,1,1,1,0,1,1
185.27,5.25,31.5,1.94,7.09,1.37,172.24,279.5,38.4,2.19,0.43,48,0.18,0,1,0,1,0,1,1,1,1,0,1,0,1,1,1,0,1,0,1,1,0,1,1,1,0,1,1
193.16,6.76,43.67,1.63,7.7,2.11,15.52,252.59,31.11,2.79,0.98,46,0.5,0,1,0,1,0,1,1,1,1,0,1,0,1,1,1,1,1,0,1,1,0,1,1,1,0,1,1
121.13,3.03,29.8,1.2,4.3,1.53,10.56,281.86,10.25,3.21,0.3,53,0.28,0,1,0,1,0,1,1,1,1,0,1,0,1,1,1,1,1,0,1,1,0,1,1,1,0,1,1
166.35,4.01,30.4,2.01,7.88,2.85,187.55,291.88,16.24,1.93,1.54,57,0.1,0,1,0,1,0,0,1,1,1,0,1,0,1,0,1,0,1,0,1,1,0,1,1,1,0,1,1
269.85,3.7,36.75,3.23,1.53,10.05,192.85,50.09,32.71,1.97,0.81,84,1.4,0,1,0,0,0,0,1,1,0,0,1,1,0,0,1,0,1,1,1,1,0,1,0,1,1,0,1
210.55,5.56,34.11,2.36,0.38,12.68,465.9,103.69,31.83,0.24,0.61,79,0.91,0,1,0,0,0,0,0,0,0,0,1,0,0,0,1,0,1,1,0,1,0,0,0,1,1,0,0
181.63,7.39,52.29,4.6,1.64,14.87,176.87,58.67,20.11,0.26,0.52,66,0.88,0,1,0,0,0,0,1,1,0,0,1,1,0,0,1,0,1,1,1,1,0,0,0,1,1,0,1
157.39,7.89,47.65,3.23,1.31,8.46,112.83,111.23,31.49,0.83,0.76,81,1.3,0,1,0,0,0,0,1,1,0,0,1,1,0,0,1,0,1,1,1,1,0,1,0,1,1,0,1
190.62,4.74,44.6,4.91,1.93,7.41,206.2,80.26,18.06,1.06,0.61,72,1.96,0,1,0,0,0,0,1,1,0,0,1,0,0,0,1,0,1,1,1,1,0,1,1,1,1,0,1
193.91,6.52,36.68,2.04,1.02,6.16,167.05,76.29,11.07,1.41,0.49,78,0.51,0,1,0,0,0,0,1,1,0,0,1,1,0,0,1,0,1,1,1,1,0,1,1,1,1,1,1
236.96,6.74,57.48,4.83,0.02,14.87,373.21,114.35,10.46,1.72,0.15,66,1.69,0,1,0,0,0,0,0,0,0,0,1,0,0,0,1,0,1,1,0,1,0,0,0,1,1,0,0
228.1,6.41,59.81,1.93,1.25,7.98,115.78,51.45,13.58,1.3,0.57,88,0.61,0,1,0,0,0,0,1,1,0,0,1,1,0,0,1,0,1,1,1,1,0,1,1,1,1,0,1
187.44,7.58,56.03,2.48,0.14,13.62,455.28,135.47,35.35,0.96,0.18,85,0.56,0,1,0,0,0,0,0,0,0,0,1,0,0,0,1,0,1,1,0,1,0,0,0,1,1,1,0
156.91,6.98,42.51,1.92,0.46,13.72,433.57,105.35,28.48,0.95,0.39,88,0.25,0,1,0,0,0,0,0,0,0,0,1,0,0,0,1,0,1,1,0,1,0,0,0,1,1,1,0
204.4,4.72,44.94,2.83,1.04,3.82,305.26,74.24,15.53,0.13,0.76,90,0.94,0,1,0,0,0,0,0,0,0,0,1,0,0,0,1,0,1,1,0,1,0,0,1,1,1,0,0
207.16,5.23,42.33,3.15,0.5,13.58,233.23,64.75,12.9,0.03,0.42,77,1.26,0,1,0,0,0,0,1,1,0,0,1,0,0,0,1,0,1,1,1,1,0,0,0,1,1,0,1
189.16,3.09,56.66,1.91,1.86,11.33,405.06,70.15,17.03,1.04,0.17,84,1.7,0,1,0,0,0,0,0,0,0,0,1,0,0,0,1,0,1,1,0,1,0,0,0,1,1,1,0
205.56,7.81,51.69,3.58,1.46,8.22,302.09,135.12,30.43,1.79,0.89,87,1.4,0,1,0,0,0,0,0,0,0,0,1,0,0,0,1,0,1,1,0,1,0,0,0,1,1,0,0
215.3,3.83,51.16,2.17,0.57,5.1,450.05,136.8,28.93,0.95,0.67,82,0.39,0,1,0,0,0,0,0,0,0,0,1,0,0,0,1,0,1,1,0,1,0,0,1,1,1,0,0
184.03,5.56,39.92,4.44,0.95,12.39,332.25,127.31,19.98,1.66,0.27,76,0.55,0,1,0,0,0,0,0,0,0,0,1,0,0,0,1,0,1,1,0,1,0,0,0,1,1,0,0
215.78,4.68,51.79,3.04,0.26,11.75,139.69,133.9,37.94,0.64,0.93,76,0.81,0,1,0,0,0,0,1,1,0,0,1,1,0,0,1,0,1,1,1,1,0,1,0,1,1,0,1
271.58,3.06,47.64,3.01,1.75,3.09,372.61,118.01,30.07,1.88,0.82,67,1.91,0,1,0,0,0,0,0,0,0,0,1,0,0,0,1,0,1,1,0,1,0,0,0,1,1,0,0
269.77,3.27,40.81,4.25,1.22,12.13,387.61,99.68,11.24,1.17,0.05,85,0.72,0,1,0,0,0,0,0,0,0,0,1,0,0,0,1,0,1,1,0,1,0,0,0,1,1,0,0
205.95,5.05,41.24,4.7,1.66,3.42,143.25,92.79,12.96,1.24,0.14,75,1.32,0,1,0,0,0,0,1,1,0,0,1,1,0,0,1,0,1,1,1,1,0,1,1,1,1,0,1
264.81,5.89,40.62,4.28,1.57,9.07,161.74,75.1,32.15,1.61,0.28,70,0.16,0,1,0,0,0,0,1,1,0,0,1,1,0,0,1,0,1,1,1,1,0,1,0,1,1,0,1
242.75,3.02,31.4,1.02,1.29,7.43,219.02,141.27,15.78,0.78,0.94,88,0.96,0,1,0,0,0,0,1,1,0,0,1,0,0,0,1,0,1,1,1,1,0,1,1,1,1,0,1
179.05,6.53,35.72,3.21,0.51,14.42,111.45,69.97,17.27,0.83,0.23,79,1.1,0,1,0,0,0,0,1,1,0,0,1,1,0,0,1,0,1,1,1,1,0,0,0,1,1,0,1
187.71,6.07,40.61,2.33,0.08,3.91,466.83,149.83,33.42,0.57,0.4,90,1.13,0,1,0,0,0,0,0,0,0,0,1,0,0,0,1,0,1,1,0,1,0,0,1,1,1,1,0
168.47,6.52,57.15,2.74,0.98,14.06,308.4,98.76,27.35,1.38,0.11,72,0.94,0,1,0,0,0,0,0,0,0,0,1,0,0,0,1,0,1,1,0,1,0,0,0,1,1,1,0
191.26,6.11,49.58,4.08,0.31,11.64,339.77,55.76,33.32,0.77,0.33,74,1.64,0,1,0,0,0,0,0,0,0,0,1,0,0,0,1,0,1,1,0,1,0,0,0,1,1,0,0
197.61,6.01,48.19,2.46,1.81,8.54,285.91,149.75,24.81,0.36,0.51,90,1.59,0,1,0,0,0,0,1,0,0,0,1,0,0,0,1,0,1,1,1,1,0,1,0,1,1,1,1
156.45,7.28,49.74,2.74,0.69,2.25,430.09,64.27,19.29,1.14,0.25,71,1.08,0,1,0,0,0,0,0,0,0,0,1,0,0,0,1,0,1,1,0,1,0,0,1,1,1,1,0
234.03,5.73,31.54,3.98,1.01,10.42,301.06,99.18,15.15,0.56,0.16,81,1.95,0,1,0,0,0,0,0,0,0,0,1,0,0,0,1,0,1,1,0,1,0,0,0,1,1,0,0
169.9,4.35,47.72,3.44,0.31,12.32,414.08,73.73,18.66,1.88,0.83,66,0.77,0,1,0,0,0,0,0,0,0,0,1,0,0,0,1,0,1,1,0,1,0,0,0,1,1,0,0
170.45,6.21,46.09,2.1,0.96,11.69,182.11,79.29,20.38,1.49,0.85,68,1.68,0,1,0,0,0,0,1,1,0,0,1,1,0,0,1,0,1,1,1,1,0,1,0,1,1,1,1
169.86,3.41,49.25,2.89,1.82,6.72,214.86,100.07,23.68,0.69,0.69,70,1.25,0,1,0,0,0,0,1,1,0,0,1,0,0,0,1,0,1,1,1,1,0,1,1,1,1,1,1
194.67,3.77,37.95,2.02,1.23,14.29,119.31,50.1,28.01,0.57,0.88,74,1.63,0,1,0,0,0,0,1,1,0,0,1,1,0,0,1,0,1,1,1,1,0,0,0,1,1,1,1
209.69,4.26,41.11,1.08,1.05,8.57,310.1,147.4,37.34,0.32,0.37,79,0.36,0,1,0,0,0,0,0,0,0,0,1,0,0,0,1,0,1,1,0,1,0,0,0,1,1,0,0
163.42,3.26,43.08,3.49,1.68,10.87,183.34,96.18,37.31,0.65,0.5,80,0.71,0,1,0,0,0,0,1,1,0,0,1,1,0,0,1,0,1,1,1,1,0,1,0,1,1,0,1
182.7,6.47,53.08,1.98,0.1,13.03,103.98,143.71,28.83,0.64,0.25,84,1.59,0,1,0,0,0,0,1,1,0,0,1,1,0,0,1,0,1,1,1,1,0,0,0,1,1,1,1
228.02,6.55,39.11,3.04,1.49,8.01,340.55,128.97,16.46,0.13,0.53,79,1.59,0,1,0,0,0,0,0,0,0,0,1,0,0,0,1,0,1,1,0,1,0,0,0,1,1,0,0
206.13,5.26,45.39,3.85,0.55,3.58,322.42,82.7,23.27,1.29,0.49,88,1.12,0,1,0,0,0,0,0,0,0,0,1,0,0,0,1,0,1,1,0,1,0,0,1,1,1,0,0
261.97,4.12,58.24,3.4,1.98,3.16,150.62,132.66,35.94,0.89,0.71,85,0.09,0,1,0,0,0,0,1,1,0,0,1,1,0,0,1,0,1,1,1,1,0,1,0,1,1,0,1
224.61,7.27,41.94,2.21,1.59,6.37,101.27,145.96,27.76,1.64,0.83,80,1.48,0,1,0,0,0,0,1,1,0,0,1,1,0,0,1,0,1,1,1,1,0,1,1,1,1,0,1
249.75,7.53,42.28,4.81,1.73,5.85,163.71,93.54,22.06,1.15,0.58,71,0.15,0,1,0,0,0,0,1,1,0,0,1,1,0,0,1,0,1,1,1,1,0,1,1,1,1,0,1
199.17,6.55,30.6,3.28,0.67,2.11,176.15,144.09,25.63,1.99,0.52,79,0.78,0,1,0,0,0,0,1,1,0,0,1,1,0,0,1,0,1,1,1,1,0,1,1,1,1,0,1
190.31,4.26,40.3,2.84,0.38,4.92,208.62,94.93,29.58,1.71,0.29,65,0.76,0,1,0,0,0,0,1,1,0,0,1,0,0,0,1,0,1,1,1,1,0,1,1,1,1,1,1
266.27,3.05,50.34,2.91,0.32,6.17,189.98,137.78,24.46,1.13,0.59,90,0.51,0,1,0,0,0,0,1,1,0,0,1,1,0,0,1,0,1,1,1,1,0,1,0,1,1,0,1
261.76,6.5,46.43,3.44,0.18,8.16,177.48,70.84,29.84,1.82,0.4,66,0.83,0,1,0,0,0,0,1,1,0,0,1,1,0,0,1,0,1,1,1,1,0,1,0,1,1,0,1
275.17,3.12,39.19,3.66,1.78,5.33,472.19,109.41,34.03,0.79,0.21,84,0.27,0,1,0,0,0,0,0,0,0,0,1,0,0,0,1,0,1,1,0,1,0,0,0,1,1,0,0
172.46,4.79,38.72,3.46,1.81,14.51,361.44,133.82,25.76,0.42,0.52,78,1.23,0,1,0,0,0,0,0,0,0,0,1,0,0,0,1,0,1,1,0,1,0,0,0,1,1,0,0
202.67,4.52,50.47,4.39,1.39,14.12,386.91,126.46,15.04,0.84,0.49,89,1.89,0,1,0,0,0,0,0,0,0,0,1,0,0,0,1,0,1,1,0,1,0,0,0,1,1,0,0
177.88,3.37,56.74,4.39,1.99,10.83,474.68,132.69,35.33,1.14,0.38,84,0.36,0,1,0,0,0,0,0,0,0,0,1,0,0,0,1,0,1,1,0,1,0,0,0,1,1,0,0
220.32,4.37,51.92,4.33,1.43,11.49,304.99,121.21,22.68,1.3,0.26,86,1.41,0,1,0,0,0,0,0,0,0,0,1,0,0,0,1,0,1,1,0,1,0,0,0,1,1,0,0
162.9,7.54,36.45,1.82,0.36,2.18,408.72,137.5,28.42,0.38,0.29,89,0.03,0,1,0,0,0,0,0,0,0,0,1,0,0,0,1,0,1,1,0,1,0,0,1,1,1,1,0
195.87,3.72,57.74,1.42,0.78,4.94,438.69,80.86,39.76,0.08,0.13,78,1.62,0,1,0,0,0,0,0,0,0,0,1,0,0,0,1,0,1,1,0,1,0,0,1,1,1,1,0
264.21,3.36,30.97,3.98,0.27,3.73,108.95,54.98,17.91,0.13,0.37,83,1.25,0,1,0,0,0,0,1,1,0,0,1,1,0,0,1,0,1,1,1,1,0,1,0,1,1,0,1
219.95,6.31,33.49,3.22,0.57,14.22,404.83,147.25,11.13,0.57,0.2,79,0.73,0,1,0,0,0,0,0,0,0,0,1,0,0,0,1,0,1,1,0,1,0,0,0,1,1,0,0
273.45,4.65,32.85,4.99,0.54,13.07,166.22,123.14,25.73,1.96,0.55,80,1.7,0,1,0,0,0,0,1,1,0,0,1,1,0,0,1,0,1,1,1,1,0,0,0,1,1,0,1
248.35,6.05,40.93,1.84,1.55,8.32,189.9,69.52,14.96,1.55,0.23,72,0.16,0,1,0,0,0,0,1,1,0,0,1,1,0,0,1,0,1,1,1,1,0,1,0,1,1,0,1
235.34,3.09,54.96,1.7,1.03,5.4,389.06,82.14,31.74,0.57,0.75,90,0.37,0,1,0,0,0,0,0,0,0,0,1,0,0,0,1,0,1,1,0,1,0,0,1,1,1,0,0
247.57,4.7,51.3,1.19,0.82,11.17,190.75,129.53,28.92,1.18,0.35,90,0.45,0,1,0,0,0,0,1,1,0,0,1,1,0,0,1,0,1,1,1,1,0,1,0,1,1,0,1
279.95,5.48,53.14,1.01,1.78,5.51,367.17,130.64,14.92,0.89,0.49,66,1.0,0,1,0,0,0,0,0,0,0,0,1,0,0,0,1,0,1,1,0,1,0,0,0,1,1,0,0
269.21,6.53,51.67,1.34,0.44,2.11,386.45,84.44,33.6,0.68,0.82,75,1.34,0,1,0,0,0,0,0,0,0,0,1,0,0,0,1,0,1,1,0,1,0,0,0,1,1,0,0
175.5,6.36,37.57,1.07,1.4,10.38,264.32,102.57,38.42,1.19,0.66,76,0.33,0,1,0,0,0,0,1,0,0,0,1,0,0,0,1,0,1,1,1,1,0,1,0,1,1,1,1
189.12,5.7,53.3,2.28,0.71,5.33,201.84,144.89,29.06,0.31,0.72,84,1.33,0,1,0,0,0,0,1,1,0,0,1,0,0,0,1,0,1,1,1,1,0,1,1,1,1,1,1
167.51,5.04,33.2,4.27,1.31,8.59,237.21,68.42,13.19,1.94,0.2,79,0.73,0,1,0,0,0,0,1,1,0,0,1,0,0,0,1,0,1,1,1,1,0,1,0,1,1,0,1
183.21,5.53,58.99,3.3,1.78,10.46,290.1,135.46,24.14,1.74,0.29,86,1.71,0,1,0,0,0,0,1,0,0,0,1,0,0,0,1,0,1,1,1,1,0,1,0,1,1,0,1
226.36,7.45,58.13,1.21,1.0,6.87,350.34,129.36,18.42,1.11,0.71,68,1.63,0,1,0,0,0,0,0,0,0,0,1,0,0,0,1,0,1,1,0,1,0,0,1,1,1,0,0
228.79,7.75,40.19,1.43,1.01,3.12,487.81,53.87,32.61,1.05,0.37,90,1.45,0,1,0,0,0,0,0,0,0,0,1,0,0,0,1,0,1,1,0,1,0,0,1,1,1,0,0
279.91,7.95,52.33,3.96,0.5,12.84,262.04,146.2,12.44,0.87,0.56,70,1.2,0,1,0,0,0,0,1,0,0,0,1,0,0,0,1,0,1,1,1,1,0,0,0,1,1,0,1
216.77,6.47,31.66,2.14,1.64,3.04,442.19,59.19,35.03,0.72,0.61,65,0.61,0,1,0,0,0,0,0,0,0,0,1,0,0,0,1,0,1,1,0,1,0,0,1,1,1,0,0
214.3,3.66,58.67,4.2,1.34,9.0,416.87,99.48,19.0,0.32,0.65,85,1.68,0,1,0,0,0,0,0,0,0,0,1,0,0,0,1,0,1,1,0,1,0,0,0,1,1,0,0
179.9,3.03,49.54,1.81,1.78,13.17,130.69,60.64,24.86,1.22,0.27,80,1.94,0,1,0,0,0,0,1,1,0,0,1,1,0,0,1,0,1,1,1,1,0,0,0,1,1,1,1
238.21,3.05,44.43,2.66,0.21,14.0,422.0,73.01,17.68,0.06,0.3,72,1.55,0,1,0,0,0,0,0,0,0,0,1,0,0,0,1,0,1,1,0,1,0,0,0,1,1,0,0
206.3,3.96,57.13,1.79,0.05,2.26,348.93,116.17,19.33,0.64,0.34,67,1.65,0,1,0,0,0,0,0,0,0,0,1,0,0,0,1,0,1,1,0,1,0,0,1,1,1,0,0
195.71,7.53,59.45,2.4,0.52,9.11,174.86,53.26,38.37,1.85,0.16,74,1.11,0,1,0,0,0,0,1,1,0,0,1,1,0,0,1,0,1,1,1,1,0,1,0,1,1,1,1
260.88,4.58,45.71,2.94,0.71,13.59,166.35,64.95,27.31,1.31,0.19,87,0.78,0,1,0,0,0,0,1,1,0,0,1,1,0,0,1,0,1,1,1,1,0,0,0,1,1,0,1
203.5,3.79,57.68,1.01,1.79,13.49,226.79,120.43,17.58,1.52,0.56,76,0.71,0,1,0,0,0,0,1,1,0,0,1,0,0,0,1,0,1,1,1,1,0,0,0,1,1,0,1
188.99,4.07,31.13,1.17,1.74,10.82,364.21,111.46,35.48,0.96,0.87,72,1.85,0,1,0,0,0,0,0,0,0,0,1,0,0,0,1,0,1,1,0,1,0,0,0,1,1,1,0
240.83,4.29,46.92,3.13,0.28,9.69,225.91,55.23,38.46,1.28,0.88,67,1.99,0,1,0,0,0,0,1,1,0,0,1,0,0,0,1,0,1,1,1,1,0,1,0,1,1,0,1
161.97,4.2,56.31,2.58,0.93,13.19,308.73,69.35,36.76,0.06,0.9,87,0.08,0,1,0,0,0,0,0,0,0,0,1,0,0,0,1,0,1,1,0,1,0,0,0,1,1,1,0
267.89,5.42,43.81,3.27,0.3,8.1,432.45,51.55,18.19,0.0,0.42,76,0.17,0,1,0,0,0,0,0,0,0,0,1,0,0,0,1,0,1,1,0,1,0,0,0,1,1,0,0
162.24,4.34,48.91,3.12,0.14,14.59,454.87,75.92,13.67,1.88,0.46,89,0.08,0,1,0,0,0,0,0,0,0,0,1,0,0,0,1,0,1,1,0,1,0,0,0,1,1,0,0
200.23,5.03,35.01,1.09,0.27,10.51,420.92,148.82,20.39,1.2,0.94,69,0.74,0,1,0,0,0,0,0,0,0,0,1,0,0,0,1,0,1,1,0,1,0,0,0,1,1,0,0
164.06,4.26,38.16,3.88,0.1,10.47,188.56,58.19,19.02,0.45,0.55,85,1.82,0,1,0,0,0,0,1,1,0,0,1,1,0,0,1,0,1,1,1,1,0,1,0,1,1,0,1
197.87,3.23,39.01,3.12,0.82,5.56,152.53,131.92,39.88,0.66,0.38,73,0.76,0,1,0,0,0,0,1,1,0,0,1,1,0,0,1,0,1,1,1,1,0,1,1,1,1,0,1
207.2,5.35,53.08,1.42,1.54,10.95,396.66,123.45,24.12,0.42,0.54,88,1.4,0,1,0,0,0,0,0,0,0,0,1,0,0,0,1,0,1,1,0,1,0,0,0,1,1,0,0
257.41,6.66,59.68,2.09,1.75,11.97,244.87,123.41,13.12,1.58,0.53,74,1.8,0,1,0,0,0,0,1,1,0,0,1,0,0,0,1,0,1,1,1,1,0,1,0,1,1,0,1
217.53,5.33,55.82,4.81,0.85,4.24,426.28,90.33,38.07,1.9,0.11,85,0.41,0,1,0,0,0,0,0,0,0,0,1,0,0,0,1,0,1,1,0,1,0,0,1,1,1,0,0
198.24,6.17,30.54,3.89,1.67,7.19,279.18,135.13,33.27,0.58,0.32,70,1.13,0,1,0,0,0,0,1,0,0,0,1,0,0,0,1,0,1,1,1,1,0,1,1,1,1,0,1
171.09,4.55,57.0,3.75,1.97,11.97,476.79,71.62,33.14,0.04,0.67,66,0.32,0,1,0,0,0,0,0,0,0,0,1,0,0,0,1,0,1,1,0,1,0,0,0,1,1,0,0
151.85,6.91,54.37,1.65,1.48,7.64,195.84,112.14,15.35,1.51,0.05,68,1.34,0,1,0,0,0,0,1,1,0,0,1,1,0,0,1,0,1,1,1,1,0,1,1,1,1,1,1
182.79,4.62,55.04,4.05,0.66,8.94,124.67,70.87,24.57,0.17,0.84,88,0.42,0,1,0,0,0,0,1,1,0,0,1,1,0,0,1,0,1,1,1,1,0,1,0,1,1,0,1
194.04,5.81,47.79,2.49,0.56,5.56,169.88,82.54,15.98,1.27,0.57,90,1.34,0,1,0,0,0,0,1,1,0,0,1,1,0,0,1,0,1,1,1,1,0,1,1,1,1,1,1
278.72,3.45,50.02,2.13,1.28,9.9,161.38,70.67,28.65,0.26,0.27,68,1.48,0,1,0,0,0,0,1,1,0,0,1,1,0,0,1,0,1,1,1,1,0,1,0,1,1,0,1
251.87,4.51,45.37,3.48,1.64,11.9,495.19,50.81,23.12,0.51,0.12,80,2.0,0,1,0,0,0,0,0,0,0,0,1,0,0,0,1,0,1,1,0,1,0,0,0,0,1,0,0
173.48,3.19,38.25,4.34,0.59,2.74,121.0,92.74,37.95,0.57,0.43,90,1.53,0,1,0,0,0,0,1,1,0,0,1,1,0,0,1,0,1,1,1,1,0,1,1,1,1,0,1
268.97,5.07,42.71,3.81,1.89,5.47,276.06,129.6,28.29,0.22,0.63,67,0.06,0,1,0,0,0,0,1,0,0,0,1,0,0,0,1,0,1,1,1,1,0,1,0,1,1,0,1
209.98,5.31,46.31,3.68,0.04,8.53,335.32,84.34,30.05,0.46,0.32,85,0.7,0,1,0,0,0,0,0,0,0,0,1,0,0,0,1,0,1,1,0,1,0,0,0,1,1,0,0
196.94,7.26,46.61,3.87,1.79,13.72,231.4,145.25,10.75,0.75,0.9,69,0.07,0,1,0,0,0,0,1,1,0,0,1,0,0,0,1,0,1,1,1,1,0,0,0,1,1,0,1
256.74,5.73,40.14,2.0,1.19,4.7,229.54,113.65,36.45,1.07,0.76,80,1.13,0,1,0,0,0,0,1,1,0,0,1,0,0,0,1,0,1,1,1,1,0,1,0,1,1,0,1
164.79,3.69,39.0,2.13,1.21,12.62,404.54,76.25,17.36,1.93,0.01,72,0.44,0,1,0,0,0,0,0,0,0,0,1,0,0,0,1,0,1,1,0,1,0,0,0,1,1,1,0
156.94,6.08,31.42,3.45,0.45,13.76,290.04,72.39,35.59,0.51,0.31,73,0.26,0,1,0,0,0,0,1,0,0,0,1,0,0,0,1,0,1,1,1,1,0,0,0,1,1,0,1
176.5,2.64,35.36,0.4,0.55,0.35,2.31,32.56,19.31,0.14,0.71,90,0.8,1,1,0,0,0,0,1,1,0,1,1,1,0,0,1,0,1,1,1,1,0,1,1,1,1,1,1
181.57,2.89,29.0,0.29,0.84,2.19,66.43,36.53,14.6,0.77,0.86,74,0.02,1,1,0,0,0,0,1,1,0,1,1,1,0,0,1,0,1,1,1,1,0,1,1,1,1,1,1
179.48,3.91,30.52,1.53,0.07,2.48,26.19,64.44,18.86,0.34,0.5,77,0.16,1,1,0,0,0,0,1,1,0,1,1,1,0,0,1,0,1,1,1,1,0,1,1,1,1,1,1
171.32,4.23,43.59,1.7,0.51,2.16,80.08,54.67,6.73,0.44,0.84,74,0.39,1,1,0,0,0,0,1,1,0,1,1,1,0,0,1,0,1,1,1,1,0,1,1,1,1,1,1
130.31,2.82,38.16,1.6,0.13,0.33,92.21,67.56,13.85,0.77,0.43,84,0.19,1,1,0,0,0,0,1,1,0,1,1,1,0,0,1,0,1,1,1,1,0,1,1,1,1,1,1
182.67,4.81,29.49,1.12,0.25,0.42,21.9,58.89,5.98,0.43,0.14,89,0.45,1,1,0,0,0,0,1,1,0,1,1,1,0,0,1,0,1,1,1,1,0,1,1,1,1,1,1
182.1,3.4,31.87,0.4,0.43,2.27,60.51,64.43,9.23,0.48,0.04,73,0.44,1,1,0,0,0,0,1,1,0,1,1,1,0,0,1,0,1,1,1,1,0,1,1,1,1,1,1
198.66,3.07,38.44,0.62,0.99,1.34,63.41,36.34,16.0,0.27,0.45,77,0.15,1,1,0,0,0,0,1,1,0,1,1,1,0,0,1,0,1,1,1,1,0,1,1,1,1,1,1
161.68,4.64,35.16,1.68,0.59,0.58,58.11,55.3,10.98,0.12,0.42,83,0.1,1,1,0,0,0,0,1,1,0,1,1,1,0,0,1,0,1,1,1,1,0,1,1,1,1,1,1
159.11,2.92,43.73,0.75,0.76,1.59,70.41,43.01,19.13,0.53,0.83,77,0.1,1,1,0,0,0,0,1,1,0,1,1,1,0,0,1,0,1,1,1,1,0,1,1,1,1,1,1
177.16,2.02,36.08,0.39,0.63,2.94,46.44,70.87,12.62,0.5,0.93,89,0.9,1,1,0,0,0,0,1,1,0,1,1,1,0,0,1,0,1,1,1,1,0,1,1,1,1,1,1
136.92,2.35,33.09,1.92,0.63,1.66,70.54,50.87,16.37,0.39,0.83,79,0.62,1,1,0,0,0,0,1,1,0,1,1,1,0,0,1,0,1,1,1,1,0,1,1,1,1,1,1
131.75,3.2,44.76,0.2,0.42,0.92,90.51,73.47,8.57,0.08,0.63,78,0.28,1,1,0,0,0,0,1,1,0,1,1,1,0,0,1,0,1,1,1,1,0,1,1,1,1,1,1
195.2,4.05,32.46,1.29,0.85,1.2,83.0,37.72,17.34,0.54,0.22,82,0.99,1,1,0,0,0,0,1,1,0,1,1,1,0,0,1,0,1,1,1,1,0,1,1,1,1,1,1
184.85,3.73,29.96,0.84,0.26,0.21,54.22,74.46,15.13,0.25,0.57,89,0.48,1,1,0,0,0,0,1,1,0,1,1,1,0,0,1,0,1,1,1,1,0,1,1,1,1,1,1
195.82,2.88,35.07,1.57,0.55,1.64,5.33,49.93,9.06,1.0,0.31,80,0.32,1,1,0,0,0,0,1,1,0,1,1,1,0,0,1,0,1,1,1,1,0,1,1,1,1,1,1
165.99,4.64,34.04,0.22,0.95,1.47,50.28,61.06,5.05,0.93,0.36,89,0.17,1,1,0,0,0,0,1,1,0,1,1,1,0,0,1,0,1,1,1,1,0,1,1,1,1,1,1
156.47,4.41,41.6,1.87,0.4,2.13,50.72,70.2,15.69,0.37,0.34,80,0.84,1,1,0,0,0,0,1,1,0,1,1,1,0,0,1,0,1,1,1,1,0,1,1,1,1,1,1
168.89,4.07,44.51,0.17,0.9,0.38,39.3,72.57,18.59,0.51,0.59,73,0.1,1,1,0,0,0,0,1,1,0,1,1,1,0,0,1,0,1,1,1,1,0,1,1,1,1,1,1
135.11,3.39,33.13,1.23,0.04,0.37,86.52,58.32,15.68,0.84,0.46,85,0.61,1,1,0,0,0,0,1,1,0,1,1,1,0,0,1,0,1,1,1,1,0,1,1,1,1,1,1
169.54,4.58,41.97,0.24,0.85,1.24,25.37,73.49,11.48,0.81,0.26,72,0.59,1,1,0,0,0,0,1,1,0,1,1,1,0,0,1,0,1,1,1,1,0,1,1,1,1,1,1
143.17,4.66,41.74,1.04,0.72,1.1,3.68,75.22,6.92,0.95,0.57,83,0.5,1,1,0,0,0,0,1,1,0,1,1,1,0,0,1,0,1,1,1,1,0,1,1,1,1,1,1
165.11,2.07,34.04,1.48,0.51,0.73,33.51,73.15,12.88,0.53,0.96,77,0.48,1,1,0,0,0,0,1,1,0,1,1,1,0,0,1,0,1,1,1,1,0,1,1,1,1,1,1
186.82,4.28,32.52,0.3,0.7,0.77,92.27,36.46,9.77,0.05,0.7,73,0.79,1,1,0,0,0,0,1,1,0,1,1,1,0,0,1,0,1,1,1,1,0,1,1,1,1,1,1
154.6,2.5,28.57,0.77,0.9,0.72,20.65,78.49,5.38,0.79,0.32,87,0.7,1,1,0,0,0,0,1,1,0,1,1,1,0,0,1,0,1,1,1,1,0,1,1,1,1,1,1
150.53,4.46,29.19,1.58,0.6,1.72,45.84,43.85,11.96,0.45,0.58,77,0.91,1,1,0,0,0,0,1,1,0,1,1,1,0,0,1,0,1,1,1,1,0,1,1,1,1,1,1
180.1,4.65,33.43,0.76,0.61,1.87,48.17,50.03,19.79,0.82,0.43,80,0.89,1,1,0,0,0,0,1,1,0,1,1,1,0,0,1,0,1,1,1,1,0,1,1,1,1,1,1
131.69,3.15,36.95,1.36,0.29,0.76,38.13,55.05,19.27,0.76,0.43,86,1.0,1,1,0,0,0,0,1,1,0,1,1,1,0,0,1,0,1,1,1,1,0,1,1,1,1,1,1
156.03,2.9,42.59,2.0,0.63,2.39,78.17,47.77,13.61,0.83,0.69,83,0.34,1,1,0,0,0,0,1,1,0,1,1,1,0,0,1,0,1,1,1,1,0,1,1,1,1,1,1
140.11,2.7,43.39,0.07,0.22,0.93,61.69,56.71,8.27,0.16,0.24,78,0.75,1,1,0,0,0,0,1,1,0,1,1,1,0,0,1,0,1,1,1,1,0,1,1,1,1,1,1
149.76,4.44,30.01,1.51,0.1,1.34,73.4,38.66,9.28,0.86,0.89,76,0.17,1,1,0,0,0,0,1,1,0,1,1,1,0,0,1,0,1,1,1,1,0,1,1,1,1,1,1
138.22,2.54,44.49,1.1,0.47,2.95,55.7,63.06,9.99,0.38,0.59,70,0.6,1,1,0,0,0,0,1,1,0,1,1,1,0,0,1,0,1,1,1,1,0,1,1,1,1,1,1
189.94,2.35,39.72,0.82,0.21,1.21,7.6,64.77,8.79,0.31,0.12,72,0.06,1,1,0,0,0,0,1,1,0,1,1,1,0,0,1,0,1,1,1,1,0,1,1,1,1,1,1
131.31,4.92,31.29,1.64,0.56,0.79,13.0,54.83,11.11,0.7,0.9,88,0.71,1,1,0,0,0,0,1,1,0,1,1,1,0,0,1,0,1,1,1,1,0,1,1,1,1,1,1
173.64,3.93,40.14,0.59,0.32,1.31,30.75,79.25,17.21,0.16,0.01,87,0.06,1,1,0,0,0,0,1,1,0,1,1,1,0,0,1,0,1,1,1,1,0,1,1,1,1,1,1
192.08,4.15,28.62,0.86,0.75,1.75,93.59,73.38,9.99,0.08,0.94,73,0.69,1,1,0,0,0,0,1,1,0,1,1,1,0,0,1,0,1,1,1,1,0,1,1,1,1,1,1
137.83,3.7,32.23,0.86,0.63,0.77,5.22,30.51,5.33,0.01,0.11,83,0.15,1,1,0,0,0,0,1,1,0,1,1,1,0,0,1,0,1,1,1,1,0,1,1,1,1,1,1
131.28,4.61,31.32,0.08,0.16,1.15,21.93,45.26,19.63,0.7,0.71,74,0.87,1,1,0,0,0,0,1,1,0,1,1,1,0,0,1,0,1,1,1,1,0,1,1,1,1,1,1
190.91,3.74,35.31,1.28,0.82,0.02,99.2,39.14,12.05,0.87,0.23,79,0.67,1,1,0,0,0,0,1,1,0,1,1,1,0,0,1,0,1,1,1,1,0,1,1,1,1,1,1
199.8,4.34,32.94,0.56,0.67,2.69,57.79,56.37,7.41,0.72,0.7,75,0.97,1,1,0,0,0,0,1,1,0,1,1,1,0,0,1,0,1,1,1,1,0,1,1,1,1,1,1
195.86,2.58,30.75,0.48,0.52,1.71,22.16,67.83,9.64,0.92,0.66,73,0.91,1,1,0,0,0,0,1,1,0,1,1,1,0,0,1,0,1,1,1,1,0,1,1,1,1,1,1
143.19,4.42,30.22,0.48,0.24,2.63,19.9,69.35,11.93,1.0,0.84,76,0.59,1,1,0,0,0,0,1,1,0,1,1,1,0,0,1,0,1,1,1,1,0,1,1,1,1,1,1
184.49,2.28,30.94,0.02,0.59,2.66,67.07,79.1,5.95,0.9,0.81,77,0.29,1,1,0,0,0,0,1,1,0,1,1,1,0,0,1,0,1,1,1,1,0,1,1,1,1,1,1
192.25,4.64,40.88,1.13,0.12,1.6,35.68,69.61,16.37,0.91,0.01,82,0.58,1,1,0,0,0,0,1,1,0,1,1,1,0,0,1,0,1,1,1,1,0,1,1,1,1,1,1
199.21,3.81,41.36,1.45,0.7,2.15,45.44,53.71,12.02,0.03,0.24,70,0.89,1,1,0,0,0,0,1,1,0,1,1,1,0,0,1,0,1,1,1,1,0,1,1,1,1,1,1
149.25,2.42,30.04,1.4,0.01,1.41,11.89,72.48,19.38,0.96,0.44,79,0.4,1,1,0,0,0,0,1,1,0,1,1,1,0,0,1,0,1,1,1,1,0,1,1,1,1,1,1
177.23,2.17,30.11,1.0,0.34,0.89,6.7,74.79,15.38,0.12,0.07,79,0.53,1,1,0,0,0,0,1,1,0,1,1,1,0,0,1,0,1,1,1,1,0,1,1,1,1,1,1
136.72,3.21,44.27,1.99,0.73,0.68,10.19,50.74,17.85,0.72,0.88,87,0.99,1,1,0,0,0,0,1,1,0,1,1,1,0,0,1,0,1,1,1,1,0,1,1,1,1,1,1
191.18,4.99,32.16,1.68,0.82,0.69,9.84,78.97,9.44,0.87,0.0,84,0.47,1,1,0,0,0,0,1,1,0,1,1,1,0,0,1,0,1,1,1,1,0,1,1,1,1,1,1
146.71,4.07,37.61,0.15,0.16,1.16,18.56,69.61,11.24,0.09,0.48,81,0.13,1,1,0,0,0,0,1,1,0,1,1,1,0,0,1,0,1,1,1,1,0,1,1,1,1,1,1
146.77,4.58,43.72,1.65,0.33,0.82,54.92,66.09,19.9,0.13,0.05,72,0.84,1,1,0,0,0,0,1,1,0,1,1,1,0,0,1,0,1,1,1,1,0,1,1,1,1,1,1
189.14,2.99,29.5,1.41,0.36,0.14,15.78,36.86,13.84,0.9,0.79,81,0.88,1,1,0,0,0,0,1,1,0,1,1,1,0,0,1,0,1,1,1,1,0,1,1,1,1,1,1
137.0,2.77,40.78,0.19,0.32,1.16,62.26,37.91,17.91,0.45,0.92,90,0.28,1,1,0,0,0,0,1,1,0,1,1,1,0,0,1,0,1,1,1,1,0,1,1,1,1,1,1
139.93,2.01,37.05,0.21,0.39,1.77,27.57,38.76,16.62,0.95,0.1,84,0.96,1,1,0,0,0,0,1,1,0,1,1,1,0,0,1,0,1,1,1,1,0,1,1,1,1,1,1
132.64,4.93,28.08,1.75,0.31,2.82,31.69,62.72,6.2,0.24,0.77,72,0.11,1,1,0,0,0,0,1,1,0,1,1,1,0,0,1,0,1,1,1,1,0,1,1,1,1,1,1
138.91,4.71,36.94,1.58,0.12,2.78,82.11,41.24,18.11,0.26,0.21,80,0.91,1,1,0,0,0,0,1,1,0,1,1,1,0,0,1,0,1,1,1,1,0,1,1,1,1,1,1
194.09,2.99,39.99,1.35,0.81,0.89,51.01,63.38,5.39,0.38,0.7,87,0.5,1,1,0,0,0,0,1,1,0,1,1,1,0,0,1,0,1,1,1,1,0,1,1,1,1,1,1
153.71,4.27,37.25,1.75,0.54,0.71,85.11,57.86,8.1,0.62,0.36,80,0.45,1,1,0,0,0,0,1,1,0,1,1,1,0,0,1,0,1,1,1,1,0,1,1,1,1,1,1
180.85,2.29,34.73,1.97,0.81,0.48,27.78,46.49,14.76,0.76,0.75,83,0.81,1,1,0,0,0,0,1,1,0,1,1,1,0,0,1,0,1,1,1,1,0,1,1,1,1,1,1
160.6,2.37,37.6,1.9,0.79,1.74,64.68,76.53,11.43,0.33,0.98,75,0.64,1,1,0,0,0,0,1,1,0,1,1,1,0,0,1,0,1,1,1,1,0,1,1,1,1,1,1
198.07,2.2,35.1,0.49,0.48,2.76,72.4,63.1,11.62,0.67,0.03,86,0.63,1,1,0,0,0,0,1,1,0,1,1,1,0,0,1,0,1,1,1,1,0,1,1,1,1,1,1
133.62,2.63,29.26,0.58,0.63,1.7,61.21,57.46,9.1,0.24,0.14,72,0.62,1,1,0,0,0,0,1,1,0,1,1,1,0,0,1,0,1,1,1,1,0,1,1,1,1,1,1
143.06,2.53,42.84,1.49,0.66,1.22,26.2,78.97,16.96,0.3,0.85,73,0.85,1,1,0,0,0,0,1,1,0,1,1,1,0,0,1,0,1,1,1,1,0,1,1,1,1,1,1
160.63,4.9,44.22,1.55,0.93,2.12,89.56,41.82,10.18,0.75,0.42,83,0.76,1,1,0,0,0,0,1,1,0,1,1,1,0,0,1,0,1,1,1,1,0,1,1,1,1,1,1
154.43,3.36,38.11,1.95,0.33,2.77,26.94,79.45,15.05,0.46,0.61,73,0.32,1,1,0,0,0,0,1,1,0,1,1,1,0,0,1,0,1,1,1,1,0,1,1,1,1,1,1
146.25,4.64,42.21,0.46,0.04,2.41,61.55,35.04,13.81,0.45,0.77,90,0.47,1,1,0,0,0,0,1,1,0,1,1,1,0,0,1,0,1,1,1,1,0,1,1,1,1,1,1
175.39,2.08,28.25,0.26,0.25,1.29,48.74,36.9,15.1,0.6,0.29,84,0.52,1,1,0,0,0,0,1,1,0,1,1,1,0,0,1,0,1,1,1,1,0,1,1,1,1,1,1
184.79,4.52,37.92,0.81,0.95,0.74,80.31,60.6,10.65,0.0,0.45,75,0.36,1,1,0,0,0,0,1,1,0,1,1,1,0,0,1,0,1,1,1,1,0,1,1,1,1,1,1
155.55,4.64,28.67,1.98,0.66,2.04,3.8,60.28,12.27,0.11,0.28,88,0.6,1,1,0,0,0,0,1,1,0,1,1,1,0,0,1,0,1,1,1,1,0,1,1,1,1,1,1
160.62,4.47,43.71,1.28,0.82,0.18,90.61,39.45,8.85,0.05,0.97,73,0.45,1,1,0,0,0,0,1,1,0,1,1,1,0,0,1,0,1,1,1,1,0,1,1,1,1,1,1
186.4,2.48,32.98,1.36,0.32,2.38,13.05,68.13,6.03,0.01,0.9,71,0.89,1,1,0,0,0,0,1,1,0,1,1,1,0,0,1,0,1,1,1,1,0,1,1,1,1,1,1
184.34,4.15,32.5,1.24,0.52,2.59,49.17,36.39,5.07,0.68,0.55,75,0.08,1,1,0,0,0,0,1,1,0,1,1,1,0,0,1,0,1,1,1,1,0,1,1,1,1,1,1
135.14,2.59,36.25,1.57,0.49,1.01,8.24,57.51,9.07,0.61,0.98,73,0.32,1,1,0,0,0,0,1,1,0,1,1,1,0,0,1,0,1,1,1,1,0,1,1,1,1,1,1
134.73,2.1,38.29,1.24,0.53,2.29,3.92,76.8,6.43,0.67,0.13,75,0.08,1,1,0,0,0,0,1,1,0,1,1,1,0,0,1,0,1,1,1,1,0,1,1,1,1,1,1
173.17,2.03,41.19,1.3,0.21,1.12,0.78,64.68,9.84,0.57,0.96,81,0.99,1,1,0,0,0,0,1,1,0,1,1,1,0,0,1,0,1,1,1,1,0,1,1,1,1,1,1
174.29,2.73,35.43,1.48,0.45,0.21,16.86,69.56,14.73,0.57,0.17,78,0.93,1,1,0,0,0,0,1,1,0,1,1,1,0,0,1,0,1,1,1,1,0,1,1,1,1,1,1
179.5,2.99,34.64,1.48,0.6,2.01,38.92,54.39,19.85,0.21,0.42,76,0.21,1,1,0,0,0,0,1,1,0,1,1,1,0,0,1,0,1,1,1,1,0,1,1,1,1,1,1
171.85,4.34,33.76,0.76,0.89,1.21,62.47,74.46,8.15,0.98,0.7,87,0.43,1,1,0,0,0,0,1,1,0,1,1,1,0,0,1,0,1,1,1,1,0,1,1,1,1,1,1
196.81,2.62,33.3,0.62,0.29,1.41,98.92,74.44,9.92,0.42,0.67,77,0.82,1,1,0,0,0,0,1,1,0,1,1,1,0,0,1,0,1,1,1,1,0,1,1,1,1,1,1
191.59,4.57,34.38,0.92,0.01,1.2,46.04,75.35,18.41,0.97,0.89,77,0.64,1,1,0,0,0,0,1,1,0,1,1,1,0,0,1,0,1,1,1,1,0,1,1,1,1,1,1
134.78,2.82,37.83,1.4,0.65,0.15,10.36,36.43,6.37,0.18,0.69,70,0.19,1,1,0,0,0,0,1,1,0,1,1,1,0,0,1,0,1,1,1,1,0,1,1,1,1,1,1
165.03,4.38,30.55,1.32,0.32,1.02,66.19,53.35,17.18,0.16,0.79,78,0.05,1,1,0,0,0,0,1,1,0,1,1,1,0,0,1,0,1,1,1,1,0,1,1,1,1,1,1
194.13,4.73,31.84,1.09,0.96,1.49,39.36,54.16,16.85,0.48,0.78,80,0.34,1,1,0,0,0,0,1,1,0,1,1,1,0,0,1,0,1,1,1,1,0,1,1,1,1,1,1
174.32,2.15,38.35,0.31,0.83,1.07,28.16,72.04,5.75,0.4,0.37,86,0.17,1,1,0,0,0,0,1,1,0,1,1,1,0,0,1,0,1,1,1,1,0,1,1,1,1,1,1
195.48,4.61,42.7,1.39,0.62,0.04,74.81,34.58,8.9,0.55,0.45,70,0.82,1,1,0,0,0,0,1,1,0,1,1,1,0,0,1,0,1,1,1,1,0,1,1,1,1,1,1
191.52,4.05,37.2,1.92,0.12,2.21,12.84,49.09,13.78,0.74,0.0,83,0.23,1,1,0,0,0,0,1,1,0,1,1,1,0,0,1,0,1,1,1,1,0,1,1,1,1,1,1
182.06,3.58,34.99,0.54,1.0,0.22,4.36,40.86,19.57,0.98,0.65,84,0.27,1,1,0,0,0,0,1,1,0,1,1,1,0,0,1,0,1,1,1,1,0,1,1,1,1,1,1
157.47,3.2,31.04,0.0,0.85,2.15,69.05,57.33,15.51,0.94,0.67,75,0.83,1,1,0,0,0,0,1,1,0,1,1,1,0,0,1,0,1,1,1,1,0,1,1,1,1,1,1
162.11,3.78,32.54,1.29,0.99,0.15,88.65,58.11,8.78,0.95,0.48,77,0.98,1,1,0,0,0,0,1,1,0,1,1,1,0,0,1,0,1,1,1,1,0,1,1,1,1,1,1
151.27,2.8,30.2,1.02,0.15,1.85,15.52,58.83,17.39,0.04,0.42,89,0.88,1,1,0,0,0,0,1,1,0,1,1,1,0,0,1,0,1,1,1,1,0,1,1,1,1,1,1
184.72,2.05,41.89,0.6,0.15,0.68,46.86,51.24,9.33,0.17,0.76,72,0.3,1,1,0,0,0,0,1,1,0,1,1,1,0,0,1,0,1,1,1,1,0,1,1,1,1,1,1
147.14,2.65,30.32,1.1,0.61,2.12,68.02,44.62,9.95,0.68,0.35,78,0.43,1,1,0,0,0,0,1,1,0,1,1,1,0,0,1,0,1,1,1,1,0,1,1,1,1,1,1
134.02,3.36,41.52,0.78,0.38,0.05,45.78,31.27,13.56,0.51,0.84,74,0.32,1,1,0,0,0,0,1,1,0,1,1,1,0,0,1,0,1,1,1,1,0,1,1,1,1,1,1
166.14,4.1,29.6,1.24,0.92,0.9,62.66,71.07,12.68,0.72,0.31,81,0.19,1,1,0,0,0,0,1,1,0,1,1,1,0,0,1,0,1,1,1,1,0,1,1,1,1,1,1
175.84,3.13,44.7,1.33,0.96,0.6,86.4,46.07,19.84,0.16,0.52,76,0.99,1,1,0,0,0,0,1,1,0,1,1,1,0,0,1,0,1,1,1,1,0,1,1,1,1,1,1
184.81,2.21,42.83,1.27,0.89,1.03,46.45,74.81,9.09,0.92,0.83,90,0.62,1,1,0,0,0,0,1,1,0,1,1,1,0,0,1,0,1,1,1,1,0,1,1,1,1,1,1
143.23,2.58,39.11,0.11,0.31,0.45,58.02,63.09,15.82,0.26,0.09,74,0.62,1,1,0,0,0,0,1,1,0,1,1,1,0,0,1,0,1,1,1,1,0,1,1,1,1,1,1
173.81,2.89,35.06,1.6,0.31,1.41,1.96,66.68,11.27,0.53,0.11,89,0.61,1,1,0,0,0,0,1,1,0,1,1,1,0,0,1,0,1,1,1,1,0,1,1,1,1,1,1
167.17,4.05,38.84,1.76,0.59,2.34,24.87,63.91,18.53,0.39,0.78,74,0.9,1,1,0,0,0,0,1,1,0,1,1,1,0,0,1,0,1,1,1,1,0,1,1,1,1,1,1
139.16,3.98,37.31,0.99,0.31,1.51,16.18,48.47,6.48,0.57,0.1,88,0.8,1,1,0,0,0,0,1,1,0,1,1,1,0,0,1,0,1,1,1,1,0,1,1,1,1,1,1
287.26,25.57,2.47,10.6,0.0,0.0,241.27,389.58,15.75,3.76,1.28,4,3.63,1,1,2,0,0,0,1,1,0,1,1,0,0,0,1,1,0,1,0,0,0,1,0,0,0,0,0
243.83,22.95,0.83,13.68,0.0,0.0,212.38,293.55,13.64,2.77,0.25,0,6.16,1,1,2,0,0,0,1,0,0,1,1,0,0,0,1,1,0,1,0,0,0,0,0,0,0,0,0
240.55,26.96,2.6,18.69,0.0,0.0,115.27,255.74,18.64,3.3,0.16,3,7.04,1,1,2,0,0,0,0,0,0,1,1,0,0,0,1,1,0,1,0,0,0,0,0,0,0,0,0
281.11,25.21,1.93,14.78,0.0,0.0,74.14,208.0,12.19,3.2,0.16,2,6.43,1,1,2,0,0,0,1,0,0,1,1,0,0,0,1,1,0,1,0,0,0,0,0,0,0,0,0
154.33,18.64,1.61,16.63,0.0,0.0,252.67,282.38,16.2,2.81,1.36,4,3.36,1,1,2,0,0,0,0,0,0,1,1,0,0,0,1,1,0,1,0,0,0,1,0,0,0,0,0
186.14,24.84,0.26,10.94,0.0,0.0,67.38,209.54,5.92,3.88,1.7,3,8.15,1,1,2,0,0,0,1,0,0,1,1,0,0,0,1,1,0,1,0,0,0,0,0,0,0,0,0
151.18,23.39,2.38,11.19,0.0,0.0,213.76,289.17,10.2,3.67,1.52,1,6.39,1,1,2,0,0,0,1,0,0,1,1,0,0,0,1,1,0,1,0,0,0,0,0,0,0,0,0
182.76,24.03,1.68,12.56,0.0,0.0,230.3,230.13,18.25,2.33,0.45,2,8.23,1,1,2,0,0,0,1,0,0,1,1,0,0,0,1,0,0,1,0,0,0,0,0,0,0,0,0
209.62,20.1,1.56,19.06,0.0,0.0,220.69,285.44,13.87,3.47,1.03,0,7.87,1,1,2,0,0,0,0,0,0,1,1,0,0,0,1,1,0,1,0,0,0,0,0,0,0,0,0
167.76,20.51,0.42,12.68,0.0,0.0,77.18,350.41,5.69,2.4,1.58,2,4.27,1,1,2,0,0,0,1,1,0,1,1,0,0,0,1,0,0,1,0,0,0,1,0,0,0,0,0
269.59,22.57,0.98,9.9,0.0,0.0,187.61,224.42,6.69,2.14,1.49,1,8.86,1,1,2,0,0,0,1,0,0,1,1,0,0,0,1,0,0,1,1,0,0,0,0,0,1,0,0
241.95,19.72,0.06,8.38,0.0,0.0,80.21,244.26,9.91,2.44,0.78,1,9.75,1,1,2,0,0,0,1,0,0,1,1,0,0,0,1,0,0,1,1,0,0,0,0,0,1,0,0
289.63,23.7,2.2,19.41,0.0,0.0,57.45,312.67,16.44,2.73,1.09,5,3.64,1,1,2,0,0,0,0,0,0,1,1,0,0,0,1,1,0,1,0,0,0,1,0,0,0,0,0
262.5,19.76,1.12,8.34,0.0,0.0,63.6,331.33,17.56,2.75,1.75,1,5.28,1,1,2,0,0,0,1,0,0,1,1,0,0,0,1,1,0,1,1,0,0,0,0,0,1,0,0
172.61,24.21,1.26,15.36,0.0,0.0,206.91,387.05,9.49,2.72,1.44,2,7.29,1,1,2,0,0,0,0,0,0,1,1,0,0,0,1,1,0,1,0,0,0,0,0,0,0,0,0
273.08,21.43,0.58,10.38,0.0,0.0,101.58,229.01,6.81,3.26,0.0,4,6.8,1,1,2,0,0,0,1,0,0,1,1,0,0,0,1,1,0,1,0,0,0,0,0,0,0,0,0
269.85,18.36,2.95,13.46,0.0,0.0,93.59,358.31,19.33,2.83,1.9,0,4.93,1,1,2,0,0,0,1,1,0,1,1,0,0,0,1,1,0,1,0,0,0,1,0,0,0,0,0
207.26,21.75,0.73,13.17,0.0,0.0,241.27,231.71,13.89,3.79,0.22,2,7.18,1,1,2,0,0,0,1,0,0,1,1,0,0,0,1,1,0,1,0,0,0,0,0,0,0,0,0
193.1,23.92,0.89,8.67,0.0,0.0,248.06,392.29,11.4,3.03,0.29,0,5.04,1,1,2,0,0,0,1,0,0,1,1,0,0,0,1,1,0,1,1,0,0,0,0,0,1,0,0
278.18,27.99,0.95,9.79,0.0,0.0,75.1,389.35,6.17,3.25,0.85,3,7.6,1,1,2,0,0,0,1,0,0,1,1,0,0,0,1,1,0,1,1,0,0,0,0,0,1,0,0
287.83,22.01,0.58,11.25,0.0,0.0,163.75,229.93,11.75,2.56,1.89,4,6.35,1,1,2,0,0,0,1,0,0,1,1,0,0,0,1,1,0,1,0,0,0,0,0,0,0,0,0
230.64,22.92,2.41,16.04,0.0,0.0,134.77,313.13,9.37,2.23,1.31,1,5.34,1,1,2,0,0,0,0,0,0,1,1,0,0,0,1,0,0,1,0,0,0,0,0,0,0,0,0
293.98,23.2,1.2,14.26,0.0,0.0,94.68,316.99,14.98,3.43,1.76,0,4.2,1,1,2,0,0,0,1,1,0,1,1,0,0,0,1,1,0,1,0,0,0,1,0,0,0,0,0
294.83,23.27,1.66,18.89,0.0,0.0,124.02,300.32,18.0,3.59,1.93,0,3.59,1,1,2,0,0,0,0,0,0,1,1,0,0,0,1,1,0,1,0,0,0,1,0,0,0,0,0
200.93,21.11,2.86,17.4,0.0,0.0,91.84,395.69,10.63,2.21,0.99,3,5.77,1,1,2,0,0,0,0,0,0,1,1,0,0,0,1,0,0,1,0,0,0,0,0,0,0,0,0
200.01,21.39,0.59,18.33,0.0,0.0,120.87,379.89,16.86,3.16,1.34,3,6.87,1,1,2,0,0,0,0,0,0,1,1,0,0,0,1,1,0,1,0,0,0,0,0,0,0,0,0
295.15,27.96,0.35,18.19,0.0,0.0,203.27,211.19,12.6,3.74,0.43,5,9.43,1,1,2,0,0,0,0,0,0,1,1,0,0,0,1,1,0,1,0,0,0,0,0,0,0,0,0
187.28,24.13,1.2,8.14,0.0,0.0,191.25,376.29,16.87,3.11,0.15,3,8.02,1,1,2,0,0,0,1,0,0,1,1,0,0,0,1,1,0,1,1,0,0,0,0,0,1,0,0
233.71,18.57,0.51,11.42,0.0,0.0,54.59,351.14,8.98,2.62,1.06,3,7.03,1,1,2,0,0,0,1,0,0,1,1,0,0,0,1,1,0,1,0,0,0,0,0,0,0,0,0
178.39,24.03,0.09,9.43,0.0,0.0,80.14,223.99,15.89,3.14,1.07,4,3.19,1,1,2,0,0,0,1,1,0,1,1,0,0,0,1,1,0,1,1,1,0,1,0,0,1,0,0
273.58,19.99,0.18,10.85,0.0,0.0,206.08,247.52,12.55,3.85,1.63,3,7.43,1,1,2,0,0,0,1,0,0,1,1,0,0,0,1,1,0,1,0,0,0,0,0,0,0,0,0
258.01,19.61,1.9,8.63,0.0,0.0,92.93,213.05,11.66,3.7,0.15,3,9.3,1,1,2,0,0,0,1,0,0,1,1,0,0,0,1,1,0,1,1,0,0,0,0,0,1,0,0
167.72,21.11,2.34,14.52,0.0,0.0,280.14,386.98,7.33,2.07,1.98,1,3.3,1,1,2,0,0,0,1,0,0,1,1,0,0,0,1,0,0,1,0,0,0,1,0,0,0,0,0
296.15,18.17,2.84,12.42,0.0,0.0,295.14,393.13,7.41,2.36,1.13,4,8.93,1,1,2,0,0,0,1,0,0,1,1,0,0,0,1,0,0,1,0,0,0,0,0,0,0,0,0
212.21,18.36,0.96,17.16,0.0,0.0,111.63,312.72,17.18,3.49,1.12,3,6.84,1,1,2,0,0,0,0,0,0,1,1,0,0,0,1,1,0,1,0,0,0,0,0,0,0,0,0
150.53,18.4,0.6,10.23,0.0,0.0,140.02,284.11,6.48,2.08,1.35,4,6.11,1,1,2,0,0,0,1,0,0,1,1,0,0,0,1,0,0,1,0,0,0,0,0,0,0,0,0
245.17,26.28,1.28,15.69,0.0,0.0,156.5,328.94,7.66,3.12,1.96,5,4.05,1,1,2,0,0,0,0,0,0,1,1,0,0,0,1,1,0,1,0,0,0,1,0,0,0,0,0
288.46,23.65,0.99,9.68,0.0,0.0,146.24,249.22,13.66,2.84,0.33,4,4.36,1,1,2,0,0,0,1,1,0,1,1,0,0,0,1,1,0,1,1,0,0,1,0,0,1,0,0
296.09,21.62,1.8,15.32,0.0,0.0,218.61,280.75,17.94,2.36,1.09,3,4.9,1,1,2,0,0,0,0,0,0,1,1,0,0,0,1,0,0,1,0,0,0,1,0,0,0,0,0
296.87,20.7,2.08,11.04,0.0,0.0,264.08,376.53,9.45,3.65,0.72,1,9.78,1,1,2,0,0,0,1,0,0,1,1,0,0,0,1,1,0,1,0,0,0,0,0,0,0,0,0
254.25,22.01,0.58,12.27,0.0,0.0,276.69,399.53,7.46,2.11,0.66,2,5.46,1,1,2,0,0,0,1,0,0,1,1,0,0,0,1,0,0,1,0,0,0,0,0,0,0,0,0
214.3,26.24,2.3,12.5,0.0,0.0,54.55,360.44,19.2,2.06,0.09,1,3.64,1,1,2,0,0,0,1,1,0,1,1,0,0,0,1,0,0,1,0,0,0,1,0,0,0,0,0
215.47,23.82,1.57,11.97,0.0,0.0,101.5,330.97,5.65,2.13,1.1,0,5.53,1,1,2,0,0,0,1,0,0,1,1,0,0,0,1,0,0,1,0,0,0,0,0,0,0,0,0
175.61,26.67,1.18,19.1,0.0,0.0,193.48,205.43,8.95,3.42,1.36,4,8.66,1,1,2,0,0,0,0,0,0,1,1,0,0,0,1,1,0,1,0,0,0,0,0,0,0,0,0
185.38,22.61,1.42,12.09,0.0,0.0,184.8,302.1,7.39,2.74,1.35,2,3.32,1,1,2,0,0,0,1,1,0,1,1,0,0,0,1,1,0,1,0,0,0,1,0,0,0,0,0
150.28,21.51,0.72,8.75,0.0,0.0,278.72,228.05,13.06,3.19,1.09,1,6.81,1,1,2,0,0,0,1,0,0,1,1,0,0,0,1,1,0,1,1,0,0,0,0,0,1,0,0
270.64,23.37,2.72,8.7,0.0,0.0,215.09,366.68,15.89,3.58,0.58,5,8.3,1,1,2,0,0,0,1,0,0,1,1,0,0,0,1,1,0,1,1,0,0,0,0,0,1,0,0
212.88,20.97,1.41,9.12,0.0,0.0,96.79,300.84,17.74,2.47,1.87,5,9.91,1,1,2,0,0,0,1,0,0,1,1,0,0,0,1,0,0,1,1,0,0,0,0,0,1,0,0
214.66,21.06,1.1,12.76,0.0,0.0,129.13,393.26,7.3,3.49,0.71,4,6.56,1,1,2,0,0,0,1,0,0,1,1,0,0,0,1,1,0,1,0,0,0,0,0,0,0,0,0
233.33,26.25,1.51,19.0,0.0,0.0,87.08,371.07,15.13,2.34,0.38,3,3.55,1,1,2,0,0,0,0,0,0,1,1,0,0,0,1,0,0,1,0,0,0,1,0,0,0,0,0
222.95,20.1,0.6,19.29,0.0,0.0,109.73,223.71,18.06,2.01,0.78,0,5.88,1,1,2,0,0,0,0,0,0,1,1,0,0,0,1,0,0,1,0,0,0,0,0,0,0,0,0
257.41,19.09,0.81,8.56,0.0,0.0,56.17,335.06,18.99,2.47,1.39,1,8.14,1,1,2,0,0,0,1,0,0,1,1,0,0,0,1,0,0,1,1,0,0,0,0,0,1,0,0
290.69,23.29,0.03,12.06,0.0,0.0,159.07,326.53,6.82,2.55,1.02,2,5.05,1,1,2,0,0,0,1,0,0,1,1,0,0,0,1,1,0,1,0,0,0,0,0,0,0,0,0
181.72,20.66,0.28,12.16,0.0,0.0,236.69,265.09,15.02,3.43,1.16,2,7.79,1,1,2,0,0,0,1,0,0,1,1,0,0,0,1,1,0,1,0,0,0,0,0,0,0,0,0
178.02,23.43,2.96,13.19,0.0,0.0,84.41,283.72,17.75,3.86,1.2,3,5.95,1,1,2,0,0,0,1,0,0,1,1,0,0,0,1,1,0,1,0,0,0,0,0,0,0,0,0
278.1,25.72,0.19,15.45,0.0,0.0,289.22,375.81,11.07,2.58,0.47,1,9.61,1,1,2,0,0,0,0,0,0,1,1,0,0,0,1,1,0,1,0,0,0,0,0,0,0,0,0
273.57,24.38,0.19,15.83,0.0,0.0,259.53,262.63,13.55,3.3,1.36,0,8.85,1,1,2,0,0,0,0,0,0,1,1,0,0,0,1,1,0,1,0,0,0,0,0,0,0,0,0
242.37,24.34,1.62,19.13,0.0,0.0,126.44,291.92,7.8,3.27,1.0,2,4.38,1,1,2,0,0,0,0,0,0,1,1,0,0,0,1,1,0,1,0,0,0,1,0,0,0,0,0
221.94,26.88,1.7,16.18,0.0,0.0,161.84,331.83,5.76,2.99,0.59,1,8.83,1,1,2,0,0,0,0,0,0,1,1,0,0,0,1,1,0,1,0,0,0,0,0,0,0,0,0
218.9,24.8,1.96,8.46,0.0,0.0,284.72,356.09,18.82,2.61,0.5,0,3.31,1,1,2,0,0,0,1,0,0,1,1,0,0,0,1,1,0,1,1,1,0,1,0,0,1,0,0
196.26,24.79,1.7,13.24,0.0,0.0,157.68,300.34,18.52,2.52,1.74,3,3.72,1,1,2,0,0,0,1,1,0,1,1,0,0,0,1,1,0,1,0,0,0,1,0,0,0,0,0
169.73,24.76,0.69,17.49,0.0,0.0,169.67,281.22,18.1,2.06,1.79,4,8.16,1,1,2,0,0,0,0,0,0,1,1,0,0,0,1,0,0,1,0,0,0,0,0,0,0,0,0
150.39,24.28,1.77,14.45,0.0,0.0,264.27,246.53,17.09,2.36,1.63,2,8.35,1,1,2,0,0,0,1,0,0,1,1,0,0,0,1,0,0,1,0,0,0,0,0,0,0,0,0
162.57,19.61,2.2,13.18,0.0,0.0,201.84,237.03,14.4,2.35,0.13,5,6.88,1,1,2,0,0,0,1,0,0,1,1,0,0,0,1,0,0,1,0,0,0,0,0,0,0,0,0
290.7,25.24,1.65,17.24,0.0,0.0,152.67,255.93,14.15,3.37,0.92,3,5.41,1,1,2,0,0,0,0,0,0,1,1,0,0,0,1,1,0,1,0,0,0,0,0,0,0,0,0
247.36,26.83,0.55,18.08,0.0,0.0,59.29,228.16,18.76,2.92,0.16,2,7.92,1,1,2,0,0,0,0,0,0,1,1,0,0,0,1,1,0,1,0,0,0,0,0,0,0,0,0
221.53,21.12,0.86,16.77,0.0,0.0,145.99,354.18,7.14,2.41,1.37,1,3.76,1,1,2,0,0,0,0,0,0,1,1,0,0,0,1,0,0,1,0,0,0,1,0,0,0,0,0
290.26,20.91,1.56,12.7,0.0,0.0,244.64,371.08,11.53,2.76,1.5,2,5.64,1,1,2,0,0,0,1,0,0,1,1,0,0,0,1,1,0,1,0,0,0,0,0,0,0,0,0
151.21,25.59,1.88,17.81,0.0,0.0,211.9,200.72,8.81,2.99,1.24,1,8.83,1,1,2,0,0,0,0,0,0,1,1,0,0,0,1,1,0,1,0,0,0,0,0,0,0,0,0
152.88,19.12,2.97,11.36,0.0,0.0,140.27,350.57,14.87,3.16,1.06,3,4.64,1,1,2,0,0,0,1,1,0,1,1,0,0,0,1,1,0,1,0,0,0,1,0,0,0,0,0
216.37,19.55,1.79,11.01,0.0,0.0,56.69,218.39,15.29,2.86,1.73,2,7.32,1,1,2,0,0,0,1,0,0,1,1,0,0,0,1,1,0,1,0,0,0,0,0,0,0,0,0
164.06,25.81,2.97,14.37,0.0,0.0,159.4,371.22,7.51,2.53,0.89,0,3.24,1,1,2,0,0,0,1,1,0,1,1,0,0,0,1,1,0,1,0,0,0,1,0,0,0,0,0
210.65,25.85,2.44,19.13,0.0,0.0,176.42,206.47,14.7,3.11,1.33,5,8.57,1,1,2,0,0,0,0,0,0,1,1,0,0,0,1,1,0,1,0,0,0,0,0,0,0,0,0
199.9,23.93,1.48,19.35,0.0,0.0,61.59,309.93,12.0,3.86,0.51,3,5.88,1,1,2,0,0,0,0,0,0,1,1,0,0,0,1,1,0,1,0,0,0,0,0,0,0,0,0
186.51,19.29,2.57,14.7,0.0,0.0,120.51,309.55,6.25,3.83,0.81,3,9.79,1,1,2,0,0,0,1,0,0,1,1,0,0,0,1,1,0,1,0,0,0,0,0,0,0,0,0
297.62,19.87,2.59,12.69,0.0,0.0,61.18,253.6,5.81,3.85,1.32,1,7.75,1,1,2,0,0,0,1,0,0,1,1,0,0,0,1,1,0,1,0,0,0,0,0,0,0,0,0
237.38,23.53,2.58,9.22,0.0,0.0,252.82,243.29,17.04,2.8,0.38,4,7.33,1,1,2,0,0,0,1,0,0,1,1,0,0,0,1,1,0,1,1,0,0,0,0,0,1,0,0
155.04,21.97,1.75,16.85,0.0,0.0,253.51,390.78,8.45,2.51,1.88,3,4.02,1,1,2,0,0,0,0,0,0,1,1,0,0,0,1,1,0,1,0,0,0,1,0,0,0,0,0
154.47,27.34,1.58,14.45,0.0,0.0,170.48,393.73,15.08,2.31,0.27,1,8.42,1,1,2,0,0,0,1,0,0,1,1,0,0,0,1,0,0,1,0,0,0,0,0,0,0,0,0
295.77,21.59,1.22,18.87,0.0,0.0,277.22,364.32,19.59,2.12,0.31,3,5.88,1,1,2,0,0,0,0,0,0,1,1,0,0,0,1,0,0,1,0,0,0,0,0,0,0,0,0
233.25,20.43,0.16,19.27,0.0,0.0,168.12,298.32,5.28,2.3,0.76,2,4.73,1,1,2,0,0,0,0,0,0,1,1,0,0,0,1,0,0,1,0,0,0,1,0,0,0,0,0
196.39,26.86,0.89,16.95,0.0,0.0,183.37,365.31,19.85,2.75,0.5,0,3.99,1,1,2,0,0,0,0,0,0,1,1,0,0,0,1,1,0,1,0,0,0,1,0,0,0,0,0
278.03,23.89,2.62,17.47,0.0,0.0,62.08,374.46,11.27,3.12,0.04,3,8.94,1,1,2,0,0,0,0,0,0,1,1,0,0,0,1,1,0,1,0,0,0,0,0,0,0,0,0
262.77,22.5,1.84,16.26,0.0,0.0,211.27,311.49,14.66,3.23,1.44,2,6.64,1,1,2,0,0,0,0,0,0,1,1,0,0,0,1,1,0,1,0,0,0,0,0,0,0,0,0
252.27,22.49,0.73,8.02,0.0,0.0,293.01,272.3,10.91,2.4,0.14,2,4.54,1,1,2,0,0,0,1,0,0,1,1,0,0,0,1,0,0,1,1,0,0,1,0,0,1,0,0
177.04,18.16,0.63,14.22,0.0,0.0,68.07,348.93,16.37,4.0,1.8,5,5.01,1,1,2,0,0,0,1,0,0,1,1,0,0,0,1,1,0,1,0,0,0,0,0,0,0,0,0
295.84,23.59,1.12,18.66,0.0,0.0,285.3,369.9,17.66,3.02,1.58,1,7.01,1,1,2,0,0,0,0,0,0,1,1,0,0,0,1,1,0,1,0,0,0,0,0,0,0,0,0
297.58,20.91,2.38,13.89,0.0,0.0,92.14,326.29,6.28,3.89,0.58,4,3.9,1,1,2,0,0,0,1,1,0,1,1,0,0,0,1,1,0,1,0,0,0,1,0,0,0,0,0
291.9,25.12,2.22,13.99,0.0,0.0,189.96,249.38,19.66,3.59,0.83,5,9.26,1,1,2,0,0,0,1,0,0,1,1,0,0,0,1,1,0,1,0,0,0,0,0,0,0,0,0
196.66,21.11,0.68,11.8,0.0,0.0,274.76,220.44,7.14,3.72,0.8,3,9.63,1,1,2,0,0,0,1,0,0,1,1,0,0,0,1,1,0,1,0,0,0,0,0,0,0,0,0
293.12,27.9,2.42,10.26,0.0,0.0,129.53,391.31,16.84,3.45,0.37,3,3.95,1,1,2,0,0,0,1,1,0,1,1,0,0,0,1,1,0,1,0,0,0,1,0,0,0,0,0
212.37,19.49,1.97,17.42,0.0,0.0,284.59,327.67,10.46,2.9,1.72,3,4.49,1,1,2,0,0,0,0,0,0,1,1,0,0,0,1,1,0,1,0,0,0,1,0,0,0,0,0
161.82,20.77,0.75,10.81,0.0,0.0,132.03,364.07,7.76,2.93,0.03,4,3.39,1,1,2,0,0,0,1,1,0,1,1,0,0,0,1,1,0,1,0,0,0,1,0,0,0,0,0
296.66,25.91,1.47,9.04,0.0,0.0,97.68,313.64,17.21,3.54,1.61,2,4.84,1,1,2,0,0,0,1,1,0,1,1,0,0,0,1,1,0,1,1,0,0,1,0,0,1,0,0
200.72,19.07,2.09,10.49,0.0,0.0,113.91,259.4,16.53,2.86,1.64,0,3.59,1,1,2,0,0,0,1,1,0,1,1,0,0,0,1,1,0,1,0,0,0,1,0,0,0,0,0
261.24,24.93,0.75,11.03,0.0,0.0,269.12,370.43,19.47,3.16,1.82,1,7.16,1,1,2,0,0,0,1,0,0,1,1,0,0,0,1,1,0,1,0,0,0,0,0,0,0,0,0
277.59,18.09,0.11,15.16,0.0,0.0,125.5,286.41,12.92,2.55,1.82,1,5.19,1,1,2,0,0,0,0,0,0,1,1,0,0,0,1,1,0,1,0,0,0,0,0,0,0,0,0
176.16,23.89,0.76,11.11,0.0,0.0,80.33,235.1,8.71,3.95,0.79,1,6.43,1,1,2,0,0,0,1,0,0,1,1,0,0,0,1,1,0,1,0,0,0,0,0,0,0,0,0
161.12,18.35,1.41,12.78,0.0,0.0,298.23,279.13,14.37,3.93,1.66,2,4.55,1,1,2,0,0,0,1,0,0,1,1,0,0,0,1,1,0,1,0,0,0,1,0,0,0,0,0
154.22,27.8,2.94,12.54,0.0,0.0,257.75,225.0,7.03,3.64,1.84,4,7.08,1,1,2,0,0,0,1,0,0,1,1,0,0,0,1,1,0,1,0,0,0,0,0,0,0,0,0
297.75,18.96,0.86,18.43,0.0,0.0,181.07,281.65,9.65,2.59,0.61,2,8.07,1,1,2,0,0,0,0,0,0,1,1,0,0,0,1,1,0,1,0,0,0,0,0,0,0,0,0
250.46,25.99,0.77,15.42,0.0,0.0,127.31,328.64,18.23,2.8,0.13,0,9.35,1,1,2,0,0,0,0,0,0,1,1,0,0,0,1,1,0,1,0,0,0,0,0,0,0,0,0
189.6,20.81,1.24,9.67,0.0,0.0,246.5,342.29,7.21,2.91,0.08,3,7.78,1,1,2,0,0,0,1,0,0,1,1,0,0,0,1,1,0,1,1,0,0,0,0,0,1,0,0
264.66,26.4,0.88,19.17,0.0,0.0,199.18,224.55,19.45,2.25,0.51,2,6.65,1,1,2,0,0,0,0,0,0,1,1,0,0,0,1,0,0,1,0,0,0,0,0,0,0,0,0
258.06,25.02,1.35,14.27,0.0,0.0,61.98,341.98,13.73,2.4,0.1,0,6.31,1,1,2,0,0,0,1,0,0,1,1,0,0,0,1,0,0,1,0,0,0,0,0,0,0,0,0
261.99,26.05,2.21,19.1,0.0,0.0,61.95,249.29,7.15,3.12,0.37,4,3.43,1,1,2,0,0,0,0,0,0,1,1,0,0,0,1,1,0,1,0,0,0,1,0,0,0,0,0
261.69,18.24,1.95,10.53,0.0,0.0,268.25,267.38,14.3,2.57,1.83,4,4.06,1,1,2,0,0,0,1,0,0,1,1,0,0,0,1,1,0,1,0,0,0,1,0,0,0,0,0
191.83,18.93,0.63,10.86,0.0,0.0,156.85,306.48,18.48,4.0,1.51,3,3.82,1,1,2,0,0,0,1,1,0,1,1,0,0,0,1,1,0,1,0,0,0,1,0,0,0,0,0
257.28,18.75,2.75,16.9,0.0,0.0,176.62,272.19,16.75,3.95,1.17,0,4.56,1,1,2,0,0,0,0,0,0,1,1,0,0,0,1,1,0,1,0,0,0,1,0,0,0,0,0
248.02,24.86,2.06,8.32,0.0,0.0,236.04,351.96,14.76,2.79,1.22,4,3.06,1,1,2,0,0,0,1,1,0,1,1,0,0,0,1,1,0,1,1,1,0,1,0,0,1,0,0
180.03,19.13,2.53,11.1,0.0,0.0,144.77,201.92,9.26,2.24,0.21,2,3.22,1,1,2,0,0,0,1,1,0,1,1,0,0,0,1,0,0,1,0,0,0,1,0,0,0,0,0
180.21,20.68,0.22,12.26,0.0,0.0,102.88,257.4,18.66,3.01,0.54,1,6.41,1,1,2,0,0,0,1,0,0,1,1,0,0,0,1,1,0,1,0,0,0,0,0,0,0,0,0
268.56,27.16,1.17,15.16,0.0,0.0,257.77,382.35,8.82,3.55,0.53,0,7.02,1,1,2,0,0,0,0,0,0,1,1,0,0,0,1,1,0,1,0,0,0,0,0,0,0,0,0
236.44,27.52,1.33,16.29,0.0,0.0,198.02,308.02,12.41,3.03,0.33,5,3.45,1,1,2,0,0,0,0,0,0,1,1,0,0,0,1,1,0,1,0,0,0,1,0,0,0,0,0
164.95,22.19,2.44,18.66,0.0,0.0,242.09,257.77,11.14,3.05,0.27,0,6.02,1,1,2,0,0,0,0,0,0,1,1,0,0,0,1,1,0,1,0,0,0,0,0,0,0,0,0
232.79,26.33,2.41,9.2,0.0,0.0,208.64,334.48,15.2,2.53,0.66,0,7.12,1,1,2,0,0,0,1,0,0,1,1,0,0,0,1,1,0,1,1,0,0,0,0,0,1,0,0
183.52,26.47,1.48,17.87,0.0,0.0,242.62,393.19,12.71,2.95,1.51,2,5.1,1,1,2,0,0,0,0,0,0,1,1,0,0,0,1,1,0,1,0,0,0,0,0,0,0,0,0
177.27,22.46,0.73,14.33,0.0,0.0,201.83,200.05,17.08,2.66,0.64,3,5.28,1,1,2,0,0,0,1,0,0,1,1,0,0,0,1,1,0,1,0,0,0,0,0,0,0,0,0
234.45,19.87,2.4,19.67,0.0,0.0,163.73,349.55,9.22,2.04,1.08,3,8.66,1,1,2,0,0,0,0,0,0,1,1,0,0,0,1,0,0,1,0,0,0,0,0,0,0,0,0
232.76,21.17,0.38,13.81,0.0,0.0,292.48,286.99,11.09,2.74,1.65,3,5.12,1,1,2,0,0,0,1,0,0,1,1,0,0,0,1,1,0,1,0,0,0,0,0,0,0,0,0
267.45,20.97,1.69,10.99,0.0,0.0,257.36,320.55,7.8,3.08,0.56,2,8.25,1,1,2,0,0,0,1,0,0,1,1,0,0,0,1,1,0,1,0,0,0,0,0,0,0,0,0
160.71,22.67,0.53,9.69,0.0,0.0,178.87,226.68,19.69,2.52,0.92,4,6.46,1,1,2,0,0,0,1,0,0,1,1,0,0,0,1,1,0,1,1,0,0,0,0,0,1,0,0
263.4,23.21,0.86,10.98,0.0,0.0,142.49,230.3,8.87,2.31,1.77,3,7.94,1,1,2,0,0,0,1,0,0,1,1,0,0,0,1,0,0,1,0,0,0,0,0,0,0,0,0
230.6,22.69,1.53,15.64,0.0,0.0,85.19,231.33,14.59,3.75,0.82,0,8.39,1,1,2,0,0,0,0,0,0,1,1,0,0,0,1,1,0,1,0,0,0,0,0,0,0,0,0
198.02,26.4,2.5,16.01,0.0,0.0,218.44,277.38,15.24,3.79,0.67,0,5.17,1,1,2,0,0,0,0,0,0,1,1,0,0,0,1,1,0,1,0,0,0,0,0,0,0,0,0
280.56,19.7,1.06,17.29,0.0,0.0,254.1,386.45,18.14,2.64,1.17,0,9.97,1,1,2,0,0,0,0,0,0,1,1,0,0,0,1,1,0,1,0,0,0,0,0,0,0,0,0
240.34,27.79,1.1,13.5,0.0,0.0,108.26,385.96,18.01,2.04,0.26,1,6.43,1,1,2,0,0,0,1,0,0,1,1,0,0,0,1,0,0,1,0,0,0,0,0,0,0,0,0
272.0,18.99,0.21,9.84,0.0,0.0,191.25,293.65,18.32,3.53,1.62,1,5.49,1,1,2,0,0,0,1,0,0,1,1,0,0,0,1,1,0,1,1,0,0,0,0,0,1,0,0
188.49,20.66,1.21,16.42,0.0,0.0,61.57,376.25,18.42,3.05,0.27,2,4.1,1,1,2,0,0,0,0,0,0,1,1,0,0,0,1,1,0,1,0,0,0,1,0,0,0,0,0
187.48,22.89,2.1,19.84,0.0,0.0,180.45,307.89,12.77,2.02,0.0,5,5.25,1,1,2,0,0,0,0,0,0,1,1,0,0,0,1,0,0,1,0,0,0,0,0,0,0,0,0
236.35,23.94,0.95,12.2,0.0,0.0,87.3,367.53,18.25,2.93,0.42,3,8.96,1,1,2,0,0,0,1,0,0,1,1,0,0,0,1,1,0,1,0,0,0,0,0,0,0,0,0
215.01,25.59,0.29,8.48,0.0,0.0,298.89,219.45,17.83,2.96,1.65,2,5.1,1,1,2,0,0,0,1,0,0,1,1,0,0,0,1,1,0,1,1,0,0,0,0,0,1,0,0
193.35,26.0,0.83,17.98,0.0,0.0,275.33,308.16,15.78,2.45,0.33,2,5.51,1,1,2,0,0,0,0,0,0,1,1,0,0,0,1,0,0,1,0,0,0,0,0,0,0,0,0
218.25,18.28,1.16,17.25,0.0,0.0,223.04,301.25,13.07,3.49,0.49,0,9.25,1,1,2,0,0,0,0,0,0,1,1,0,0,0,1,1,0,1,0,0,0,0,0,0,0,0,0
245.48,24.89,2.0,13.39,0.0,0.0,264.96,355.56,8.68,3.54,0.03,1,4.28,1,1,2,0,0,0,1,0,0,1,1,0,0,0,1,1,0,1,0,0,0,1,0,0,0,0,0
160.93,20.25,1.6,16.35,0.0,0.0,157.0,224.44,11.47,2.87,1.0,2,4.3,1,1,2,0,0,0,0,0,0,1,1,0,0,0,1,1,0,1,0,0,0,1,0,0,0,0,0
180.67,20.39,0.68,12.74,0.0,0.0,243.99,343.85,6.9,2.1,1.76,4,4.04,1,1,2,0,0,0,1,1,0,1,1,0,0,0,1,0,0,1,0,0,0,1,0,0,0,0,0
153.32,24.28,1.75,19.84,0.0,0.0,142.9,259.37,7.29,2.28,0.26,0,9.22,1,1,2,0,0,0,0,0,0,1,1,0,0,0,1,0,0,1,0,0,0,0,0,0,0,0,0
271.42,25.85,1.37,8.45,0.0,0.0,97.61,396.52,17.12,3.42,1.35,1,4.05,1,1,2,0,0,0,1,1,0,1,1,0,0,0,1,1,0,1,1,0,0,1,0,0,1,0,0
213.53,19.86,1.09,9.55,0.0,0.0,137.98,218.86,11.42,3.97,0.66,4,3.15,1,1,2,0,0,0,1,1,0,1,1,0,0,0,1,1,0,1,1,1,0,1,0,0,1,0,0
156.04,26.27,1.82,14.29,0.0,0.0,114.49,351.35,16.63,2.81,1.9,4,7.95,1,1,2,0,0,0,1,0,0,1,1,0,0,0,1,1,0,1,0,0,0,0,0,0,0,0,0
264.08,23.23,2.77,17.9,0.0,0.0,126.14,207.13,19.03,3.17,0.6,1,8.81,1,1,2,0,0,0,0,0,0,1,1,0,0,0,1,1,0,1,0,0,0,0,0,0,0,0,0
275.48,26.15,1.94,12.39,0.0,0.0,258.4,217.49,14.46,3.01,1.05,4,9.88,1,1,2,0,0,0,1,0,0,1,1,0,0,0,1,1,0,1,0,0,0,0,0,0,0,0,0
186.38,24.46,0.91,18.78,0.0,0.0,115.53,286.5,6.83,2.16,1.36,3,3.77,1,1,2,0,0,0,0,0,0,1,1,0,0,0,1,0,0,1,0,0,0,1,0,0,0,0,0
241.48,22.43,0.17,14.54,0.0,0.0,207.99,311.39,7.0,2.57,0.99,1,5.66,1,1,2,0,0,0,1,0,0,1,1,0,0,0,1,1,0,1,0,0,0,0,0,0,0,0,0
265.41,25.07,0.12,14.56,0.0,0.0,274.32,204.22,17.88,3.84,0.71,2,6.09,1,1,2,0,0,0,1,0,0,1,1,0,0,0,1,1,0,1,0,0,0,0,0,0,0,0,0
248.28,21.4,0.97,13.09,0.0,0.0,137.17,280.03,18.41,2.99,1.09,5,4.01,1,1,2,0,0,0,1,1,0,1,1,0,0,0,1,1,0,1,0,0,0,1,0,0,0,0,0
225.51,24.39,0.51,18.33,0.0,0.0,200.51,326.99,5.64,4.0,0.73,0,4.7,1,1,2,0,0,0,0,0,0,1,1,0,0,0,1,1,0,1,0,0,0,1,0,0,0,0,0
156.02,27.85,1.02,11.74,0.0,0.0,103.72,377.82,19.9,2.17,1.72,1,7.84,1,1,2,0,0,0,1,0,0,1,1,0,0,0,1,0,0,1,0,0,0,0,0,0,0,0,0
161.63,26.05,0.42,13.02,0.0,0.0,144.9,209.64,15.08,3.97,1.82,0,8.85,1,1,2,0,0,0,1,0,0,1,1,0,0,0,1,1,0,1,0,0,0,0,0,0,0,0,0
147.27,23.28,1.74,9.72,0.0,0.0,157.35,258.61,16.49,1.89,0.69,1,3.71,1,1,1,0,0,0,1,1,0,1,1,0,0,0,1,0,0,1,1,1,0,1,0,0,1,0,0
126.47,25.24,0.07,7.22,0.0,0.0,189.87,294.59,19.01,2.51,0.21,1,2.14,1,1,1,0,0,0,1,1,0,1,1,0,0,0,1,1,0,1,1,1,0,1,1,0,1,0,0
231.66,22.21,0.31,11.19,0.0,0.0,159.12,246.38,10.62,1.94,0.85,3,2.2,1,1,1,0,0,0,1,1,0,1,1,0,0,0,1,0,0,1,0,0,0,1,0,0,0,0,0
166.9,28.26,0.9,7.71,0.0,0.0,123.19,316.11,7.27,2.22,0.48,4,2.0,1,1,1,0,0,0,1,1,0,1,1,0,0,0,1,0,0,1,1,1,0,1,1,0,1,0,0
239.54,26.54,0.56,7.26,0.0,0.0,128.82,301.95,16.32,1.35,1.13,0,3.91,1,1,1,0,0,0,1,1,0,1,1,0,0,0,1,0,0,1,1,1,0,1,1,0,1,0,0
205.3,29.84,1.14,6.98,0.0,0.0,110.26,268.76,17.73,2.52,1.2,5,1.56,1,1,1,0,0,0,1,1,0,1,1,0,0,0,1,1,0,1,1,1,0,1,1,0,1,0,0
165.21,26.8,0.53,6.84,0.0,0.0,182.57,304.91,10.12,1.87,0.29,0,1.42,1,1,1,0,0,0,1,1,0,1,1,0,0,0,1,0,0,1,1,1,0,1,1,0,1,0,0
148.56,24.82,0.08,7.16,0.0,0.0,103.24,347.38,7.71,2.18,0.18,3,2.78,1,1,1,0,0,0,1,1,0,1,1,0,0,0,1,0,0,1,1,1,0,1,1,0,1,0,0
241.07,28.76,1.35,8.92,0.0,0.0,112.31,227.99,6.54,1.6,1.72,0,1.82,1,1,1,0,0,0,1,1,0,1,1,0,0,0,1,0,0,1,1,1,0,1,0,0,1,0,0
219.83,28.53,1.56,8.68,0.0,0.0,108.63,326.2,15.16,2.4,1.07,4,1.06,1,1,1,0,0,0,1,1,0,1,1,0,0,0,1,0,0,1,1,1,0,1,0,0,1,0,0
247.0,20.67,1.8,5.82,0.0,0.0,71.12,266.56,9.88,1.11,1.67,2,2.97,1,1,1,0,0,0,1,1,0,1,1,0,0,0,1,0,0,1,1,1,0,1,1,0,1,0,0
135.58,28.79,1.56,4.72,0.0,0.0,77.68,240.98,11.13,2.4,1.28,4,3.31,1,1,1,0,0,0,1,1,0,1,1,0,0,0,1,0,0,1,1,1,0,1,1,0,1,0,0
218.53,26.18,1.57,6.01,0.0,0.0,173.35,281.94,8.28,2.08,0.74,3,2.43,1,1,1,0,0,0,1,1,0,1,1,0,0,0,1,0,0,1,1,1,0,1,1,0,1,0,0
228.69,26.78,1.37,4.95,0.0,0.0,168.35,249.53,13.03,1.27,1.08,2,1.61,1,1,1,0,0,0,1,1,0,1,1,0,0,0,1,0,0,1,1,1,0,1,1,1,1,0,0
239.38,28.58,0.4,10.88,0.0,0.0,62.19,332.06,5.77,2.11,1.56,0,3.62,1,1,1,0,0,0,1,1,0,1,1,0,0,0,1,0,0,1,0,0,0,1,0,0,0,0,0
188.21,20.22,1.43,3.99,0.0,0.0,101.82,314.19,19.31,1.74,1.66,2,2.18,1,1,1,0,0,0,1,1,0,1,1,0,0,0,1,0,0,1,1,1,0,1,1,0,1,0,0
229.74,28.07,1.25,5.42,0.0,0.0,188.28,225.94,13.59,2.17,0.74,5,3.74,1,1,1,0,0,0,1,1,0,1,1,0,0,0,1,0,0,1,1,1,0,1,1,0,1,0,0
185.78,25.44,0.94,5.42,0.0,0.0,57.89,282.57,9.61,2.07,0.27,0,3.68,1,1,1,0,0,0,1,1,0,1,1,0,0,0,1,0,0,1,1,1,0,1,1,0,1,0,0
144.7,23.43,1.23,3.86,0.0,0.0,187.33,327.88,13.7,2.04,1.86,5,2.67,1,1,1,0,0,0,1,1,0,1,1,0,0,0,1,0,0,1,1,1,0,1,1,0,1,0,0
133.87,29.64,1.15,4.36,0.0,0.0,128.48,228.22,6.54,1.86,0.67,4,3.78,1,1,1,0,0,0,1,1,0,1,1,0,0,0,1,0,0,1,1,1,0,1,1,0,1,0,0
152.2,28.55,1.84,11.12,0.0,0.0,139.02,261.48,12.38,2.75,0.6,3,3.32,1,1,1,0,0,0,1,1,0,1,1,0,0,0,1,1,0,1,0,0,0,1,0,0,0,0,0
187.17,26.1,1.45,3.23,0.0,0.0,52.61,260.78,18.89,1.71,0.92,4,2.45,1,1,1,0,0,0,1,1,0,1,1,0,0,0,1,0,0,1,1,1,0,1,1,0,1,0,0
149.19,25.37,1.89,6.69,0.0,0.0,174.49,298.86,16.04,2.87,1.92,2,3.87,1,1,1,0,0,0,1,1,0,1,1,0,0,0,1,1,0,1,1,1,0,1,1,0,1,0,0
234.34,25.8,0.89,9.97,0.0,0.0,63.1,338.91,11.83,1.73,1.26,5,1.63,1,1,1,0,0,0,1,1,0,1,1,0,0,0,1,0,0,1,1,1,0,1,0,0,1,0,0
228.8,22.9,0.37,6.66,0.0,0.0,171.39,341.05,7.11,1.14,1.12,1,2.85,1,1,1,0,0,0,1,1,0,1,1,0,0,0,1,0,0,1,1,1,0,1,1,0,1,0,0
137.03,23.43,1.35,3.88,0.0,0.0,199.41,258.06,18.59,1.59,1.51,3,2.49,1,1,1,0,0,0,1,1,0,1,1,0,0,0,1,0,0,1,1,1,0,1,1,0,1,0,0
227.2,28.16,1.59,10.41,0.0,0.0,122.73,333.58,9.45,2.86,0.9,4,3.43,1,1,1,0,0,0,1,1,0,1,1,0,0,0,1,1,0,1,0,0,0,1,0,0,0,0,0
175.6,27.02,0.87,6.76,0.0,0.0,100.79,233.63,10.39,1.46,1.16,1,3.05,1,1,1,0,0,0,1,1,0,1,1,0,0,0,1,0,0,1,1,1,0,1,1,0,1,0,0
235.93,23.16,0.43,8.34,0.0,0.0,155.47,253.24,18.39,2.0,1.29,4,3.05,1,1,1,0,0,0,1,1,0,1,1,0,0,0,1,0,0,1,1,1,0,1,0,0,1,0,0
196.43,28.42,0.57,8.18,0.0,0.0,159.8,206.43,15.14,1.83,0.25,3,1.07,1,1,1,0,0,0,1,1,0,1,1,0,0,0,1,0,0,1,1,1,0,1,0,0,1,0,0
188.45,22.5,0.23,10.95,0.0,0.0,111.98,202.14,15.99,2.19,0.69,4,2.74,1,1,1,0,0,0,1,1,0,1,1,0,0,0,1,0,0,1,0,0,0,1,0,0,0,0,0
180.66,24.2,1.78,6.94,0.0,0.0,188.08,302.66,12.02,1.19,1.58,2,1.56,1,1,1,0,0,0,1,1,0,1,1,0,0,0,1,0,0,1,1,1,0,1,1,0,1,0,0
163.05,23.96,1.17,11.27,0.0,0.0,102.19,228.51,14.78,1.06,0.58,0,2.52,1,1,1,0,0,0,1,1,0,1,1,0,0,0,1,0,0,1,0,0,0,1,0,0,0,0,0
124.25,20.69,0.52,7.9,0.0,0.0,108.82,217.75,16.71,1.73,1.47,4,3.02,1,1,1,0,0,0,1,1,0,1,1,0,0,0,1,0,0,1,1,1,0,1,1,0,1,0,0
196.55,25.76,0.13,5.24,0.0,0.0,87.6,234.38,8.75,2.07,1.16,1,2.68,1,1,1,0,0,0,1,1,0,1,1,0,0,0,1,0,0,1,1,1,0,1,1,0,1,0,0
163.91,20.72,1.89,9.96,0.0,0.0,164.12,272.81,8.02,1.25,0.69,5,3.65,1,1,1,0,0,0,1,1,0,1,1,0,0,0,1,0,0,1,1,1,0,1,0,0,1,0,0
239.47,25.12,1.26,6.77,0.0,0.0,115.07,301.02,11.33,2.74,0.67,2,3.43,1,1,1,0,0,0,1,1,0,1,1,0,0,0,1,1,0,1,1,1,0,1,1,0,1,0,0
207.61,22.42,1.07,6.62,0.0,0.0,73.76,275.32,17.94,2.34,1.68,3,4.0,1,1,1,0,0,0,1,1,0,1,1,0,0,0,1,0,0,1,1,0,0,1,1,0,1,0,0
184.09,22.08,0.33,3.38,0.0,0.0,80.79,304.3,16.12,1.52,0.69,5,2.12,1,1,1,0,0,0,1,1,0,1,1,0,0,0,1,0,0,1,1,1,0,1,1,0,1,0,0
218.9,24.53,1.59,9.92,0.0,0.0,190.88,287.0,8.56,1.8,1.52,2,2.7,1,1,1,0,0,0,1,1,0,1,1,0,0,0,1,0,0,1,1,1,0,1,0,0,1,0,0
125.77,27.96,0.79,4.38,0.0,0.0,188.12,266.27,16.14,2.09,0.51,5,2.51,1,1,1,0,0,0,1,1,0,1,1,0,0,0,1,0,0,1,1,1,0,1,1,0,1,0,0
146.41,20.68,0.34,11.86,0.0,0.0,177.31,276.73,15.6,1.39,1.38,4,1.54,1,1,1,0,0,0,1,1,0,1,1,0,0,0,1,0,0,1,0,0,0,1,0,0,0,0,0
240.2,21.04,1.09,5.83,0.0,0.0,84.69,337.45,11.09,2.35,1.46,1,2.83,1,1,1,0,0,0,1,1,0,1,1,0,0,0,1,0,0,1,1,1,0,1,1,0,1,0,0
224.95,23.84,0.94,10.82,0.0,0.0,53.03,223.79,14.63,2.43,1.17,1,2.34,1,1,1,0,0,0,1,1,0,1,1,0,0,0,1,0,0,1,0,0,0,1,0,0,0,0,0
166.16,24.96,1.74,9.98,0.0,0.0,120.77,311.58,7.1,2.34,0.47,0,1.04,1,1,1,0,0,0,1,1,0,1,1,0,0,0,1,0,0,1,1,1,0,1,0,0,1,0,0
134.3,23.64,1.16,4.74,0.0,0.0,154.38,273.12,10.48,1.75,1.01,4,2.84,1,1,1,0,0,0,1,1,0,1,1,0,0,0,1,0,0,1,1,1,0,1,1,0,1,0,0
123.64,29.32,1.05,3.39,0.0,0.0,108.94,300.49,12.05,1.77,0.24,3,1.63,1,1,1,0,0,0,1,1,0,1,1,0,0,0,1,0,0,1,1,1,0,1,1,1,1,0,0
192.11,21.26,0.89,8.13,0.0,0.0,61.45,298.3,12.33,1.27,1.87,3,2.68,1,1,1,0,0,0,1,1,0,1,1,0,0,0,1,0,0,1,1,1,0,1,0,0,1,0,0
207.03,20.27,0.93,3.52,0.0,0.0,179.93,332.42,6.05,1.84,1.17,5,2.34,1,1,1,0,0,0,1,1,0,1,1,0,0,0,1,0,0,1,1,1,0,1,1,0,1,0,0
129.03,24.85,0.94,5.35,0.0,0.0,179.62,216.45,9.78,1.35,0.82,2,2.54,1,1,1,0,0,0,1,1,0,1,1,0,0,0,1,0,0,1,1,1,0,1,1,0,1,0,0
199.24,21.91,0.55,8.76,0.0,0.0,101.36,240.0,19.77,2.82,0.06,1,2.95,1,1,1,0,0,0,1,1,0,1,1,0,0,0,1,1,0,1,1,1,0,1,0,0,1,0,0
206.09,24.04,0.63,11.4,0.0,0.0,67.98,338.38,6.22,2.38,0.45,3,3.29,1,1,1,0,0,0,1,1,0,1,1,0,0,0,1,0,0,1,0,0,0,1,0,0,0,0,0
241.99,21.14,1.41,10.66,0.0,0.0,125.59,302.08,8.71,2.2,0.52,5,3.04,1,1,1,0,0,0,1,1,0,1,1,0,0,0,1,0,0,1,0,0,0,1,0,0,0,0,0
160.98,27.34,0.66,4.13,0.0,0.0,106.65,330.38,10.8,1.7,2.0,3,3.25,1,1,1,0,0,0,1,1,0,1,1,0,0,0,1,0,0,1,1,1,0,1,1,0,1,0,0
159.67,29.51,1.43,5.94,0.0,0.0,61.87,217.65,7.64,2.55,1.03,0,1.63,1,1,1,0,0,0,1,1,0,1,1,0,0,0,1,1,0,1,1,1,0,1,1,0,1,0,0
131.41,21.56,1.54,9.47,0.0,0.0,134.07,248.39,17.35,2.57,1.78,4,1.61,1,1,1,0,0,0,1,1,0,1,1,0,0,0,1,1,0,1,1,1,0,1,0,0,1,0,0
190.58,26.37,1.04,6.91,0.0,0.0,110.18,319.33,16.45,1.27,0.18,4,3.8,1,1,1,0,0,0,1,1,0,1,1,0,0,0,1,0,0,1,1,1,0,1,1,0,1,0,0
157.93,28.78,0.57,10.25,0.0,0.0,78.87,239.64,17.52,2.28,0.81,0,3.88,1,1,1,0,0,0,1,1,0,1,1,0,0,0,1,0,0,1,0,0,0,1,0,0,0,0,0
120.77,20.48,0.3,6.14,0.0,0.0,78.03,292.95,18.76,1.93,0.21,1,3.89,1,1,1,0,0,0,1,1,0,1,1,0,0,0,1,0,0,1,1,1,0,1,1,0,1,0,0
247.28,27.93,1.98,11.03,0.0,0.0,186.81,306.89,11.34,1.13,1.62,0,2.09,1,1,1,0,0,0,1,1,0,1,1,0,0,0,1,0,0,1,0,0,0,1,0,0,0,0,0
139.75,23.27,1.17,5.85,0.0,0.0,150.61,254.4,19.04,2.13,0.26,4,3.5,1,1,1,0,0,0,1,1,0,1,1,0,0,0,1,0,0,1,1,1,0,1,1,0,1,0,0
194.6,24.66,1.27,5.68,0.0,0.0,85.08,211.99,5.01,2.22,0.72,5,1.7,1,1,1,0,0,0,1,1,0,1,1,0,0,0,1,0,0,1,1,1,0,1,1,0,1,0,0
221.5,26.23,0.31,6.21,0.0,0.0,142.3,256.29,10.91,2.08,0.17,5,3.09,1,1,1,0,0,0,1,1,0,1,1,0,0,0,1,0,0,1,1,1,0,1,1,0,1,0,0
235.79,27.16,2.0,6.14,0.0,0.0,153.71,248.88,16.78,2.8,0.44,4,2.05,1,1,1,0,0,0,1,1,0,1,1,0,0,0,1,1,0,1,1,1,0,1,1,0,1,0,0
228.14,23.18,1.27,11.85,0.0,0.0,132.12,252.28,11.52,1.67,0.67,0,3.1,1,1,1,0,0,0,1,1,0,1,1,0,0,0,1,0,0,1,0,0,0,1,0,0,0,0,0
141.1,20.12,0.34,10.54,0.0,0.0,163.6,287.92,16.74,2.49,0.1,2,1.68,1,1,1,0,0,0,1,1,0,1,1,0,0,0,1,0,0,1,0,0,0,1,0,0,0,0,0
191.94,26.44,0.34,11.79,0.0,0.0,190.59,287.94,15.49,2.05,1.67,2,1.05,1,1,1,0,0,0,1,1,0,1,1,0,0,0,1,0,0,1,0,0,0,1,0,0,0,0,0
176.14,23.55,0.68,6.03,0.0,0.0,71.28,348.29,5.33,1.33,1.95,2,2.87,1,1,1,0,0,0,1,1,0,1,1,0,0,0,1,0,0,1,1,1,0,1,1,0,1,0,0
121.58,24.89,1.29,11.26,0.0,0.0,139.65,339.05,10.98,1.64,1.77,3,1.41,1,1,1,0,0,0,1,1,0,1,1,0,0,0,1,0,0,1,0,0,0,1,0,0,0,0,0
130.71,28.43,0.02,10.75,0.0,0.0,110.25,228.02,14.37,2.36,0.98,0,2.19,1,1,1,0,0,0,1,1,0,1,1,0,0,0,1,0,0,1,0,0,0,1,0,0,0,0,0
175.04,29.26,0.44,9.24,0.0,0.0,156.97,287.67,18.54,2.66,1.43,5,2.4,1,1,1,0,0,0,1,1,0,1,1,0,0,0,1,1,0,1,1,1,0,1,0,0,1,0,0
236.72,21.5,1.65,5.62,0.0,0.0,114.12,254.76,17.03,2.06,1.37,2,1.46,1,1,1,0,0,0,1,1,0,1,1,0,0,0,1,0,0,1,1,1,0,1,1,0,1,0,0
229.82,21.96,1.86,5.26,0.0,0.0,97.67,246.5,16.22,2.11,1.77,5,1.06,1,1,1,0,0,0,1,1,0,1,1,0,0,0,1,0,0,1,1,1,0,1,1,0,1,0,0
133.45,23.48,0.09,6.6,0.0,0.0,168.67,293.95,11.68,1.18,1.24,2,2.83,1,1,1,0,0,0,1,1,0,1,1,0,0,0,1,0,0,1,1,1,0,1,1,0,1,0,0
128.96,28.64,0.57,8.54,0.0,0.0,158.71,266.8,5.91,2.6,0.07,0,2.41,1,1,1,0,0,0,1,1,0,1,1,0,0,0,1,1,0,1,1,1,0,1,0,0,1,0,0
210.46,25.8,1.39,10.46,0.0,0.0,193.9,342.4,5.17,1.4,1.99,0,2.72,1,1,1,0,0,0,1,1,0,1,1,0,0,0,1,0,0,1,0,0,0,1,0,0,0,0,0
141.63,28.94,0.46,4.71,0.0,0.0,155.43,315.29,10.66,2.82,1.58,4,2.92,1,1,1,0,0,0,1,1,0,1,1,0,0,0,1,1,0,1,1,1,0,1,1,0,1,0,0
236.77,26.3,1.48,10.53,0.0,0.0,142.06,210.43,12.63,1.16,1.47,3,2.16,1,1,1,0,0,0,1,1,0,1,1,0,0,0,1,0,0,1,0,0,0,1,0,0,0,0,0
207.41,24.89,0.18,6.49,0.0,0.0,51.08,227.2,9.96,2.08,1.84,2,2.5,1,1,1,0,0,0,1,1,0,1,1,0,0,0,1,0,0,1,1,1,0,1,1,0,1,0,0
144.79,25.53,0.81,6.51,0.0,0.0,53.97,208.71,17.84,2.92,1.38,2,2.77,1,1,1,0,0,0,1,1,0,1,1,0,0,0,1,1,0,1,1,1,0,1,1,0,1,0,0
235.19,23.65,1.3,5.08,0.0,0.0,180.05,215.77,10.35,2.28,0.07,0,1.26,1,1,1,0,0,0,1,1,0,1,1,0,0,0,1,0,0,1,1,1,0,1,1,0,1,0,0
127.4,23.74,0.93,8.48,0.0,0.0,104.59,327.21,13.02,1.26,1.6,2,3.95,1,1,1,0,0,0,1,1,0,1,1,0,0,0,1,0,0,1,1,1,0,1,0,0,1,0,0
231.05,29.3,1.58,7.11,0.0,0.0,72.75,282.0,18.8,2.98,0.57,4,2.79,1,1,1,0,0,0,1,1,0,1,1,0,0,0,1,1,0,1,1,1,0,1,1,0,1,0,0
183.56,26.66,0.74,11.5,0.0,0.0,86.36,225.29,10.92,2.53,1.88,1,2.05,1,1,1,0,0,0,1,1,0,1,1,0,0,0,1,1,0,1,0,0,0,1,0,0,0,0,0
224.62,29.19,1.79,11.28,0.0,0.0,82.91,319.71,8.21,1.53,0.47,3,1.55,1,1,1,0,0,0,1,1,0,1,1,0,0,0,1,0,0,1,0,0,0,1,0,0,0,0,0
244.07,27.38,1.47,3.65,0.0,0.0,148.96,343.95,6.5,1.96,0.1,3,3.25,1,1,1,0,0,0,1,1,0,1,1,0,0,0,1,0,0,1,1,1,0,1,1,0,1,0,0
242.49,23.98,0.41,7.96,0.0,0.0,81.18,259.48,6.67,1.06,1.31,2,2.14,1,1,1,0,0,0,1,1,0,1,1,0,0,0,1,0,0,1,1,1,0,1,1,0,1,0,0
120.47,26.15,0.85,4.14,0.0,0.0,148.51,269.35,17.06,1.22,0.17,1,1.63,1,1,1,0,0,0,1,1,0,1,1,0,0,0,1,0,0,1,1,1,0,1,1,1,1,0,0
221.91,26.86,1.36,7.97,0.0,0.0,90.5,252.92,18.07,1.62,1.09,4,2.39,1,1,1,0,0,0,1,1,0,1,1,0,0,0,1,0,0,1,1,1,0,1,1,0,1,0,0
175.68,25.31,0.55,11.34,0.0,0.0,121.3,307.74,10.05,2.25,1.0,4,2.29,1,1,1,0,0,0,1,1,0,1,1,0,0,0,1,0,0,1,0,0,0,1,0,0,0,0,0
180.41,29.78,1.36,6.67,0.0,0.0,64.41,325.17,16.29,1.92,0.86,0,1.61,1,1,1,0,0,0,1,1,0,1,1,0,0,0,1,0,0,1,1,1,0,1,1,0,1,0,0
174.05,25.41,1.15,8.42,0.0,0.0,110.21,205.6,16.53,2.67,0.4,5,1.76,1,1,1,0,0,0,1,1,0,1,1,0,0,0,1,1,0,1,1,1,0,1,0,0,1,0,0
171.39,29.83,0.49,6.39,0.0,0.0,123.48,256.8,15.42,2.64,1.09,1,2.87,1,1,1,0,0,0,1,1,0,1,1,0,0,0,1,1,0,1,1,1,0,1,1,0,1,0,0
180.09,29.36,0.78,6.63,0.0,0.0,106.17,348.47,9.53,1.56,1.73,2,2.77,1,1,1,0,0,0,1,1,0,1,1,0,0,0,1,0,0,1,1,1,0,1,1,0,1,0,0
141.12,29.86,0.93,8.38,0.0,0.0,142.19,282.43,16.77,1.54,1.31,1,1.86,1,1,1,0,0,0,1,1,0,1,1,0,0,0,1,0,0,1,1,1,0,1,0,0,1,0,0
187.65,28.52,1.42,8.6,0.0,0.0,67.89,261.36,5.43,1.42,0.86,0,3.85,1,1,1,0,0,0,1,1,0,1,1,0,0,0,1,0,0,1,1,1,0,1,0,0,1,0,0
134.2,24.61,1.88,5.09,0.0,0.0,139.38,277.09,5.52,2.31,0.34,1,3.21,1,1,1,0,0,0,1,1,0,1,1,0,0,0,1,0,0,1,1,1,0,1,1,0,1,0,0
172.23,20.71,1.54,3.64,0.0,0.0,121.9,308.46,10.9,1.43,1.52,1,2.08,1,1,1,0,0,0,1,1,0,1,1,0,0,0,1,0,0,1,1,1,0,1,1,0,1,0,0
169.84,24.75,1.2,8.14,0.0,0.0,192.38,252.3,7.7,2.08,1.41,5,2.84,1,1,1,0,0,0,1,1,0,1,1,0,0,0,1,0,0,1,1,1,0,1,0,0,1,0,0
139.01,28.37,0.85,4.99,0.0,0.0,142.7,299.81,19.44,1.31,1.97,3,1.8,1,1,1,0,0,0,1,1,0,1,1,0,0,0,1,0,0,1,1,1,0,1,1,1,1,0,0
111.7,18.16,0.21,3.76,0.0,0.0,70.43,277.16,45.28,1.62,1.1,3,0.17,1,1,1,0,0,0,1,1,0,1,1,0,0,0,1,0,0,1,1,1,0,1,1,1,1,0,0
177.14,18.48,1.44,7.47,0.0,0.0,84.93,334.34,57.71,1.51,0.23,1,0.51,1,1,1,0,0,0,1,1,0,1,1,0,0,0,1,0,0,1,1,1,0,1,1,0,1,0,0
139.2,24.46,0.87,3.5,0.0,0.0,193.9,369.79,38.34,1.2,1.62,4,0.42,1,1,1,0,0,0,1,1,0,1,1,0,0,0,1,0,0,1,1,1,0,1,1,1,1,0,0
136.6,26.8,0.26,2.73,0.0,0.0,135.31,317.75,37.4,1.11,0.28,0,0.62,1,1,1,0,0,0,1,1,0,1,1,0,0,0,1,0,0,1,1,1,0,1,1,1,1,1,0
158.29,25.32,0.69,5.99,0.0,0.0,156.65,307.3,56.46,1.28,0.41,0,1.74,1,1,1,0,0,0,1,1,0,1,1,0,0,0,1,0,0,1,1,1,0,1,1,0,1,0,0
179.26,23.75,0.17,3.64,0.0,0.0,88.71,260.94,49.23,1.3,0.9,4,1.78,1,1,1,0,0,0,1,1,0,1,1,0,0,0,1,0,0,1,1,1,0,1,1,1,1,0,0
163.23,21.47,0.97,6.51,0.0,0.0,119.39,340.64,33.57,1.3,0.08,2,1.55,1,1,1,0,0,0,1,1,0,1,1,0,0,0,1,0,0,1,1,1,0,1,1,0,1,0,0
114.98,22.44,0.35,5.97,0.0,0.0,84.6,293.71,54.04,1.46,0.05,2,1.87,1,1,1,0,0,0,1,1,0,1,1,0,0,0,1,0,0,1,1,1,0,1,1,0,1,0,0
139.23,22.39,1.59,2.56,0.0,0.0,125.89,256.65,21.9,1.91,1.75,5,1.3,1,1,1,0,0,0,1,1,0,1,1,0,0,0,1,0,0,1,1,1,0,1,1,1,1,1,0
153.49,22.59,1.82,3.01,0.0,0.0,83.51,254.99,40.11,1.31,0.36,4,0.7,1,1,1,0,0,0,1,1,0,1,1,0,0,0,1,0,0,1,1,1,0,1,1,1,1,0,0
149.35,22.17,0.27,2.98,0.0,0.0,138.9,322.93,49.55,1.74,0.86,5,1.06,1,1,1,0,0,0,1,1,0,1,1,0,0,0,1,0,0,1,1,1,0,1,1,1,1,1,0
138.15,19.38,1.96,4.22,0.0,0.0,71.42,258.33,45.03,1.25,0.49,1,1.87,1,1,1,0,0,0,1,1,0,1,1,0,0,0,1,0,0,1,1,1,0,1,1,1,1,0,0
175.57,25.9,0.21,7.02,0.0,0.0,136.36,373.33,51.15,1.89,1.86,3,0.83,1,1,1,0,0,0,1,1,0,1,1,0,0,0,1,0,0,1,1,1,0,1,1,0,1,0,0
155.03,20.96,0.58,7.9,0.0,0.0,57.16,293.25,39.75,1.14,0.27,4,0.06,1,1,1,0,0,0,1,1,0,1,1,0,0,0,1,0,0,1,1,1,0,1,1,0,1,0,0
137.09,19.73,0.5,7.27,0.0,0.0,138.4,271.32,30.38,1.55,0.48,5,1.87,1,1,1,0,0,0,1,1,0,1,1,0,0,0,1,0,0,1,1,1,0,1,1,0,1,0,0
192.1,18.5,0.35,2.84,0.0,0.0,191.88,262.63,28.47,1.08,1.96,0,1.11,1,1,1,0,0,0,1,1,0,1,1,0,0,0,1,0,0,1,1,1,0,1,1,1,1,1,0
179.13,23.74,0.53,6.01,0.0,0.0,123.13,307.18,48.76,1.88,0.01,5,1.02,1,1,1,0,0,0,1,1,0,1,1,0,0,0,1,0,0,1,1,1,0,1,1,0,1,0,0
170.07,26.56,0.93,7.01,0.0,0.0,148.62,380.52,55.7,1.64,1.05,5,1.96,1,1,1,0,0,0,1,1,0,1,1,0,0,0,1,0,0,1,1,1,0,1,1,0,1,0,0
131.97,25.44,1.06,5.65,0.0,0.0,135.75,390.67,20.3,1.57,1.43,4,1.5,1,1,1,0,0,0,1,1,0,1,1,0,0,0,1,0,0,1,1,1,0,1,1,0,1,0,0
196.53,27.6,0.45,6.35,0.0,0.0,79.23,262.16,51.82,1.32,1.71,2,0.67,1,1,1,0,0,0,1,1,0,1,1,0,0,0,1,0,0,1,1,1,0,1,1,0,1,0,0
139.14,27.9,0.42,5.27,0.0,0.0,199.01,395.24,39.58,1.7,0.22,5,1.62,1,1,1,0,0,0,1,1,0,1,1,0,0,0,1,0,0,1,1,1,0,1,1,0,1,0,0
150.53,25.03,1.49,3.52,0.0,0.0,81.53,379.81,36.71,1.75,1.1,3,1.62,1,1,1,0,0,0,1,1,0,1,1,0,0,0,1,0,0,1,1,1,0,1,1,1,1,0,0
158.45,21.91,0.22,7.37,0.0,0.0,103.99,345.9,56.89,1.15,1.13,3,1.99,1,1,1,0,0,0,1,1,0,1,1,0,0,0,1,0,0,1,1,1,0,1,1,0,1,0,0
179.71,21.42,1.8,2.31,0.0,0.0,76.18,398.14,34.44,1.82,0.75,1,1.93,1,1,1,0,0,0,1,1,0,1,1,0,0,0,1,0,0,1,1,1,0,1,1,1,1,1,0
143.55,23.59,1.26,7.61,0.0,0.0,98.71,282.54,23.4,1.62,1.76,4,0.35,1,1,1,0,0,0,1,1,0,1,1,0,0,0,1,0,0,1,1,1,0,1,1,0,1,0,0
126.49,18.76,1.56,2.42,0.0,0.0,86.52,398.61,50.27,1.84,1.14,4,1.42,1,1,1,0,0,0,1,1,0,1,1,0,0,0,1,0,0,1,1,1,0,1,1,1,1,1,0
161.24,27.51,1.64,7.21,0.0,0.0,155.26,315.86,31.51,1.15,1.06,3,1.14,1,1,1,0,0,0,1,1,0,1,1,0,0,0,1,0,0,1,1,1,0,1,1,0,1,0,0
111.65,23.7,0.34,5.98,0.0,0.0,166.74,358.66,48.03,1.56,0.12,3,1.65,1,1,1,0,0,0,1,1,0,1,1,0,0,0,1,0,0,1,1,1,0,1,1,0,1,0,0
188.39,27.37,0.68,3.78,0.0,0.0,151.93,285.43,35.08,1.51,1.06,3,1.07,1,1,1,0,0,0,1,1,0,1,1,0,0,0,1,0,0,1,1,1,0,1,1,1,1,0,0
171.79,20.07,0.32,5.91,0.0,0.0,117.73,266.74,47.43,1.31,0.3,0,0.22,1,1,1,0,0,0,1,1,0,1,1,0,0,0,1,0,0,1,1,1,0,1,1,0,1,0,0
145.19,19.92,1.79,7.79,0.0,0.0,167.79,354.57,34.19,1.89,1.95,2,0.37,1,1,1,0,0,0,1,1,0,1,1,0,0,0,1,0,0,1,1,1,0,1,1,0,1,0,0
192.68,25.06,0.3,4.36,0.0,0.0,166.69,333.1,45.9,1.33,0.32,1,0.84,1,1,1,0,0,0,1,1,0,1,1,0,0,0,1,0,0,1,1,1,0,1,1,1,1,0,0
183.42,22.76,1.98,4.64,0.0,0.0,148.0,377.71,57.7,2.0,0.56,3,1.97,1,1,1,0,0,0,1,1,0,1,1,0,0,0,1,0,0,1,1,1,0,1,1,1,1,0,0
124.95,19.81,0.92,2.21,0.0,0.0,152.91,290.2,24.93,1.38,1.67,1,1.12,1,1,1,0,0,0,1,1,0,1,1,0,0,0,1,0,0,1,1,1,0,1,1,1,1,1,0
104.58,27.32,1.26,7.96,0.0,0.0,58.43,344.76,50.59,1.78,1.54,5,1.12,1,1,1,0,0,0,1,1,0,1,1,0,0,0,1,0,0,1,1,1,0,1,1,0,1,0,0
117.65,24.1,0.53,3.39,0.0,0.0,131.8,286.71,55.64,1.11,0.08,3,0.25,1,1,1,0,0,0,1,1,0,1,1,0,0,0,1,0,0,1,1,1,0,1,1,1,1,0,0
150.49,27.52,1.4,5.7,0.0,0.0,114.9,301.38,58.12,1.24,0.94,2,1.65,1,1,1,0,0,0,1,1,0,1,1,0,0,0,1,0,0,1,1,1,0,1,1,0,1,0,0
115.2,18.38,1.44,3.68,0.0,0.0,66.32,389.82,38.09,1.73,1.0,0,0.61,1,1,1,0,0,0,1,1,0,1,1,0,0,0,1,0,0,1,1,1,0,1,1,1,1,0,0
120.04,23.43,0.88,4.34,0.0,0.0,56.89,300.81,36.47,1.1,0.47,0,1.39,1,1,1,0,0,0,1,1,0,1,1,0,0,0,1,0,0,1,1,1,0,1,1,1,1,0,0
101.43,21.25,0.64,6.49,0.0,0.0,153.28,348.76,44.13,1.41,0.75,4,0.13,1,1,1,0,0,0,1,1,0,1,1,0,0,0,1,0,0,1,1,1,0,1,1,0,1,0,0
187.58,26.25,0.69,5.4,0.0,0.0,161.37,262.41,40.93,1.88,1.1,5,0.58,1,1,1,0,0,0,1,1,0,1,1,0,0,0,1,0,0,1,1,1,0,1,1,0,1,0,0
179.15,26.08,0.93,3.08,0.0,0.0,143.39,255.37,20.69,1.32,0.39,4,1.54,1,1,1,0,0,0,1,1,0,1,1,0,0,0,1,0,0,1,1,1,0,1,1,1,1,0,0
123.11,27.03,0.19,3.52,0.0,0.0,97.0,355.23,35.52,1.0,0.33,4,1.18,1,1,1,0,0,0,1,1,0,1,1,0,0,0,1,0,0,1,1,1,0,1,1,1,1,0,0
129.35,19.49,0.74,4.49,0.0,0.0,55.43,286.55,27.75,1.5,0.86,2,0.99,1,1,1,0,0,0,1,1,0,1,1,0,0,0,1,0,0,1,1,1,0,1,1,1,1,0,0
101.28,27.51,1.59,3.15,0.0,0.0,106.03,367.56,37.87,1.86,1.41,0,0.37,1,1,1,0,0,0,1,1,0,1,1,0,0,0,1,0,0,1,1,1,0,1,1,1,1,0,0
163.69,25.46,1.86,5.88,0.0,0.0,102.49,331.45,35.34,1.0,1.46,3,0.63,1,1,1,0,0,0,1,1,0,1,1,0,0,0,1,0,0,1,1,1,0,1,1,0,1,0,0
198.55,22.66,1.5,3.06,0.0,0.0,149.85,325.99,55.62,1.43,0.62,5,0.12,1,1,1,0,0,0,1,1,0,1,1,0,0,0,1,0,0,1,1,1,0,1,1,1,1,0,0
158.35,21.49,1.69,4.17,0.0,0.0,106.2,252.52,35.61,1.65,0.51,5,0.36,1,1,1,0,0,0,1,1,0,1,1,0,0,0,1,0,0,1,1,1,0,1,1,1,1,0,0
100.34,21.3,0.76,7.67,0.0,0.0,53.77,364.53,56.61,1.24,0.86,1,1.2,1,1,1,0,0,0,1,1,0,1,1,0,0,0,1,0,0,1,1,1,0,1,1,0,1,0,0
152.65,23.16,1.75,3.23,0.0,0.0,101.77,252.64,30.05,1.31,1.23,0,0.32,1,1,1,0,0,0,1,1,0,1,1,0,0,0,1,0,0,1,1,1,0,1,1,1,1,0,0
112.28,27.66,0.56,7.45,0.0,0.0,155.14,251.48,33.52,1.3,1.74,2,0.48,1,1,1,0,0,0,1,1,0,1,1,0,0,0,1,0,0,1,1,1,0,1,1,0,1,0,0
119.92,22.96,1.8,3.93,0.0,0.0,166.8,334.59,36.1,1.97,1.22,0,1.5,1,1,1,0,0,0,1,1,0,1,1,0,0,0,1,0,0,1,1,1,0,1,1,1,1,0,0
194.97,22.99,0.82,2.47,0.0,0.0,59.59,330.58,53.84,1.41,1.57,1,1.61,1,1,1,0,0,0,1,1,0,1,1,0,0,0,1,0,0,1,1,1,0,1,1,1,1,1,0
125.99,21.01,1.32,6.17,0.0,0.0,108.92,309.23,30.19,1.16,1.39,3,1.88,1,1,1,0,0,0,1,1,0,1,1,0,0,0,1,0,0,1,1,1,0,1,1,0,1,0,0
182.67,26.58,1.81,4.45,0.0,0.0,53.25,367.73,22.99,1.99,1.35,1,0.49,1,1,1,0,0,0,1,1,0,1,1,0,0,0,1,0,0,1,1,1,0,1,1,1,1,0,0
167.39,18.43,1.68,3.02,0.0,0.0,60.27,322.22,26.77,1.73,0.48,3,0.8,1,1,1,0,0,0,1,1,0,1,1,0,0,0,1,0,0,1,1,1,0,1,1,1,1,0,0
108.27,25.69,0.34,2.1,0.0,0.0,183.75,322.69,57.06,1.35,1.45,3,0.86,1,1,1,0,0,0,1,1,0,1,1,0,0,0,1,0,0,1,1,1,0,1,1,1,1,1,0
138.23,24.48,1.93,5.06,0.0,0.0,54.63,274.85,35.8,1.32,0.19,4,1.3,1,1,1,0,0,0,1,1,0,1,1,0,0,0,1,0,0,1,1,1,0,1,1,0,1,0,0
167.31,19.79,0.99,4.2,0.0,0.0,119.1,259.43,56.22,1.54,1.85,0,0.43,1,1,1,0,0,0,1,1,0,1,1,0,0,0,1,0,0,1,1,1,0,1,1,1,1,0,0
111.65,26.8,0.88,5.75,0.0,0.0,132.04,322.12,56.98,1.72,0.22,4,0.64,1,1,1,0,0,0,1,1,0,1,1,0,0,0,1,0,0,1,1,1,0,1,1,0,1,0,0
127.46,22.07,1.92,5.13,0.0,0.0,188.17,382.62,23.92,1.63,1.62,1,0.82,1,1,1,0,0,0,1,1,0,1,1,0,0,0,1,0,0,1,1,1,0,1,1,0,1,0,0
166.16,24.34,0.77,5.68,0.0,0.0,117.59,363.78,41.85,1.65,1.03,4,1.7,1,1,1,0,0,0,1,1,0,1,1,0,0,0,1,0,0,1,1,1,0,1,1,0,1,0,0
152.74,21.24,1.05,2.68,0.0,0.0,187.62,358.85,22.98,1.4,0.01,3,1.25,1,1,1,0,0,0,1,1,0,1,1,0,0,0,1,0,0,1,1,1,0,1,1,1,1,1,0
100.03,25.63,1.49,5.06,0.0,0.0,128.59,341.2,59.86,1.3,0.65,5,1.91,1,1,1,0,0,0,1,1,0,1,1,0,0,0,1,0,0,1,1,1,0,1,1,0,1,0,0
116.41,20.21,0.31,3.81,0.0,0.0,128.64,290.38,53.17,1.01,0.45,0,0.75,1,1,1,0,0,0,1,1,0,1,1,0,0,0,1,0,0,1,1,1,0,1,1,1,1,0,0
184.87,19.63,0.54,2.26,0.0,0.0,170.79,347.97,37.47,1.65,0.11,2,1.97,1,1,1,0,0,0,1,1,0,1,1,0,0,0,1,0,0,1,1,1,0,1,1,1,1,1,0
170.5,20.91,0.12,2.27,0.0,0.0,112.26,282.23,45.24,1.21,0.38,1,1.05,1,1,1,0,0,0,1,1,0,1,1,0,0,0,1,0,0,1,1,1,0,1,1,1,1,1,0
134.62,23.26,0.46,2.29,0.0,0.0,77.29,298.59,21.97,1.95,1.16,4,0.51,1,1,1,0,0,0,1,1,0,1,1,0,0,0,1,0,0,1,1,1,0,1,1,1,1,1,0
115.03,21.5,1.2,2.85,0.0,0.0,93.97,317.53,29.13,1.36,0.04,4,0.79,1,1,1,0,0,0,1,1,0,1,1,0,0,0,1,0,0,1,1,1,0,1,1,1,1,1,0
151.48,26.27,0.15,4.09,0.0,0.0,93.49,376.8,39.73,1.5,1.95,3,0.43,1,1,1,0,0,0,1,1,0,1,1,0,0,0,1,0,0,1,1,1,0,1,1,1,1,0,0
117.56,20.53,1.78,7.65,0.0,0.0,140.81,342.45,26.81,1.69,0.9,3,0.05,1,1,1,0,0,0,1,1,0,1,1,0,0,0,1,0,0,1,1,1,0,1,1,0,1,0,0
175.45,19.46,1.74,5.86,0.0,0.0,144.14,385.13,48.73,1.35,1.17,0,1.4,1,1,1,0,0,0,1,1,0,1,1,0,0,0,1,0,0,1,1,1,0,1,1,0,1,0,0
178.52,23.13,1.63,4.98,0.0,0.0,75.67,374.44,42.06,1.98,1.44,3,0.54,1,1,1,0,0,0,1,1,0,1,1,0,0,0,1,0,0,1,1,1,0,1,1,1,1,0,0
124.38,20.97,1.15,5.27,0.0,0.0,97.48,367.31,27.01,1.78,1.33,0,0.12,1,1,1,0,0,0,1,1,0,1,1,0,0,0,1,0,0,1,1,1,0,1,1,0,1,0,0
187.31,20.89,0.58,3.24,0.0,0.0,81.24,341.29,48.92,1.37,1.17,5,1.48,1,1,1,0,0,0,1,1,0,1,1,0,0,0,1,0,0,1,1,1,0,1,1,1,1,0,0
132.84,22.93,1.83,7.73,0.0,0.0,84.87,294.65,37.65,1.31,0.75,1,1.53,1,1,1,0,0,0,1,1,0,1,1,0,0,0,1,0,0,1,1,1,0,1,1,0,1,0,0
173.56,26.14,0.06,2.29,0.0,0.0,136.72,257.89,30.21,1.64,1.72,4,0.37,1,1,1,0,0,0,1,1,0,1,1,0,0,0,1,0,0,1,1,1,0,1,1,1,1,1,0
177.79,20.01,1.59,4.58,0.0,0.0,63.95,261.31,53.42,1.44,0.01,4,1.59,1,1,1,0,0,0,1,1,0,1,1,0,0,0,1,0,0,1,1,1,0,1,1,1,1,0,0
118.3,26.08,1.22,3.16,0.0,0.0,145.08,314.09,55.97,1.52,1.01,5,1.84,1,1,1,0,0,0,1,1,0,1,1,0,0,0,1,0,0,1,1,1,0,1,1,1,1,0,0
117.71,23.28,1.61,3.29,0.0,0.0,163.95,334.65,54.24,1.89,1.3,1,1.94,1,1,1,0,0,0,1,1,0,1,1,0,0,0,1,0,0,1,1,1,0,1,1,1,1,0,0
197.87,19.3,0.21,4.48,0.0,0.0,104.57,355.54,27.15,1.36,0.58,5,0.73,1,1,1,0,0,0,1,1,0,1,1,0,0,0,1,0,0,1,1,1,0,1,1,1,1,0,0
161.31,26.78,1.91,5.5,0.0,0.0,155.88,300.39,25.89,1.14,0.34,3,0.62,1,1,1,0,0,0,1,1,0,1,1,0,0,0,1,0,0,1,1,1,0,1,1,0,1,0,0
150.67,23.85,0.13,5.91,0.0,0.0,174.92,301.33,26.96,1.55,1.89,3,1.37,1,1,1,0,0,0,1,1,0,1,1,0,0,0,1,0,0,1,1,1,0,1,1,0,1,0,0
190.59,21.73,1.17,2.07,0.0,0.0,128.28,372.62,28.26,1.53,0.41,5,1.9,1,1,1,0,0,0,1,1,0,1,1,0,0,0,1,0,0,1,1,1,0,1,1,1,1,1,0
142.87,18.78,0.24,6.64,0.0,0.0,92.25,384.83,50.94,1.87,0.43,2,1.18,1,1,1,0,0,0,1,1,0,1,1,0,0,0,1,0,0,1,1,1,0,1,1,0,1,0,0
167.23,18.37,1.71,7.44,0.0,0.0,161.74,345.01,47.15,1.81,1.32,5,1.06,1,1,1,0,0,0,1,1,0,1,1,0,0,0,1,0,0,1,1,1,0,1,1,0,1,0,0
194.85,20.9,0.91,6.17,0.0,0.0,183.86,267.7,48.35,1.35,0.2,0,0.62,1,1,1,0,0,0,1,1,0,1,1,0,0,0,1,0,0,1,1,1,0,1,1,0,1,0,0
126.86,22.31,0.76,5.8,0.0,0.0,82.06,350.03,46.81,1.9,0.03,2,1.12,1,1,1,0,0,0,1,1,0,1,1,0,0,0,1,0,0,1,1,1,0,1,1,0,1,0,0
193.62,26.1,0.31,4.33,0.0,0.0,198.16,364.48,42.95,1.76,0.55,3,1.95,1,1,1,0,0,0,1,1,0,1,1,0,0,0,1,0,0,1,1,1,0,1,1,1,1,0,0
156.02,20.54,0.46,5.67,0.0,0.0,174.51,355.62,46.47,1.07,0.72,5,1.69,1,1,1,0,0,0,1,1,0,1,1,0,0,0,1,0,0,1,1,1,0,1,1,0,1,0,0
117.01,21.67,1.17,3.7,0.0,0.0,120.44,381.6,23.2,1.82,1.14,3,1.33,1,1,1,0,0,0,1,1,0,1,1,0,0,0,1,0,0,1,1,1,0,1,1,1,1,0,0
194.17,20.0,0.08,4.93,0.0,0.0,193.65,373.39,46.46,1.16,1.47,0,0.85,1,1,1,0,0,0,1,1,0,1,1,0,0,0,1,0,0,1,1,1,0,1,1,1,1,0,0
192.48,19.67,0.53,2.38,0.0,0.0,97.24,274.57,21.61,1.17,0.91,5,0.39,1,1,1,0,0,0,1,1,0,1,1,0,0,0,1,0,0,1,1,1,0,1,1,1,1,1,0
144.74,24.25,0.28,7.84,0.0,0.0,70.2,365.08,44.71,1.82,1.2,4,0.7,1,1,1,0,0,0,1,1,0,1,1,0,0,0,1,0,0,1,1,1,0,1,1,0,1,0,0
195.83,18.83,1.29,7.83,0.0,0.0,74.41,280.31,55.58,1.91,1.22,2,1.32,1,1,1,0,0,0,1,1,0,1,1,0,0,0,1,0,0,1,1,1,0,1,1,0,1,0,0
182.73,24.85,1.07,3.42,0.0,0.0,94.22,370.29,47.87,1.94,0.33,2,1.65,1,1,1,0,0,0,1,1,0,1,1,0,0,0,1,0,0,1,1,1,0,1,1,1,1,0,0
149.47,21.47,0.64,7.17,0.0,0.0,81.98,343.75,52.44,1.33,0.35,4,1.78,1,1,1,0,0,0,1,1,0,1,1,0,0,0,1,0,0,1,1,1,0,1,1,0,1,0,0
196.71,18.7,0.94,5.29,0.0,0.0,97.56,330.41,46.45,1.7,0.27,2,1.36,1,1,1,0,0,0,1,1,0,1,1,0,0,0,1,0,0,1,1,1,0,1,1,0,1,0,0
188.91,22.49,1.79,7.19,0.0,0.0,189.92,357.27,57.13,1.8,1.22,3,1.02,1,1,1,0,0,0,1,1,0,1,1,0,0,0,1,0,0,1,1,1,0,1,1,0,1,0,0
162.95,24.71,0.72,6.49,0.0,0.0,148.55,363.57,27.61,1.33,0.22,1,1.71,1,1,1,0,0,0,1,1,0,1,1,0,0,0,1,0,0,1,1,1,0,1,1,0,1,0,0
226.32,24.61,0.65,9.68,0.0,0.0,262.03,322.53,53.31,1.11,0.28,2,3.64,1,1,2,0,0,0,1,0,0,1,1,0,0,0,1,0,0,1,1,1,0,1,0,0,1,0,0
206.93,21.8,0.37,12.36,0.0,0.0,95.3,263.66,30.04,1.28,1.29,5,1.61,1,1,2,0,0,0,1,1,0,1,1,0,0,0,1,0,0,1,0,0,0,1,0,0,0,0,0
133.73,23.13,0.17,9.16,0.0,0.0,69.35,283.63,46.95,1.89,0.07,2,1.03,1,1,2,0,0,0,1,1,0,1,1,0,0,0,1,0,0,1,1,1,0,1,0,0,1,0,0
199.34,27.62,0.48,6.8,0.0,0.0,61.22,373.4,53.47,1.73,0.71,3,2.12,1,1,2,0,0,0,1,1,0,1,1,0,0,0,1,0,0,1,1,1,0,1,1,0,1,0,0
218.71,27.16,0.92,11.07,0.0,0.0,192.15,367.05,51.78,1.26,1.06,4,1.13,1,1,2,0,0,0,1,1,0,1,1,0,0,0,1,0,0,1,0,0,0,1,0,0,0,0,0
244.74,22.24,0.58,9.85,0.0,0.0,211.28,324.99,45.25,1.14,0.08,4,2.9,1,1,2,0,0,0,1,1,0,1,1,0,0,0,1,0,0,1,1,1,0,1,0,0,1,0,0
172.3,18.77,1.51,11.99,0.0,0.0,257.17,361.89,45.23,1.43,1.8,0,3.16,1,1,2,0,0,0,1,0,0,1,1,0,0,0,1,0,0,1,0,0,0,1,0,0,0,0,0
160.12,19.57,0.56,4.02,0.0,0.0,105.7,399.14,26.71,1.79,1.41,2,1.99,1,1,2,0,0,0,1,1,0,1,1,0,0,0,1,0,0,1,1,1,0,1,1,1,1,0,0
197.63,26.52,0.77,4.67,0.0,0.0,284.8,354.59,22.03,1.29,0.1,5,3.1,1,1,2,0,0,0,1,0,0,1,1,0,0,0,1,0,0,1,1,1,0,1,1,0,1,0,0
245.03,23.96,1.27,13.34,0.0,0.0,108.54,305.69,25.89,1.51,0.91,2,2.83,1,1,2,0,0,0,1,1,0,1,1,0,0,0,1,0,0,1,0,0,0,1,0,0,0,0,0
224.37,21.34,1.66,10.77,0.0,0.0,187.16,345.11,43.56,1.92,1.8,1,1.52,1,1,2,0,0,0,1,1,0,1,1,0,0,0,1,0,0,1,0,0,0,1,0,0,0,0,0
198.38,21.57,1.55,10.0,0.0,0.0,147.68,310.09,46.63,1.81,1.25,2,3.29,1,1,2,0,0,0,1,1,0,1,1,0,0,0,1,0,0,1,0,0,0,1,0,0,0,0,0
229.9,27.75,1.28,9.08,0.0,0.0,103.23,311.38,59.67,1.0,0.39,4,1.16,1,1,2,0,0,0,1,1,0,1,1,0,0,0,1,0,0,1,1,1,0,1,0,0,1,0,0
165.15,20.96,0.24,8.45,0.0,0.0,271.43,382.9,28.37,1.16,1.09,3,1.29,1,1,2,0,0,0,1,0,0,1,1,0,0,0,1,0,0,1,1,1,0,1,0,0,1,0,0
192.86,23.15,0.94,12.15,0.0,0.0,85.97,343.31,23.21,1.69,0.76,1,3.62,1,1,2,0,0,0,1,1,0,1,1,0,0,0,1,0,0,1,0,0,0,1,0,0,0,0,0
183.25,20.39,0.53,6.65,0.0,0.0,92.58,334.28,23.09,1.95,1.21,1,1.27,1,1,2,0,0,0,1,1,0,1,1,0,0,0,1,0,0,1,1,1,0,1,1,0,1,0,0
199.95,24.12,1.46,12.37,0.0,0.0,103.95,310.64,51.05,1.95,0.16,4,1.46,1,1,2,0,0,0,1,1,0,1,1,0,0,0,1,0,0,1,0,0,0,1,0,0,0,0,0
154.79,22.0,1.48,6.8,0.0,0.0,271.36,284.94,38.03,1.1,0.67,5,2.7,1,1,2,0,0,0,1,0,0,1,1,0,0,0,1,0,0,1,1,1,0,1,1,0,1,0,0
223.89,18.23,1.94,12.91,0.0,0.0,147.27,362.74,35.47,1.9,0.35,0,2.03,1,1,2,0,0,0,1,1,0,1,1,0,0,0,1,0,0,1,0,0,0,1,0,0,0,0,0
248.72,19.97,1.17,13.27,0.0,0.0,70.06,304.25,27.28,1.96,1.43,0,2.14,1,1,2,0,0,0,1,1,0,1,1,0,0,0,1,0,0,1,0,0,0,1,0,0,0,0,0
173.25,21.92,1.59,7.57,0.0,0.0,108.04,357.8,41.88,1.45,1.62,1,2.4,1,1,2,0,0,0,1,1,0,1,1,0,0,0,1,0,0,1,1,1,0,1,1,0,1,0,0
154.01,23.58,0.53,4.4,0.0,0.0,142.01,321.58,37.3,1.73,1.19,4,1.18,1,1,2,0,0,0,1,1,0,1,1,0,0,0,1,0,0,1,1,1,0,1,1,1,1,0,0
150.33,25.96,0.0,7.11,0.0,0.0,244.29,325.89,40.38,1.73,1.0,3,1.44,1,1,2,0,0,0,1,1,0,1,1,0,0,0,1,0,0,1,1,1,0,1,1,0,1,0,0
213.82,19.45,0.03,10.87,0.0,0.0,266.49,391.71,46.58,1.48,0.7,1,1.57,1,1,2,0,0,0,1,0,0,1,1,0,0,0,1,0,0,1,0,0,0,1,0,0,0,0,0
171.81,25.18,0.43,6.9,0.0,0.0,111.47,252.63,48.8,1.62,1.39,0,3.06,1,1,2,0,0,0,1,1,0,1,1,0,0,0,1,0,0,1,1,1,0,1,1,0,1,0,0
201.57,21.66,0.88,10.25,0.0,0.0,95.24,331.11,38.01,1.46,0.94,5,1.84,1,1,2,0,0,0,1,1,0,1,1,0,0,0,1,0,0,1,0,0,0,1,0,0,0,0,0
157.34,26.05,1.28,10.22,0.0,0.0,97.8,369.24,58.67,1.73,1.99,1,3.2,1,1,2,0,0,0,1,1,0,1,1,0,0,0,1,0,0,1,0,0,0,1,0,0,0,0,0
159.83,21.69,1.65,5.26,0.0,0.0,135.51,267.67,23.66,1.34,0.28,5,1.16,1,1,2,0,0,0,1,1,0,1,1,0,0,0,1,0,0,1,1,1,0,1,1,0,1,0,0
201.4,19.45,1.51,6.4,0.0,0.0,230.34,299.96,43.32,1.04,0.99,2,2.22,1,1,2,0,0,0,1,1,0,1,1,0,0,0,1,0,0,1,1,1,0,1,1,0,1,0,0
247.82,21.8,1.28,5.77,0.0,0.0,238.34,259.87,50.54,1.77,1.34,4,1.43,1,1,2,0,0,0,1,1,0,1,1,0,0,0,1,0,0,1,1,1,0,1,1,0,1,0,0
235.97,22.1,1.23,9.81,0.0,0.0,188.87,271.17,35.49,1.45,1.97,5,2.93,1,1,2,0,0,0,1,1,0,1,1,0,0,0,1,0,0,1,1,1,0,1,0,0,1,0,0
146.49,18.65,1.74,12.04,0.0,0.0,83.94,356.07,22.81,1.76,1.09,0,2.8,1,1,2,0,0,0,1,1,0,1,1,0,0,0,1,0,0,1,0,0,0,1,0,0,0,0,0
133.98,18.82,0.96,8.47,0.0,0.0,283.52,330.21,47.75,1.9,0.29,1,3.34,1,1,2,0,0,0,1,0,0,1,1,0,0,0,1,0,0,1,1,1,0,1,0,0,1,0,0
212.34,22.51,0.84,4.8,0.0,0.0,154.37,369.41,41.71,1.94,0.39,4,1.19,1,1,2,0,0,0,1,1,0,1,1,0,0,0,1,0,0,1,1,1,0,1,1,1,1,0,0
176.58,19.46,0.46,10.8,0.0,0.0,202.37,313.28,20.77,1.99,0.73,4,1.31,1,1,2,0,0,0,1,1,0,1,1,0,0,0,1,0,0,1,0,0,0,1,0,0,0,0,0
167.51,26.86,1.04,5.49,0.0,0.0,197.54,299.86,49.88,1.62,1.75,5,1.45,1,1,2,0,0,0,1,1,0,1,1,0,0,0,1,0,0,1,1,1,0,1,1,0,1,0,0
234.14,21.02,0.91,9.79,0.0,0.0,282.41,251.19,56.88,1.05,0.53,5,3.43,1,1,2,0,0,0,1,0,0,1,1,0,0,0,1,0,0,1,1,1,0,1,0,0,1,0,0
200.44,24.35,1.04,13.02,0.0,0.0,253.03,277.41,43.76,1.58,1.06,3,1.52,1,1,2,0,0,0,1,0,0,1,1,0,0,0,1,0,0,1,0,0,0,1,0,0,0,0,0
232.32,19.4,0.8,4.83,0.0,0.0,285.31,360.9,41.64,1.93,0.96,3,3.1,1,1,2,0,0,0,1,0,0,1,1,0,0,0,1,0,0,1,1,1,0,1,1,0,1,0,0
135.76,21.35,1.39,12.71,0.0,0.0,288.85,386.02,51.58,1.71,0.47,0,3.72,1,1,2,0,0,0,1,0,0,1,1,0,0,0,1,0,0,1,0,0,0,1,0,0,0,0,0
241.68,26.95,0.28,13.35,0.0,0.0,179.66,366.86,42.48,1.99,0.91,1,2.86,1,1,2,0,0,0,1,1,0,1,1,0,0,0,1,0,0,1,0,0,0,1,0,0,0,0,0
138.41,20.07,0.67,8.05,0.0,0.0,145.53,317.6,20.52,1.77,0.08,5,3.88,1,1,2,0,0,0,1,1,0,1,1,0,0,0,1,0,0,1,1,1,0,1,0,0,1,0,0
206.91,24.17,1.11,4.97,0.0,0.0,215.37,384.82,51.36,1.78,1.85,3,1.16,1,1,2,0,0,0,1,1,0,1,1,0,0,0,1,0,0,1,1,1,0,1,1,1,1,0,0
203.13,19.25,0.16,8.93,0.0,0.0,292.24,335.44,29.41,1.84,1.71,5,2.85,1,1,2,0,0,0,1,0,0,1,1,0,0,0,1,0,0,1,1,1,0,1,0,0,1,0,0
234.14,19.63,1.86,14.42,0.0,0.0,264.54,324.65,43.8,1.84,0.06,3,1.35,1,1,2,0,0,0,1,0,0,1,1,0,0,0,1,0,0,1,0,0,0,1,0,0,0,0,0
230.61,25.77,0.65,11.24,0.0,0.0,54.68,308.74,22.99,1.48,0.84,4,2.9,1,1,2,0,0,0,1,1,0,1,1,0,0,0,1,0,0,1,0,0,0,1,0,0,0,0,0
174.18,25.35,0.99,4.2,0.0,0.0,109.2,283.16,44.36,1.82,0.5,5,3.85,1,1,2,0,0,0,1,1,0,1,1,0,0,0,1,0,0,1,1,1,0,1,1,0,1,0,0
248.77,22.84,0.94,11.09,0.0,0.0,268.5,361.95,39.88,1.46,1.28,1,2.36,1,1,2,0,0,0,1,0,0,1,1,0,0,0,1,0,0,1,0,0,0,1,0,0,0,0,0
140.89,18.49,1.71,6.26,0.0,0.0,115.63,304.2,25.75,1.05,1.75,2,2.04,1,1,2,0,0,0,1,1,0,1,1,0,0,0,1,0,0,1,1,1,0,1,1,0,1,0,0
249.38,21.02,0.48,10.25,0.0,0.0,227.35,259.21,56.76,1.08,1.83,2,3.72,1,1,2,0,0,0,1,1,0,1,1,0,0,0,1,0,0,1,0,0,0,1,0,0,0,0,0
141.58,26.57,0.36,13.48,0.0,0.0,87.93,364.31,47.23,1.54,1.62,4,1.35,1,1,2,0,0,0,1,1,0,1,1,0,0,0,1,0,0,1,0,0,0,1,0,0,0,0,0
198.43,23.68,1.36,4.94,0.0,0.0,176.75,366.0,48.23,1.12,1.18,3,3.85,1,1,2,0,0,0,1,1,0,1,1,0,0,0,1,0,0,1,1,1,0,1,1,0,1,0,0
213.87,23.1,0.37,5.36,0.0,0.0,269.53,371.36,42.71,2.0,1.91,0,2.93,1,1,2,0,0,0,1,0,0,1,1,0,0,0,1,0,0,1,1,1,0,1,1,0,1,0,0
234.97,25.85,0.22,8.19,0.0,0.0,293.09,360.36,20.62,1.88,0.2,0,3.51,1,1,2,0,0,0,1,0,0,1,1,0,0,0,1,0,0,1,1,1,0,1,0,0,1,0,0
186.44,22.35,0.59,12.51,0.0,0.0,73.77,270.54,51.71,1.44,0.26,4,3.79,1,1,2,0,0,0,1,1,0,1,1,0,0,0,1,0,0,1,0,0,0,1,0,0,0,0,0
149.86,19.44,1.08,10.76,0.0,0.0,95.09,321.94,46.32,1.43,1.36,5,2.0,1,1,2,0,0,0,1,1,0,1,1,0,0,0,1,0,0,1,0,0,0,1,0,0,0,0,0
166.43,22.11,0.05,11.35,0.0,0.0,61.51,398.02,30.55,1.13,0.74,3,3.98,1,1,2,0,0,0,1,1,0,1,1,0,0,0,1,0,0,1,0,0,0,1,0,0,0,0,0
232.74,21.04,0.6,9.32,0.0,0.0,206.74,251.72,50.53,1.74,1.66,3,2.79,1,1,2,0,0,0,1,1,0,1,1,0,0,0,1,0,0,1,1,1,0,1,0,0,1,0,0
150.48,21.11,0.04,12.45,0.0,0.0,227.09,374.31,31.43,1.19,1.94,5,1.04,1,1,2,0,0,0,1,1,0,1,1,0,0,0,1,0,0,1,0,0,0,1,0,0,0,0,0
172.54,25.43,0.16,10.24,0.0,0.0,108.99,292.72,24.47,1.63,0.48,4,2.46,1,1,2,0,0,0,1,1,0,1,1,0,0,0,1,0,0,1,0,0,0,1,0,0,0,0,0
232.28,19.98,1.94,5.4,0.0,0.0,196.5,387.63,30.2,1.55,0.35,1,1.8,1,1,2,0,0,0,1,1,0,1,1,0,0,0,1,0,0,1,1,1,0,1,1,0,1,0,0
157.16,27.57,0.92,6.29,0.0,0.0,116.81,381.89,26.5,1.06,0.54,4,1.99,1,1,2,0,0,0,1,1,0,1,1,0,0,0,1,0,0,1,1,1,0,1,1,0,1,0,0
133.38,22.5,1.3,12.97,0.0,0.0,215.5,332.74,30.96,1.8,0.35,3,1.53,1,1,2,0,0,0,1,1,0,1,1,0,0,0,1,0,0,1,0,0,0,1,0,0,0,0,0
173.0,24.53,0.47,6.02,0.0,0.0,157.16,285.08,22.15,1.43,1.58,4,2.64,1,1,2,0,0,0,1,1,0,1,1,0,0,0,1,0,0,1,1,1,0,1,1,0,1,0,0
176.93,23.73,1.99,13.45,0.0,0.0,202.52,343.94,55.13,1.63,0.46,1,2.84,1,1,2,0,0,0,1,1,0,1,1,0,0,0,1,0,0,1,0,0,0,1,0,0,0,0,0
185.59,18.9,1.99,10.07,0.0,0.0,186.93,391.39,26.66,1.29,0.3,2,3.08,1,1,2,0,0,0,1,1,0,1,1,0,0,0,1,0,0,1,0,0,0,1,0,0,0,0,0
236.44,23.76,1.28,8.48,0.0,0.0,169.15,265.44,20.31,1.06,0.39,4,1.79,1,1,2,0,0,0,1,1,0,1,1,0,0,0,1,0,0,1,1,1,0,1,0,0,1,0,0
188.94,22.19,0.58,12.88,0.0,0.0,97.32,330.03,32.72,1.53,1.56,5,1.26,1,1,2,0,0,0,1,1,0,1,1,0,0,0,1,0,0,1,0,0,0,1,0,0,0,0,0
203.97,20.57,1.06,14.36,0.0,0.0,148.26,345.0,55.76,1.59,1.23,4,3.71,1,1,2,0,0,0,1,1,0,1,1,0,0,0,1,0,0,1,0,0,0,1,0,0,0,0,0
132.52,22.75,1.86,8.34,0.0,0.0,165.73,275.29,20.74,1.61,1.84,5,1.83,1,1,2,0,0,0,1,1,0,1,1,0,0,0,1,0,0,1,1,1,0,1,0,0,1,0,0
213.22,22.26,1.03,14.09,0.0,0.0,262.98,366.23,30.55,1.32,0.62,1,1.15,1,1,2,0,0,0,1,0,0,1,1,0,0,0,1,0,0,1,0,0,0,1,0,0,0,0,0
177.46,26.54,1.51,9.69,0.0,0.0,260.17,368.04,46.26,1.47,1.93,4,1.31,1,1,2,0,0,0,1,0,0,1,1,0,0,0,1,0,0,1,1,1,0,1,0,0,1,0,0
213.21,19.82,0.2,12.33,0.0,0.0,251.39,398.66,25.39,1.97,1.2,3,1.2,1,1,2,0,0,0,1,0,0,1,1,0,0,0,1,0,0,1,0,0,0,1,0,0,0,0,0
174.2,26.85,1.51,7.56,0.0,0.0,290.31,286.86,20.36,1.43,0.72,3,2.41,1,1,2,0,0,0,1,0,0,1,1,0,0,0,1,0,0,1,1,1,0,1,1,0,1,0,0
139.33,20.62,1.91,5.22,0.0,0.0,87.22,354.91,34.67,1.45,0.31,0,1.55,1,1,2,0,0,0,1,1,0,1,1,0,0,0,1,0,0,1,1,1,0,1,1,0,1,0,0
182.65,26.0,0.92,5.64,0.0,0.0,234.64,321.9,38.15,1.85,1.42,2,2.18,1,1,2,0,0,0,1,1,0,1,1,0,0,0,1,0,0,1,1,1,0,1,1,0,1,0,0
201.73,21.68,1.41,12.16,0.0,0.0,109.32,278.42,44.39,1.59,1.02,4,2.67,1,1,2,0,0,0,1,1,0,1,1,0,0,0,1,0,0,1,0,0,0,1,0,0,0,0,0
241.94,21.35,1.94,7.92,0.0,0.0,173.65,344.42,40.2,1.54,0.05,5,3.63,1,1,2,0,0,0,1,1,0,1,1,0,0,0,1,0,0,1,1,1,0,1,1,0,1,0,0
193.09,26.89,0.66,4.68,0.0,0.0,228.81,393.57,47.64,1.89,0.91,1,2.74,1,1,2,0,0,0,1,1,0,1,1,0,0,0,1,0,0,1,1,1,0,1,1,0,1,0,0
211.05,24.25,1.33,6.91,0.0,0.0,58.98,322.43,54.39,1.49,1.1,0,3.38,1,1,2,0,0,0,1,1,0,1,1,0,0,0,1,0,0,1,1,1,0,1,1,0,1,0,0
105.12,21.57,7.96,3.75,0.0,0.67,383.54,270.68,94.67,5.44,4.88,3,0.67,1,1,2,0,0,0,0,0,0,1,1,0,0,0,1,1,0,1,0,1,0,0,1,1,1,0,0
142.24,16.26,4.48,2.33,0.0,1.78,360.75,299.69,75.11,6.51,3.22,2,0.77,1,1,2,0,0,0,0,0,0,1,1,0,0,0,1,1,0,1,0,1,0,0,1,1,1,1,0
148.49,18.98,4.5,3.15,0.0,0.26,179.59,287.89,96.77,4.9,4.25,4,0.47,1,1,2,0,0,0,1,1,0,1,1,0,0,0,1,1,0,1,1,1,0,1,1,1,1,0,0
127.72,21.12,6.95,2.35,0.0,0.48,211.73,166.66,98.27,5.44,2.77,4,0.99,1,1,2,0,0,0,1,1,0,1,1,0,0,0,1,1,0,1,1,1,0,1,1,1,1,1,0
148.87,16.34,4.91,1.91,0.0,0.98,160.16,256.67,72.18,7.39,6.86,4,0.11,1,1,2,0,0,0,1,1,0,1,1,0,0,0,1,1,0,1,1,1,0,1,1,1,1,1,0
101.93,16.18,2.96,2.52,0.0,0.09,255.95,187.18,45.72,4.54,7.49,5,0.82,1,1,2,0,0,0,1,0,0,1,1,0,0,0,1,1,0,1,1,1,0,1,1,1,1,1,0
85.5,17.83,5.84,1.0,0.0,0.81,255.2,179.22,76.66,6.86,5.52,0,0.43,1,1,2,0,0,0,1,0,0,1,1,0,0,0,1,1,0,1,1,1,0,1,1,1,1,1,0
108.72,17.05,4.2,3.25,0.0,1.77,168.31,284.39,60.49,3.86,6.36,4,0.5,1,1,2,0,0,0,1,1,0,1,1,0,0,0,1,1,0,1,1,1,0,1,1,1,1,0,0
123.49,17.4,6.26,1.96,0.0,0.04,233.71,286.18,58.32,3.18,7.56,0,0.71,1,1,2,0,0,0,1,1,0,1,1,0,0,0,1,1,0,1,1,1,0,1,1,1,1,1,0
80.92,15.16,6.68,3.01,0.0,1.62,334.97,252.33,66.38,7.9,5.41,3,0.59,1,1,2,0,0,0,0,0,0,1,1,0,0,0,1,1,0,1,0,1,0,0,1,1,1,0,0
89.9,12.66,4.6,3.07,0.0,0.86,345.43,269.16,83.92,2.46,6.78,3,0.11,1,1,2,0,0,0,0,0,0,1,1,0,0,0,1,0,0,1,0,1,0,0,1,1,1,0,0
82.66,14.08,3.72,1.34,0.0,1.51,149.28,287.09,62.08,6.02,3.35,2,0.56,1,1,2,0,0,0,1,1,0,1,1,0,0,0,1,1,0,1,1,1,0,1,1,1,1,1,0
133.81,19.58,6.02,2.35,0.0,1.25,397.06,272.91,42.66,3.92,5.43,3,0.19,1,1,2,0,0,0,0,0,0,1,1,0,0,0,1,1,0,1,0,1,0,0,1,1,1,1,0
105.56,14.15,5.12,3.0,0.0,0.46,150.09,152.94,53.69,2.14,4.07,2,0.37,1,1,2,0,0,0,1,1,0,1,1,1,0,0,1,0,0,1,1,1,0,1,1,1,1,0,0
126.99,20.32,7.12,1.52,0.0,1.47,332.19,267.7,53.69,3.16,5.54,5,0.03,1,1,2,0,0,0,0,0,0,1,1,0,0,0,1,1,0,1,0,1,0,0,1,1,1,1,0
128.3,14.64,2.4,1.04,0.0,0.71,398.36,216.36,51.26,6.66,7.56,1,0.66,1,1,2,0,0,0,0,0,0,1,1,0,0,0,1,1,0,1,0,1,0,0,1,1,1,1,0
86.9,17.61,2.72,1.63,0.0,0.13,301.4,219.51,89.86,2.59,2.87,3,0.43,1,1,2,0,0,0,0,0,0,1,1,0,0,0,1,1,0,1,0,1,0,0,1,1,1,1,0
130.36,17.6,7.96,2.28,0.0,0.94,170.56,234.19,47.55,7.7,7.16,1,0.16,1,1,2,0,0,0,1,1,0,1,1,0,0,0,1,1,0,1,1,1,0,1,1,1,1,1,0
109.01,18.29,6.69,3.06,0.0,0.3,203.84,156.44,83.17,7.72,3.58,4,0.06,1,1,2,0,0,0,1,1,0,1,1,0,0,0,1,1,0,1,1,1,0,1,1,1,1,0,0
94.47,12.9,4.42,3.46,0.0,0.45,112.03,233.01,47.97,4.06,5.06,5,0.08,1,1,2,0,0,0,1,1,0,1,1,0,0,0,1,1,0,1,1,1,0,1,1,1,1,0,0
126.8,12.14,5.78,2.65,0.0,1.06,205.78,186.41,45.11,5.21,7.33,4,0.48,1,1,2,0,0,0,1,1,0,1,1,0,0,0,1,1,0,1,1,1,0,1,1,1,1,1,0
100.12,15.63,7.15,2.4,0.0,1.87,338.98,158.35,99.94,6.17,2.96,5,0.34,1,1,2,0,0,0,0,0,0,1,1,0,0,0,1,1,0,1,0,1,0,0,1,1,1,1,0
97.93,14.22,3.2,3.21,0.0,0.46,125.57,197.07,79.47,4.21,5.3,5,0.43,1,1,2,0,0,0,1,1,0,1,1,1,0,0,1,1,0,1,1,1,0,1,1,1,1,0,0
107.19,21.6,6.61,1.62,0.0,1.09,283.9,220.23,88.61,6.61,5.03,0,0.03,1,1,2,0,0,0,1,0,0,1,1,0,0,0,1,1,0,1,1,1,0,1,1,1,1,1,0
101.04,19.97,6.04,2.31,0.0,0.12,201.25,219.0,81.22,5.88,7.68,4,0.16,1,1,2,0,0,0,1,1,0,1,1,0,0,0,1,1,0,1,1,1,0,1,1,1,1,1,0
88.97,12.12,5.78,2.08,0.0,0.65,150.68,291.25,59.2,4.0,7.04,0,0.71,1,1,2,0,0,0,1,1,0,1,1,0,0,0,1,1,0,1,1,1,0,1,1,1,1,1,0
124.52,21.46,3.24,3.97,0.0,1.18,298.71,247.32,43.5,3.31,7.77,1,0.57,1,1,2,0,0,0,1,0,0,1,1,0,0,0,1,1,0,1,1,1,0,1,1,1,1,0,0
80.73,14.05,6.66,1.83,0.0,0.62,376.46,230.49,81.77,2.5,2.24,0,0.31,1,1,2,0,0,0,0,0,0,1,1,0,0,0,1,1,0,1,0,1,0,0,1,1,1,1,0
128.14,17.69,4.25,2.96,0.0,0.13,356.35,234.59,78.95,3.84,4.23,2,0.62,1,1,2,0,0,0,0,0,0,1,1,0,0,0,1,1,0,1,0,1,0,0,1,1,1,1,0
114.27,21.67,7.7,3.95,0.0,1.82,165.18,274.65,82.53,7.78,5.43,5,0.62,1,1,2,0,0,0,1,1,0,1,1,0,0,0,1,1,0,1,1,1,0,1,1,1,1,0,0
141.94,14.47,7.43,3.73,0.0,0.19,317.97,200.54,87.7,2.98,5.24,4,0.74,1,1,2,0,0,0,0,0,0,1,1,0,0,0,1,1,0,1,0,1,0,0,1,1,1,0,0
80.68,15.7,5.64,2.36,0.0,0.85,146.16,296.46,54.52,6.31,2.86,2,0.51,1,1,2,0,0,0,1,1,0,1,1,0,0,0,1,1,0,1,1,1,0,1,1,1,1,1,0
102.18,20.97,2.19,1.08,0.0,1.59,325.46,161.92,97.02,6.22,7.69,1,0.5,1,1,2,0,0,0,0,0,0,1,1,0,0,0,1,1,0,1,0,1,0,0,1,1,1,1,0
88.97,20.06,5.7,1.41,0.0,1.62,270.51,166.3,62.37,3.46,5.1,2,0.6,1,1,2,0,0,0,1,0,0,1,1,0,0,0,1,1,0,1,1,1,0,1,1,1,1,1,0
124.42,19.63,2.92,3.92,0.0,1.26,240.58,220.23,82.16,7.97,5.95,3,0.54,1,1,2,0,0,0,1,1,0,1,1,0,0,0,1,1,0,1,1,1,0,1,1,1,1,0,0
112.34,13.85,3.83,3.32,0.0,1.76,144.37,226.25,78.82,5.1,7.34,1,0.4,1,1,2,0,0,0,1,1,0,1,1,0,0,0,1,1,0,1,1,1,0,1,1,1,1,0,0
126.64,21.68,4.55,1.6,0.0,1.49,357.91,182.21,64.29,7.89,2.95,0,0.41,1,1,2,0,0,0,0,0,0,1,1,0,0,0,1,1,0,1,0,1,0,0,1,1,1,1,0
118.2,16.62,7.4,3.72,0.0,0.75,315.19,209.29,53.96,4.06,2.43,5,0.46,1,1,2,0,0,0,0,0,0,1,1,0,0,0,1,1,0,1,0,1,0,0,1,1,1,0,0
146.88,15.13,7.41,1.69,0.0,1.04,301.75,156.65,53.26,4.73,3.99,3,0.2,1,1,2,0,0,0,0,0,0,1,1,0,0,0,1,1,0,1,0,1,0,0,1,1,1,1,0
139.07,20.18,7.92,1.85,0.0,1.81,170.22,232.19,82.44,3.63,7.63,5,0.44,1,1,2,0,0,0,1,1,0,1,1,0,0,0,1,1,0,1,1,1,0,1,1,1,1,1,0
139.88,12.5,7.29,3.56,0.0,0.98,208.54,299.13,46.67,5.54,6.09,3,0.78,1,1,2,0,0,0,1,1,0,1,1,0,0,0,1,1,0,1,1,1,0,1,1,1,1,0,0
125.07,13.17,4.24,1.42,0.0,1.5,327.26,247.84,70.42,2.9,3.98,3,0.59,1,1,2,0,0,0,0,0,0,1,1,0,0,0,1,1,0,1,0,1,0,0,1,1,1,1,0
82.17,14.78,5.01,2.76,0.0,1.43,296.87,277.29,57.73,5.85,2.31,2,0.19,1,1,2,0,0,0,1,0,0,1,1,0,0,0,1,1,0,1,1,1,0,1,1,1,1,1,0
130.34,18.69,6.49,1.57,0.0,0.47,209.76,269.05,84.28,7.55,2.35,3,0.78,1,1,2,0,0,0,1,1,0,1,1,0,0,0,1,1,0,1,1,1,0,1,1,1,1,1,0
99.53,13.44,3.99,2.75,0.0,0.77,249.44,218.24,40.54,4.37,5.52,2,0.92,1,1,2,0,0,0,1,1,0,1,1,0,0,0,1,1,0,1,1,1,0,1,1,1,1,1,0
94.54,18.05,4.42,3.32,0.0,0.99,373.9,206.57,53.2,5.65,5.74,5,0.48,1,1,2,0,0,0,0,0,0,1,1,0,0,0,1,1,0,1,0,1,0,0,1,1,1,0,0
114.02,13.62,7.02,3.39,0.0,0.73,130.13,277.29,59.4,4.64,3.94,2,0.55,1,1,2,0,0,0,1,1,0,1,1,0,0,0,1,1,0,1,1,1,0,1,1,1,1,0,0
123.92,16.81,6.96,3.5,0.0,1.61,246.43,207.22,89.88,4.94,3.48,2,0.22,1,1,2,0,0,0,1,1,0,1,1,0,0,0,1,1,0,1,1,1,0,1,1,1,1,0,0
137.06,20.46,3.24,3.13,0.0,0.35,230.11,243.05,41.56,4.43,2.93,2,0.94,1,1,2,0,0,0,1,1,0,1,1,0,0,0,1,1,0,1,1,1,0,1,1,1,1,0,0
108.1,17.28,2.74,2.62,0.0,2.0,392.56,294.96,60.9,7.95,4.73,5,0.22,1,1,2,0,0,0,0,0,0,1,1,0,0,0,1,1,0,1,0,1,0,0,1,1,1,1,0
115.41,21.66,7.68,3.05,0.0,0.35,316.5,242.71,45.49,2.68,2.65,3,0.05,1,1,2,0,0,0,0,0,0,1,1,0,0,0,1,1,0,1,0,1,0,0,1,1,1,0,0
99.18,19.41,7.53,1.09,0.0,0.51,355.83,265.07,60.42,2.01,5.33,2,0.74,1,1,2,0,0,0,0,0,0,1,1,0,0,0,1,0,0,1,0,1,0,0,1,1,1,1,0
105.18,20.47,3.97,3.11,0.0,0.77,202.97,272.5,98.02,4.77,6.95,1,0.06,1,1,2,0,0,0,1,1,0,1,1,0,0,0,1,1,0,1,1,1,0,1,1,1,1,0,0
105.43,21.57,7.9,1.61,0.0,0.71,201.13,263.94,66.64,6.68,6.49,2,0.01,1,1,2,0,0,0,1,1,0,1,1,0,0,0,1,1,0,1,1,1,0,1,1,1,1,1,0
100.15,12.31,2.56,1.66,0.0,1.7,358.59,242.43,95.69,5.0,7.33,2,0.07,1,1,2,0,0,0,0,0,0,1,1,0,0,0,1,1,0,1,0,1,0,0,1,1,1,1,0
124.87,19.77,4.81,3.26,0.0,1.49,192.81,234.28,94.7,4.69,6.09,2,0.76,1,1,2,0,0,0,1,1,0,1,1,0,0,0,1,1,0,1,1,1,0,1,1,1,1,0,0
83.54,17.53,3.77,1.4,0.0,0.43,167.1,191.26,75.21,5.96,2.11,4,0.43,1,1,2,0,0,0,1,1,0,1,1,0,0,0,1,1,0,1,1,1,0,1,1,1,1,1,0
103.24,20.84,6.73,2.88,0.0,1.4,353.09,239.22,87.07,6.49,5.43,5,0.08,1,1,2,0,0,0,0,0,0,1,1,0,0,0,1,1,0,1,0,1,0,0,1,1,1,1,0
138.09,16.51,7.2,1.27,0.0,0.32,200.15,154.33,47.42,4.67,6.91,0,0.24,1,1,2,0,0,0,1,1,0,1,1,0,0,0,1,1,0,1,1,1,0,1,1,1,1,1,0
90.62,15.89,7.3,1.27,0.0,0.18,241.06,169.02,44.82,3.15,3.53,1,0.51,1,1,2,0,0,0,1,1,0,1,1,0,0,0,1,1,0,1,1,1,0,1,1,1,1,1,0
154.92,11.71,0.84,9.01,0.0,0.99,80.51,103.37,56.31,1.62,0.96,3,3.76,1,1,0,0,0,0,1,1,0,1,1,1,0,0,1,0,1,1,1,1,0,1,0,0,1,0,1
142.74,11.69,0.32,9.03,0.0,0.14,137.5,130.28,49.13,1.17,0.66,5,3.41,1,1,0,0,0,0,1,1,0,1,1,1,0,0,1,0,1,1,1,1,0,1,0,0,1,0,1
154.86,13.51,1.29,11.56,0.0,0.28,130.41,132.49,58.12,1.04,0.4,1,2.5,1,1,0,0,0,0,1,1,0,1,1,1,0,0,1,0,1,1,0,0,0,1,0,0,0,0,1
158.25,13.82,1.76,10.25,0.0,0.87,122.07,137.81,59.65,1.69,0.98,2,3.35,1,1,0,0,0,0,1,1,0,1,1,1,0,0,1,0,1,1,0,0,0,1,0,0,0,0,1
137.29,12.38,1.59,8.13,0.0,0.25,135.83,132.29,40.67,1.4,0.97,0,3.49,1,1,0,0,0,0,1,1,0,1,1,1,0,0,1,0,1,1,1,1,0,1,0,0,1,0,1
135.6,10.94,1.59,8.37,0.0,0.02,87.74,141.94,41.8,1.89,0.91,2,3.22,1,1,0,0,0,0,1,1,0,1,1,1,0,0,1,0,1,1,1,1,0,1,0,0,1,0,1
149.99,12.68,0.44,10.38,0.0,0.35,76.86,146.33,43.54,1.25,0.1,5,2.19,1,1,0,0,0,0,1,1,0,1,1,1,0,0,1,0,1,1,0,0,0,1,0,0,0,0,1
139.18,11.85,1.0,10.17,0.0,0.67,111.61,134.67,42.28,1.48,0.36,4,3.56,1,1,0,0,0,0,1,1,0,1,1,1,0,0,1,0,1,1,0,0,0,1,0,0,0,0,1
144.83,10.45,0.23,11.79,0.0,0.82,79.74,125.85,53.1,1.16,0.74,5,3.39,1,1,0,0,0,0,1,1,0,1,1,1,0,0,1,0,1,1,0,0,0,1,0,0,0,0,1
144.74,11.42,1.63,9.98,0.0,0.46,65.44,140.95,40.93,1.25,0.35,1,3.51,1,1,0,0,0,0,1,1,0,1,1,1,0,0,1,0,1,1,1,1,0,1,0,0,1,0,1
134.15,13.27,1.11,8.02,0.0,0.4,83.72,146.28,57.99,1.76,0.85,2,2.9,1,1,0,0,0,0,1,1,0,1,1,1,0,0,1,0,1,1,1,1,0,1,0,0,1,0,1
150.37,10.38,0.82,11.77,0.0,0.99,64.55,143.07,51.62,1.5,0.97,4,3.17,1,1,0,0,0,0,1,1,0,1,1,1,0,0,1,0,1,1,0,0,0,1,0,0,0,0,1
144.54,12.08,0.27,10.07,0.0,0.88,87.46,151.38,54.03,1.77,0.31,4,2.04,1,1,0,0,0,0,1,1,0,1,1,1,0,0,1,0,1,1,0,0,0,1,0,0,0,0,1
136.36,12.15,0.96,10.01,0.0,0.69,116.34,121.48,57.62,1.64,0.71,5,3.34,1,1,0,0,0,0,1,1,0,1,1,1,0,0,1,0,1,1,0,0,0,1,0,0,0,0,1
138.43,12.09,0.7,9.28,0.0,0.41,112.8,113.32,59.31,1.12,0.48,1,2.05,1,1,0,0,0,0,1,1,0,1,1,1,0,0,1,0,1,1,1,1,0,1,0,0,1,0,1
157.68,13.24,1.39,11.46,0.0,0.65,127.79,123.45,51.06,1.78,0.08,2,3.52,1,1,0,0,0,0,1,1,0,1,1,1,0,0,1,0,1,1,0,0,0,1,0,0,0,0,1
143.34,12.9,1.36,8.54,0.0,0.76,117.7,122.68,41.55,1.01,0.29,1,3.22,1,1,0,0,0,0,1,1,0,1,1,1,0,0,1,0,1,1,1,1,0,1,0,0,1,0,1
144.39,10.98,0.33,10.95,0.0,0.11,75.52,159.18,40.3,1.51,0.52,0,2.0,1,1,0,0,0,0,1,1,0,1,1,1,0,0,1,0,1,1,0,0,0,1,0,0,0,0,1
157.95,12.22,1.85,9.34,0.0,0.4,116.48,133.95,58.51,1.03,0.71,4,3.92,1,1,0,0,0,0,1,1,0,1,1,1,0,0,1,0,1,1,1,1,0,1,0,0,1,0,1
137.69,13.34,1.22,11.93,0.0,0.97,136.14,100.46,54.82,1.27,0.71,5,2.97,1,1,0,0,0,0,1,1,0,1,1,1,0,0,1,0,1,1,0,0,0,1,0,0,0,0,1
159.85,12.69,0.14,8.47,0.0,0.63,127.45,153.9,48.96,1.05,0.19,2,3.03,1,1,0,0,0,0,1,1,0,1,1,1,0,0,1,0,1,1,1,1,0,1,0,0,1,0,1
138.18,12.63,0.73,10.81,0.0,0.09,132.74,129.22,47.86,1.96,0.44,3,3.71,1,1,0,0,0,0,1,1,0,1,1,1,0,0,1,0,1,1,0,0,0,1,0,0,0,0,1
145.19,13.07,0.43,11.32,0.0,0.64,68.47,153.72,55.85,1.75,0.04,2,3.79,1,1,0,0,0,0,1,1,0,1,1,1,0,0,1,0,1,1,0,0,0,1,0,0,0,0,1
136.01,11.23,0.57,9.22,0.0,0.95,86.36,124.46,55.42,1.43,0.93,3,2.92,1,1,0,0,0,0,1,1,0,1,1,1,0,0,1,0,1,1,1,1,0,1,0,0,1,0,1
138.61,11.42,0.06,11.93,0.0,0.5,90.7,132.36,47.6,1.36,0.46,4,3.49,1,1,0,0,0,0,1,1,0,1,1,1,0,0,1,0,1,1,0,0,0,1,0,0,0,0,1
145.01,10.18,0.15,11.15,0.0,0.68,127.13,143.17,57.94,1.15,0.39,5,2.59,1,1,0,0,0,0,1,1,0,1,1,1,0,0,1,0,1,1,0,0,0,1,0,0,0,0,1
137.21,12.55,0.76,10.51,0.0,0.62,82.06,103.06,58.24,1.88,0.97,3,3.29,1,1,0,0,0,0,1,1,0,1,1,1,0,0,1,0,1,1,0,0,0,1,0,0,0,0,1
139.99,10.04,1.96,9.97,0.0,0.55,108.44,142.71,46.42,1.7,0.53,2,3.67,1,1,0,0,0,0,1,1,0,1,1,1,0,0,1,0,1,1,1,1,0,1,0,0,1,0,1
135.53,12.45,0.1,8.41,0.0,0.07,107.63,113.2,46.08,1.13,0.25,3,2.77,1,1,0,0,0,0,1,1,0,1,1,1,0,0,1,0,1,1,1,1,0,1,0,0,1,0,1
132.06,13.17,1.47,11.61,0.0,0.46,74.76,122.27,50.44,1.05,0.71,2,3.79,1,1,0,0,0,0,1,1,0,1,1,1,0,0,1,0,1,1,0,0,0,1,0,0,0,0,1
141.54,11.61,1.22,11.01,0.0,0.02,114.99,127.03,50.48,1.56,0.73,4,3.29,1,1,0,0,0,0,1,1,0,1,1,1,0,0,1,0,1,1,0,0,0,1,0,0,0,0,1
146.92,11.5,0.28,11.83,0.0,0.57,120.09,104.1,57.1,1.8,0.77,2,3.91,1,1,0,0,0,0,1,1,0,1,1,1,0,0,1,0,1,1,0,0,0,1,0,0,0,0,1
159.56,11.69,1.9,8.14,0.0,0.64,79.96,130.44,42.59,1.87,0.36,0,2.32,1,1,0,0,0,0,1,1,0,1,1,1,0,0,1,0,1,1,1,1,0,1,0,0,1,0,1
136.18,13.97,1.51,11.85,0.0,0.16,100.25,129.68,43.5,1.73,0.36,1,3.75,1,1,0,0,0,0,1,1,0,1,1,1,0,0,1,0,1,1,0,0,0,1,0,0,0,0,1
158.48,10.13,1.95,11.48,0.0,0.84,118.92,147.59,44.41,1.65,0.03,5,3.99,1,1,0,0,0,0,1,1,0,1,1,1,0,0,1,0,1,1,0,0,0,1,0,0,0,0,1
159.88,13.43,0.13,11.81,0.0,0.8,92.58,119.18,49.26,1.15,0.36,0,2.62,1,1,0,0,0,0,1,1,0,1,1,1,0,0,1,0,1,1,0,0,0,1,0,0,0,0,1
131.27,12.6,1.37,10.21,0.0,0.52,115.41,102.64,47.37,1.21,0.1,4,3.54,1,1,0,0,0,0,1,1,0,1,1,1,0,0,1,0,1,1,0,0,0,1,0,0,0,0,1
144.84,13.97,0.09,8.94,0.0,0.45,133.71,133.6,40.9,1.41,0.42,5,2.32,1,1,0,0,0,0,1,1,0,1,1,1,0,0,1,0,1,1,1,1,0,1,0,0,1,0,1
135.43,12.29,0.69,9.69,0.0,0.9,123.24,114.1,59.6,1.36,0.17,2,3.9,1,1,0,0,0,0,1,1,0,1,1,1,0,0,1,0,1,1,1,1,0,1,0,0,1,0,1
134.53,11.99,1.16,9.32,0.0,0.76,117.67,159.83,45.19,1.74,0.55,3,2.32,1,1,0,0,0,0,1,1,0,1,1,1,0,0,1,0,1,1,1,1,0,1,0,0,1,0,1
156.88,12.38,1.65,10.18,0.0,0.34,90.52,158.38,40.11,1.99,0.98,1,3.7,1,1,0,0,0,0,1,1,0,1,1,1,0,0,1,0,1,1,0,0,0,1,0,0,0,0,1
146.99,10.51,0.77,8.34,0.0,0.28,129.29,121.47,49.89,1.06,0.28,3,3.8,1,1,0,0,0,0,1,1,0,1,1,1,0,0,1,0,1,1,1,1,0,1,0,0,1,0,1
150.65,13.88,1.02,10.55,0.0,0.48,127.68,138.67,56.03,1.79,0.19,1,3.07,1,1,0,0,0,0,1,1,0,1,1,1,0,0,1,0,1,1,0,0,0,1,0,0,0,0,1
138.57,10.86,1.18,11.66,0.0,0.18,121.27,113.79,45.81,1.92,0.91,4,2.18,1,1,0,0,0,0,1,1,0,1,1,1,0,0,1,0,1,1,0,0,0,1,0,0,0,0,1
131.74,13.41,1.46,10.79,0.0,0.38,136.65,103.83,55.47,1.31,0.04,3,2.29,1,1,0,0,0,0,1,1,0,1,1,1,0,0,1,0,1,1,0,0,0,1,0,0,0,0,1
143.92,10.99,1.02,9.54,0.0,0.75,72.03,147.93,51.23,1.83,0.0,1,3.74,1,1,0,0,0,0,1,1,0,1,1,1,0,0,1,0,1,1,1,1,0,1,0,0,1,0,1
156.48,11.78,1.02,9.66,0.0,0.9,123.05,107.59,52.21,2.0,0.6,3,3.54,1,1,0,0,0,0,1,1,0,1,1,1,0,0,1,0,1,1,1,1,0,1,0,0,1,0,1
140.51,11.49,1.45,10.0,0.0,0.71,122.21,116.29,42.94,1.29,0.51,5,2.53,1,1,0,0,0,0,1,1,0,1,1,1,0,0,1,0,1,1,0,0,0,1,0,0,0,0,1
135.17,10.07,0.19,8.59,0.0,0.9,132.92,156.24,59.2,1.49,0.53,2,3.75,1,1,0,0,0,0,1,1,0,1,1,1,0,0,1,0,1,1,1,1,0,1,0,0,1,0,1
133.75,11.98,0.91,8.03,0.0,0.37,113.58,156.3,41.72,1.33,0.44,2,2.52,1,1,0,0,0,0,1,1,0,1,1,1,0,0,1,0,1,1,1,1,0,1,0,0,1,0,1
140.91,13.49,0.34,8.88,0.0,0.93,100.3,138.81,47.74,1.19,0.22,3,3.04,1,1,0,0,0,0,1,1,0,1,1,1,0,0,1,0,1,1,1,1,0,1,0,0,1,0,1
135.76,11.06,0.77,10.49,0.0,0.39,105.18,114.51,41.58,1.02,0.25,1,2.67,1,1,0,0,0,0,1,1,0,1,1,1,0,0,1,0,1,1,0,0,0,1,0,0,0,0,1
153.19,12.87,1.22,11.41,0.0,0.89,91.94,124.05,48.11,1.1,0.98,2,2.06,1,1,0,0,0,0,1,1,0,1,1,1,0,0,1,0,1,1,0,0,0,1,0,0,0,0,1
143.38,12.18,1.6,10.91,0.0,0.78,83.89,138.48,53.44,2.0,0.14,1,2.31,1,1,0,0,0,0,1,1,0,1,1,1,0,0,1,0,1,1,0,0,0,1,0,0,0,0,1
147.67,10.54,1.31,11.22,0.0,0.56,133.02,134.17,44.17,1.34,0.53,1,2.84,1,1,0,0,0,0,1,1,0,1,1,1,0,0,1,0,1,1,0,0,0,1,0,0,0,0,1
149.7,10.66,0.87,10.53,0.0,0.36,60.08,148.26,57.79,1.97,0.72,5,2.54,1,1,0,0,0,0,1,1,0,1,1,1,0,0,1,0,1,1,0,0,0,1,0,0,0,0,1
159.98,12.36,1.36,10.73,0.0,0.01,77.62,139.93,57.9,1.69,0.41,3,2.4,1,1,0,0,0,0,1,1,0,1,1,1,0,0,1,0,1,1,0,0,0,1,0,0,0,0,1
131.62,12.47,1.04,11.05,0.0,0.96,64.56,102.34,59.74,1.64,0.72,5,2.96,1,1,0,0,0,0,1,1,0,1,1,1,0,0,1,0,1,1,0,0,0,1,0,0,0,0,1
152.54,11.13,0.44,11.7,0.0,0.1,75.44,159.93,43.91,1.61,0.42,3,2.86,1,1,0,0,0,0,1,1,0,1,1,1,0,0,1,0,1,1,0,0,0,1,0,0,0,0,1
151.45,10.53,1.48,11.42,0.0,0.04,95.25,139.6,59.57,1.95,0.4,0,2.24,1,1,0,0,0,0,1,1,0,1,1,1,0,0,1,0,1,1,0,0,0,1,0,0,0,0,1
134.41,10.74,0.66,11.57,0.0,0.72,66.62,135.47,49.64,1.98,0.85,3,3.37,1,1,0,0,0,0,1,1,0,1,1,1,0,0,1,0,1,1,0,0,0,1,0,0,0,0,1
149.97,11.09,0.47,8.42,0.0,0.86,63.99,105.32,44.78,1.89,0.33,3,2.64,1,1,0,0,0,0,1,1,0,1,1,1,0,0,1,0,1,1,1,1,0,1,0,0,1,0,1
140.0,12.96,0.5,11.59,0.0,0.54,81.18,150.11,51.45,1.16,0.21,2,2.41,1,1,0,0,0,0,1,1,0,1,1,1,0,0,1,0,1,1,0,0,0,1,0,0,0,0,1
131.76,12.18,1.4,11.99,0.0,0.9,90.55,141.36,51.97,1.05,0.08,1,3.89,1,1,0,0,0,0,1,1,0,1,1,1,0,0,1,0,1,1,0,0,0,1,0,0,0,0,1
138.97,11.22,0.96,11.67,0.0,0.22,73.05,127.42,56.01,1.29,0.51,3,2.58,1,1,0,0,0,0,1,1,0,1,1,1,0,0,1,0,1,1,0,0,0,1,0,0,0,0,1
135.52,12.7,1.37,10.61,0.0,0.1,132.89,130.46,48.14,1.59,0.19,5,3.96,1,1,0,0,0,0,1,1,0,1,1,1,0,0,1,0,1,1,0,0,0,1,0,0,0,0,1
156.12,11.27,0.61,8.41,0.0,0.37,105.81,154.02,48.16,1.81,0.43,2,2.59,1,1,0,0,0,0,1,1,0,1,1,1,0,0,1,0,1,1,1,1,0,1,0,0,1,0,1
144.47,12.76,0.49,10.14,0.0,0.45,129.04,152.17,49.41,1.97,0.08,1,2.76,1,1,0,0,0,0,1,1,0,1,1,1,0,0,1,0,1,1,0,0,0,1,0,0,0,0,1
148.03,12.52,0.95,8.5,0.0,0.85,129.43,140.43,53.28,1.6,0.2,0,2.01,1,1,0,0,0,0,1,1,0,1,1,1,0,0,1,0,1,1,1,1,0,1,0,0,1,0,1
131.4,11.24,0.44,8.47,0.0,0.84,114.67,129.05,58.18,1.03,0.34,2,3.67,1,1,0,0,0,0,1,1,0,1,1,1,0,0,1,0,1,1,1,1,0,1,0,0,1,0,1
141.42,10.25,0.13,8.17,0.0,0.72,76.3,138.79,53.74,1.26,0.6,5,3.16,1,1,0,0,0,0,1,1,0,1,1,1,0,0,1,0,1,1,1,1,0,1,0,0,1,0,1
139.19,12.67,1.08,9.57,0.0,0.6,126.34,136.0,52.21,1.51,0.39,3,2.01,1,1,0,0,0,0,1,1,0,1,1,1,0,0,1,0,1,1,1,1,0,1,0,0,1,0,1
142.05,10.42,0.05,11.3,0.0,0.21,103.14,116.68,49.87,1.44,0.27,3,3.93,1,1,0,0,0,0,1,1,0,1,1,1,0,0,1,0,1,1,0,0,0,1,0,0,0,0,1
135.18,10.97,0.93,11.19,0.0,0.17,78.93,134.52,45.9,1.42,0.49,0,3.42,1,1,0,0,0,0,1,1,0,1,1,1,0,0,1,0,1,1,0,0,0,1,0,0,0,0,1
141.33,11.65,0.75,10.15,0.0,0.89,115.71,153.92,54.18,1.97,0.64,3,2.72,1,1,0,0,0,0,1,1,0,1,1,1,0,0,1,0,1,1,0,0,0,1,0,0,0,0,1
139.86,10.37,1.17,10.34,0.0,0.31,89.49,119.23,48.52,1.34,0.68,2,2.7,1,1,0,0,0,0,1,1,0,1,1,1,0,0,1,0,1,1,0,0,0,1,0,0,0,0,1
143.06,10.02,0.98,9.02,0.0,0.91,85.79,125.57,56.55,1.17,0.85,1,2.78,1,1,0,0,0,0,1,1,0,1,1,1,0,0,1,0,1,1,1,1,0,1,0,0,1,0,1
145.56,11.3,1.25,8.37,0.0,0.28,61.41,133.16,51.57,1.43,0.07,2,3.22,1,1,0,0,0,0,1,1,0,1,1,1,0,0,1,0,1,1,1,1,0,1,0,0,1,0,1
133.47,12.04,0.99,8.24,0.0,0.81,119.92,112.18,57.25,1.34,0.95,0,3.49,1,1,0,0,0,0,1,1,0,1,1,1,0,0,1,0,1,1,1,1,0,1,0,0,1,0,1
145.21,10.95,1.11,9.42,0.0,0.53,62.38,159.11,41.49,1.7,0.44,4,3.08,1,1,0,0,0,0,1,1,0,1,1,1,0,0,1,0,1,1,1,1,0,1,0,0,1,0,1
139.5,13.1,1.86,9.44,0.0,0.5,91.73,156.31,50.21,1.47,0.67,2,3.87,1,1,0,0,0,0,1,1,0,1,1,1,0,0,1,0,1,1,1,1,0,1,0,0,1,0,1
135.63,12.13,0.47,11.42,0.0,0.8,135.44,113.94,40.97,1.29,0.4,2,2.7,1,1,0,0,0,0,1,1,0,1,1,1,0,0,1,0,1,1,0,0,0,1,0,0,0,0,1
144.2,13.14,0.45,8.87,0.0,0.44,135.91,121.42,55.19,1.58,0.05,2,3.06,1,1,0,0,0,0,1,1,0,1,1,1,0,0,1,0,1,1,1,1,0,1,0,0,1,0,1
138.2,13.18,0.02,11.37,0.0,0.72,118.69,156.01,44.18,1.99,0.77,1,3.41,1,1,0,0,0,0,1,1,0,1,1,1,0,0,1,0,1,1,0,0,0,1,0,0,0,0,1
133.45,10.34,1.68,9.71,0.0,0.85,109.71,110.76,44.22,1.01,0.71,5,2.99,1,1,0,0,0,0,1,1,0,1,1,1,0,0,1,0,1,1,1,1,0,1,0,0,1,0,1
131.89,13.79,1.53,10.92,0.0,0.6,102.38,158.95,54.95,1.58,0.85,4,3.32,1,1,0,0,0,0,1,1,0,1,1,1,0,0,1,0,1,1,0,0,0,1,0,0,0,0,1
131.3,13.2,1.66,11.57,0.0,0.12,100.28,116.3,52.13,1.51,0.14,0,3.61,1,1,0,0,0,0,1,1,0,1,1,1,0,0,1,0,1,1,0,0,0,1,0,0,0,0,1
158.89,11.58,0.68,8.77,0.0,0.32,138.55,105.54,45.19,1.09,0.27,4,2.68,1,1,0,0,0,0,1,1,0,1,1,1,0,0,1,0,1,1,1,1,0,1,0,0,1,0,1
136.55,13.49,1.8,9.36,0.0,0.58,118.68,103.79,51.87,1.95,0.26,4,3.9,1,1,0,0,0,0,1,1,0,1,1,1,0,0,1,0,1,1,1,1,0,1,0,0,1,0,1
138.07,13.02,0.48,10.95,0.0,0.25,117.27,148.73,47.17,1.17,0.09,3,3.98,1,1,0,0,0,0,1,1,0,1,1,1,0,0,1,0,1,1,0,0,0,1,0,0,0,0,1
140.07,10.84,0.22,9.51,0.0,0.23,121.56,108.12,48.81,1.7,0.14,1,2.26,1,1,0,0,0,0,1,1,0,1,1,1,0,0,1,0,1,1,1,1,0,1,0,0,1,0,1
159.89,13.09,1.75,9.66,0.0,0.52,75.53,141.37,58.06,1.16,0.09,1,2.54,1,1,0,0,0,0,1,1,0,1,1,1,0,0,1,0,1,1,1,1,0,1,0,0,1,0,1
133.98,13.68,0.72,9.23,0.0,0.6,73.49,125.29,58.56,1.9,0.07,3,2.88,1,1,0,0,0,0,1,1,0,1,1,1,0,0,1,0,1,1,1,1,0,1,0,0,1,0,1
156.7,11.87,1.7,9.31,0.0,0.9,94.07,147.39,44.73,1.95,0.57,3,2.38,1,1,0,0,0,0,1,1,0,1,1,1,0,0,1,0,1,1,1,1,0,1,0,0,1,0,1
155.4,10.23,0.01,8.63,0.0,0.52,63.73,159.83,54.9,1.84,0.21,2,2.96,1,1,0,0,0,0,1,1,0,1,1,1,0,0,1,0,1,1,1,1,0,1,0,0,1,0,1
152.16,13.84,0.23,10.84,0.0,0.41,62.63,108.15,46.4,1.34,0.9,2,3.94,1,1,0,0,0,0,1,1,0,1,1,1,0,0,1,0,1,1,0,0,0,1,0,0,0,0,1
147.97,10.97,0.66,9.28,0.0,0.67,102.46,123.13,42.98,1.02,0.22,2,3.33,1,1,0,0,0,0,1,1,0,1,1,1,0,0,1,0,1,1,1,1,0,1,0,0,1,0,1
145.3,11.21,1.13,8.5,0.0,0.71,77.32,136.38,50.07,1.06,0.28,5,3.42,1,1,0,0,0,0,1,1,0,1,1,1,0,0,1,0,1,1,1,1,0,1,0,0,1,0,1
138.68,10.25,1.72,9.25,0.0,0.52,132.82,102.61,55.32,1.57,0.43,3,3.31,1,1,0,0,0,0,1,1,0,1,1,1,0,0,1,0,1,1,1,1,0,1,0,0,1,0,1
156.86,13.62,1.95,11.11,0.0,0.71,66.01,119.08,42.32,1.95,0.34,4,2.83,1,1,0,0,0,0,1,1,0,1,1,1,0,0,1,0,1,1,0,0,0,1,0,0,0,0,1
159.46,6.52,3.76,9.69,0.0,6.2,94.27,116.52,162.2,0.79,0.83,30,6.0,1,0,0,1,0,0,1,0,0,1,0,1,0,0,1,0,1,0,1,0,1,0,0,0,0,0,1
196.53,8.76,4.66,9.72,0.0,3.06,71.87,136.94,184.66,0.94,1.9,28,5.05,1,0,0,1,0,0,1,0,0,1,0,1,0,0,1,0,1,0,1,0,1,0,0,0,0,0,1
163.17,7.46,5.11,10.97,0.0,3.77,139.63,105.35,146.26,0.29,1.25,26,7.42,1,0,0,1,0,0,1,0,0,1,0,1,0,0,1,0,1,0,0,0,1,0,0,0,0,0,1
176.74,7.45,7.12,14.87,0.0,3.47,120.46,197.86,117.51,0.43,0.12,31,3.39,1,0,0,1,0,0,1,1,0,1,0,1,0,0,1,0,1,0,0,0,1,1,0,0,0,0,1
135.73,8.17,7.77,14.63,0.0,5.43,60.43,169.53,110.6,0.28,1.34,37,7.16,1,0,0,1,0,0,1,0,0,1,0,1,0,0,1,0,1,0,0,0,1,0,0,0,0,0,1
119.15,6.0,5.44,14.05,0.0,6.91,148.22,159.86,231.62,1.0,1.7,26,6.44,1,0,0,1,0,0,1,0,0,1,0,1,0,0,1,0,1,0,0,0,1,0,0,0,0,0,1
165.2,7.61,7.62,7.29,0.0,6.54,48.57,105.59,135.0,0.63,0.52,35,7.9,1,0,0,1,0,0,1,0,0,1,0,1,0,0,1,0,1,0,1,0,1,0,1,0,0,0,1
136.85,8.17,6.56,14.12,0.0,4.13,110.79,139.37,178.83,0.55,0.79,33,5.28,1,0,0,1,0,0,1,0,0,1,0,1,0,0,1,0,1,0,0,0,1,0,0,0,0,0,1
184.67,9.93,3.36,5.45,0.0,4.54,54.41,187.07,103.47,0.32,0.37,26,5.18,1,0,0,1,0,0,1,0,0,1,0,1,0,0,1,0,1,0,1,0,1,0,1,0,0,0,1
141.55,9.33,4.84,13.59,0.0,5.13,55.82,182.5,210.4,0.53,0.05,39,6.33,1,0,0,1,0,0,1,0,0,1,0,1,0,0,1,0,1,0,0,0,1,0,0,0,0,0,1
137.19,8.84,5.67,6.05,0.0,6.81,46.6,139.14,173.13,0.15,1.74,27,6.75,1,0,0,1,0,0,1,0,0,1,0,1,0,0,1,0,1,0,1,0,1,0,1,0,0,0,1
123.51,9.27,5.66,11.03,0.0,4.24,86.94,141.39,216.74,0.28,0.36,30,6.92,1,0,0,1,0,0,1,0,0,1,0,1,0,0,1,0,1,0,0,0,1,0,0,0,0,0,1
197.63,5.44,7.31,11.22,0.0,5.61,86.63,122.81,110.51,0.54,1.98,40,4.19,1,0,0,1,0,0,1,1,0,1,0,1,0,0,1,0,1,0,0,0,1,1,0,0,0,0,1
183.75,9.15,4.86,8.07,0.0,6.51,108.64,192.74,157.46,0.15,0.36,31,6.9,1,0,0,1,0,0,1,0,0,1,0,1,0,0,1,0,1,0,1,0,1,0,0,0,0,0,1
160.56,5.46,5.63,7.34,0.0,4.55,131.71,138.16,223.62,0.33,0.88,33,4.27,1,0,0,1,0,0,1,1,0,1,0,1,0,0,1,0,1,0,1,0,1,1,1,0,0,0,1
186.16,7.06,4.91,11.05,0.0,5.38,141.23,162.8,231.79,0.59,0.66,27,5.32,1,0,0,1,0,0,1,0,0,1,0,1,0,0,1,0,1,0,0,0,1,0,0,0,0,0,1
132.81,6.43,7.11,10.93,0.0,6.15,70.1,126.43,150.38,0.84,0.05,38,4.39,1,0,0,1,0,0,1,1,0,1,0,1,0,0,1,0,1,0,0,0,1,1,0,0,0,0,1
140.4,8.84,6.81,12.39,0.0,3.58,50.9,186.15,225.58,0.68,1.21,26,7.56,1,0,0,1,0,0,1,0,0,1,0,1,0,0,1,0,1,0,0,0,1,0,0,0,0,0,1
132.6,4.94,6.54,10.39,0.0,3.32,132.81,129.33,198.23,0.04,1.22,29,5.41,1,0,0,1,0,0,1,0,0,1,0,1,0,0,1,0,1,0,0,0,0,0,0,0,0,0,1
199.05,6.68,7.58,12.62,0.0,5.01,82.28,113.62,153.51,0.89,1.51,39,3.64,1,0,0,1,0,0,1,1,0,1,0,1,0,0,1,0,1,0,0,0,1,1,0,0,0,0,1
198.49,7.65,5.5,8.82,0.0,3.98,71.43,112.24,213.87,0.6,1.22,39,7.43,1,0,0,1,0,0,1,0,0,1,0,1,0,0,1,0,1,0,1,0,1,0,0,0,0,0,1
173.41,8.01,5.36,5.02,0.0,6.25,82.7,156.38,130.71,0.92,1.85,33,3.31,1,0,0,1,0,0,1,1,0,1,0,1,0,0,1,0,1,0,1,1,1,1,1,0,0,0,1
187.33,7.41,4.93,6.13,0.0,5.12,71.12,135.02,140.6,0.6,1.86,34,7.37,1,0,0,1,0,0,1,0,0,1,0,1,0,0,1,0,1,0,1,0,1,0,1,0,0,0,1
111.43,7.61,5.01,6.91,0.0,6.76,125.98,113.21,227.41,0.94,0.55,38,3.01,1,0,0,1,0,0,1,1,0,1,0,1,0,0,1,0,1,0,1,1,1,1,1,0,0,0,1
137.51,4.67,5.08,12.9,0.0,4.73,101.25,158.17,228.44,0.31,1.64,26,7.74,1,0,0,1,0,0,1,0,0,1,0,1,0,0,1,0,1,0,0,0,0,0,0,0,0,0,1
135.99,4.6,3.21,7.65,0.0,5.6,133.17,131.26,186.67,0.73,0.8,38,7.31,1,0,0,1,0,0,1,0,0,1,0,1,0,0,1,0,1,0,1,0,0,0,1,0,0,0,1
103.66,6.62,3.59,9.17,0.0,5.49,121.04,134.91,241.66,0.71,0.84,34,5.79,1,0,0,1,0,0,1,0,0,1,0,1,0,0,1,0,1,0,1,0,1,0,0,0,0,0,1
111.31,6.17,6.3,8.3,0.0,3.98,119.33,135.96,218.57,0.14,0.72,38,7.46,1,0,0,1,0,0,1,0,0,1,0,1,0,0,1,0,1,0,1,0,1,0,0,0,0,0,1
132.14,6.44,7.04,10.95,0.0,6.71,98.96,151.49,106.3,0.07,0.01,33,3.47,1,0,0,1,0,0,1,1,0,1,0,1,0,0,1,0,1,0,0,0,1,1,0,0,0,0,1
165.31,6.0,4.93,10.71,0.0,4.53,73.92,161.83,175.84,0.32,0.41,34,6.35,1,0,0,1,0,0,1,0,0,1,0,1,0,0,1,0,1,0,0,0,1,0,0,0,0,0,1
121.78,8.06,3.46,6.47,0.0,6.69,134.55,196.88,197.57,0.68,1.25,34,6.91,1,0,0,1,0,0,1,0,0,1,0,1,0,0,1,0,1,0,1,0,1,0,1,0,0,0,1
145.75,5.93,7.41,11.57,0.0,4.85,136.97,190.35,198.9,0.73,0.08,34,5.41,1,0,0,1,0,0,1,0,0,1,0,1,0,0,1,0,1,0,0,0,1,0,0,0,0,0,1
113.56,6.31,3.58,7.0,0.0,4.75,128.73,158.6,190.95,0.2,0.69,29,6.94,1,0,0,1,0,0,1,0,0,1,0,1,0,0,1,0,1,0,1,0,1,0,1,0,0,0,1
145.11,4.7,4.91,7.33,0.0,3.44,125.81,188.14,239.07,0.85,1.66,32,5.98,1,0,0,1,0,0,1,0,0,1,0,1,0,0,1,0,1,0,1,0,0,0,1,0,0,0,1
172.27,9.77,5.02,5.25,0.0,4.16,87.62,148.85,109.68,0.49,0.85,40,4.93,1,0,0,1,0,0,1,1,0,1,0,1,0,0,1,0,1,0,1,0,1,1,1,0,0,0,1
165.0,9.28,4.27,5.29,0.0,4.88,73.76,187.39,212.4,0.86,0.32,40,7.85,1,0,0,1,0,0,1,0,0,1,0,1,0,0,1,0,1,0,1,0,1,0,1,0,0,0,1
149.68,5.74,6.85,6.32,0.0,6.28,53.74,197.69,247.83,0.94,0.99,37,4.48,1,0,0,1,0,0,1,1,0,1,0,1,0,0,1,0,1,0,1,0,1,1,1,0,0,0,1
135.49,8.26,3.89,6.06,0.0,4.83,109.12,170.75,233.39,0.29,1.06,25,3.11,1,0,0,1,0,0,1,1,0,1,0,1,0,0,1,0,1,0,1,1,1,1,1,0,0,0,1
159.0,8.66,6.94,5.34,0.0,6.67,101.75,148.21,106.73,0.56,0.82,31,3.93,1,0,0,1,0,0,1,1,0,1,0,1,0,0,1,0,1,0,1,1,1,1,1,0,0,0,1
172.4,6.12,7.94,12.15,0.0,3.6,105.12,129.49,235.83,0.44,0.59,37,4.81,1,0,0,1,0,0,1,1,0,1,0,1,0,0,1,0,1,0,0,0,1,1,0,0,0,0,1
131.43,8.27,3.81,5.13,0.0,6.77,107.03,178.29,200.92,0.5,1.44,37,3.7,1,0,0,1,0,0,1,1,0,1,0,1,0,0,1,0,1,0,1,1,1,1,1,0,0,0,1
169.04,6.41,5.56,12.62,0.0,6.05,47.74,148.33,211.31,0.19,1.54,26,6.41,1,0,0,1,0,0,1,0,0,1,0,1,0,0,1,0,1,0,0,0,1,0,0,0,0,0,1
108.56,5.07,5.02,9.95,0.0,6.88,133.63,131.56,244.6,0.69,0.79,27,3.76,1,0,0,1,0,0,1,1,0,1,0,1,0,0,1,0,1,0,1,1,1,1,0,0,0,0,1
125.23,6.35,3.8,12.98,0.0,6.74,132.67,190.88,144.17,0.57,0.64,34,5.19,1,0,0,1,0,0,1,0,0,1,0,1,0,0,1,0,1,0,0,0,1,0,0,0,0,0,1
147.18,6.99,7.42,11.04,0.0,4.56,43.2,193.1,242.37,0.95,1.89,37,3.5,1,0,0,1,0,0,1,1,0,1,0,1,0,0,1,0,1,0,0,0,1,1,0,0,0,0,1
144.44,7.02,6.79,7.89,0.0,4.21,101.13,187.6,224.64,0.06,1.76,30,3.6,1,0,0,1,0,0,1,1,0,1,0,1,0,0,1,0,1,0,1,1,1,1,1,0,0,0,1
119.32,9.03,3.32,7.99,0.0,5.78,108.23,164.5,156.16,0.21,1.44,30,3.1,1,0,0,1,0,0,1,1,0,1,0,1,0,0,1,0,1,0,1,1,1,1,1,0,0,0,1
117.21,8.45,6.77,14.72,0.0,3.49,55.27,118.48,179.27,0.98,1.18,30,6.12,1,0,0,1,0,0,1,0,0,1,0,1,0,0,1,0,1,0,0,0,1,0,0,0,0,0,1
137.68,4.47,5.01,10.94,0.0,6.39,56.62,136.71,118.74,0.4,0.08,33,5.86,1,0,0,1,0,0,1,0,0,1,0,1,0,0,1,0,1,0,0,0,0,0,0,0,0,0,1
147.09,8.0,7.78,11.61,0.0,6.39,109.53,116.56,147.21,0.73,1.48,28,7.91,1,0,0,1,0,0,1,0,0,1,0,1,0,0,1,0,1,0,0,0,1,0,0,0,0,0,1
169.22,6.27,4.4,11.63,0.0,5.51,136.98,132.91,161.04,0.91,1.51,37,5.18,1,0,0,1,0,0,1,0,0,1,0,1,0,0,1,0,1,0,0,0,1,0,0,0,0,0,1
196.6,5.17,3.17,9.27,0.0,4.19,99.59,195.34,146.77,0.31,0.97,31,7.02,1,0,0,1,0,0,1,0,0,1,0,1,0,0,1,0,1,0,1,0,1,0,0,0,0,0,1
146.76,9.05,4.71,14.58,0.0,3.15,135.97,175.22,134.8,0.98,1.0,37,5.78,1,0,0,1,0,0,1,0,0,1,0,1,0,0,1,0,1,0,0,0,1,0,0,0,0,0,1
127.02,9.62,3.06,12.26,0.0,5.09,72.07,132.13,102.27,0.73,1.42,32,7.78,1,0,0,1,0,0,1,0,0,1,0,1,0,0,1,0,1,0,0,0,1,0,0,0,0,0,1
164.4,9.9,4.56,6.86,0.0,4.88,138.49,155.99,143.83,0.74,1.01,28,4.66,1,0,0,1,0,0,1,1,0,1,0,1,0,0,1,0,1,0,1,0,1,1,1,0,0,0,1
135.59,4.25,4.4,7.95,0.0,4.41,89.19,138.07,118.1,0.99,1.65,40,6.19,1,0,0,1,0,0,1,0,0,1,0,1,0,0,1,0,1,0,1,0,0,0,1,0,0,0,1
113.68,4.87,3.52,11.16,0.0,6.37,149.23,136.63,168.05,0.71,1.87,32,7.53,1,0,0,1,0,0,1,0,0,1,0,1,0,0,1,0,1,0,0,0,0,0,0,0,0,0,1
140.62,5.25,5.73,12.95,0.0,5.02,125.08,110.36,235.42,0.26,0.34,40,4.58,1,0,0,1,0,0,1,1,0,1,0,1,0,0,1,0,1,0,0,0,1,1,0,0,0,0,1
172.09,8.69,7.67,8.68,0.0,5.41,97.77,189.04,100.48,0.28,1.08,37,5.47,1,0,0,1,0,0,1,0,0,1,0,1,0,0,1,0,1,0,1,0,1,0,0,0,0,0,1
148.48,6.1,6.95,6.0,0.0,3.01,81.03,129.12,230.05,0.75,0.17,32,5.34,1,0,0,1,0,0,1,0,0,1,0,1,0,0,1,0,1,0,1,0,1,0,1,0,0,0,1
120.96,9.55,3.27,13.65,0.0,5.48,73.29,196.67,142.28,0.59,1.99,25,3.18,1,0,0,1,0,0,1,1,0,1,0,1,0,0,1,0,1,0,0,0,1,1,0,0,0,0,1
160.85,6.05,4.65,11.87,0.0,4.29,75.75,153.39,197.98,0.2,1.83,28,7.99,1,0,0,1,0,0,1,0,0,1,0,1,0,0,1,0,1,0,0,0,1,0,0,0,0,0,1
195.42,9.64,7.06,7.21,0.0,3.9,68.56,161.1,106.13,0.97,1.84,39,5.16,1,0,0,1,0,0,1,0,0,1,0,1,0,0,1,0,1,0,1,0,1,0,1,0,0,0,1
193.17,6.58,7.64,8.36,0.0,6.8,111.06,167.76,115.43,0.47,1.77,27,7.36,1,0,0,1,0,0,1,0,0,1,0,1,0,0,1,0,1,0,1,0,1,0,0,0,0,0,1
151.1,7.96,5.82,5.69,0.0,3.05,75.75,193.23,145.61,0.94,0.5,33,4.15,1,0,0,1,0,0,1,1,0,1,0,1,0,0,1,0,1,0,1,0,1,1,1,0,0,0,1
143.02,9.23,3.34,8.68,0.0,3.06,137.97,137.48,128.43,0.01,0.14,36,7.59,1,0,0,1,0,0,1,0,0,1,0,1,0,0,1,0,1,0,1,0,1,0,0,0,0,0,1
124.55,5.46,7.07,6.06,0.0,5.01,131.35,114.75,182.15,0.71,1.72,34,7.43,1,0,0,1,0,0,1,0,0,1,0,1,0,0,1,0,1,0,1,0,1,0,1,0,0,0,1
161.81,6.3,6.33,6.81,0.0,5.03,51.54,103.39,212.52,0.53,0.66,38,5.79,1,0,0,1,0,0,1,0,0,1,0,1,0,0,1,0,1,0,1,0,1,0,1,0,0,0,1
122.34,9.65,6.48,7.37,0.0,6.69,137.62,140.51,105.75,0.05,0.57,37,7.57,1,0,0,1,0,0,1,0,0,1,0,1,0,0,1,0,1,0,1,0,1,0,1,0,0,0,1
166.44,7.04,7.13,13.36,0.0,3.63,42.8,198.32,243.95,0.56,1.99,30,6.33,1,0,0,1,0,0,1,0,0,1,0,1,0,0,1,0,1,0,0,0,1,0,0,0,0,0,1
173.53,5.63,7.97,6.83,0.0,4.16,147.29,198.83,219.23,0.63,1.04,36,6.29,1,0,0,1,0,0,1,0,0,1,0,1,0,0,1,0,1,0,1,0,1,0,1,0,0,0,1
114.46,6.38,3.51,7.82,0.0,6.88,83.46,190.12,245.68,0.91,0.91,32,6.13,1,0,0,1,0,0,1,0,0,1,0,1,0,0,1,0,1,0,1,0,1,0,1,0,0,0,1
150.44,9.8,6.46,7.51,0.0,4.18,80.88,110.21,234.99,0.29,0.52,29,3.33,1,0,0,1,0,0,1,1,0,1,0,1,0,0,1,0,1,0,1,1,1,1,1,0,0,0,1
131.5,5.89,3.04,5.1,0.0,5.91,108.64,123.9,190.41,0.65,1.05,36,3.17,1,0,0,1,0,0,1,1,0,1,0,1,0,0,1,0,1,0,1,1,1,1,1,0,0,0,1
145.53,4.91,7.12,8.14,0.0,4.72,124.98,148.11,218.34,0.07,0.38,40,7.51,1,0,0,1,0,0,1,0,0,1,0,1,0,0,1,0,1,0,1,0,0,0,0,0,0,0,1
116.36,6.02,6.03,14.06,0.0,6.05,118.15,115.97,171.92,0.48,0.61,36,3.62,1,0,0,1,0,0,1,1,0,1,0,1,0,0,1,0,1,0,0,0,1,1,0,0,0,0,1
194.38,6.05,6.57,10.24,0.0,6.38,130.01,139.61,188.29,0.26,1.38,39,6.4,1,0,0,1,0,0,1,0,0,1,0,1,0,0,1,0,1,0,0,0,1,0,0,0,0,0,1
198.19,8.78,6.89,8.43,0.0,3.45,149.15,148.06,195.82,0.88,0.0,39,8.0,1,0,0,1,0,0,1,0,0,1,0,1,0,0,1,0,1,0,1,0,1,0,0,0,0,0,1
186.95,8.56,4.93,12.53,0.0,3.09,99.17,121.8,183.68,0.47,1.15,36,5.86,1,0,0,1,0,0,1,0,0,1,0,1,0,0,1,0,1,0,0,0,1,0,0,0,0,0,1
143.4,9.85,4.14,7.63,0.0,6.9,117.7,101.21,205.65,0.4,1.94,25,4.58,1,0,0,1,0,0,1,1,0,1,0,1,0,0,1,0,1,0,1,0,1,1,1,0,0,0,1
161.16,4.8,4.27,5.42,0.0,3.97,42.15,124.54,198.25,0.06,0.87,35,6.99,1,0,0,1,0,0,1,0,0,1,0,1,0,0,1,0,1,0,1,0,0,0,1,0,0,0,1
193.92,7.62,4.3,13.37,0.0,3.09,139.9,157.54,110.45,0.58,0.29,38,5.35,1,0,0,1,0,0,1,0,0,1,0,1,0,0,1,0,1,0,0,0,1,0,0,0,0,0,1
191.16,4.06,6.91,5.58,0.0,5.55,115.54,105.85,162.79,0.58,0.13,37,5.26,1,0,0,1,0,0,1,0,0,1,0,1,0,0,1,0,1,0,1,0,0,0,1,0,0,0,1
156.07,7.51,4.2,12.37,0.0,3.85,41.47,199.89,187.24,0.18,0.57,29,4.41,1,0,0,1,0,0,1,1,0,1,0,1,0,0,1,0,1,0,0,0,1,1,0,0,0,0,1
162.57,6.47,4.17,10.14,0.0,6.33,133.12,133.86,219.02,0.21,1.48,29,7.82,1,0,0,1,0,0,1,0,0,1,0,1,0,0,1,0,1,0,0,0,1,0,0,0,0,0,1
126.62,6.02,4.65,9.8,0.0,4.61,128.68,111.5,234.24,0.19,0.08,27,5.87,1,0,0,1,0,0,1,0,0,1,0,1,0,0,1,0,1,0,1,0,1,0,0,0,0,0,1
160.35,8.12,4.97,12.74,0.0,4.08,117.33,192.85,202.94,0.68,0.45,28,6.36,1,0,0,1,0,0,1,0,0,1,0,1,0,0,1,0,1,0,0,0,1,0,0,0,0,0,1
101.67,5.07,4.13,9.23,0.0,3.87,82.08,158.39,157.52,0.14,0.98,33,7.33,1,0,0,1,0,0,1,0,0,1,0,1,0,0,1,0,1,0,1,0,1,0,0,0,0,0,1
158.62,9.67,5.87,6.24,0.0,6.96,119.81,104.93,205.57,0.41,0.61,33,6.54,1,0,0,1,0,0,1,0,0,1,0,1,0,0,1,0,1,0,1,0,1,0,1,0,0,0,1
151.88,9.04,4.27,14.07,0.0,4.75,148.04,186.2,215.8,0.27,1.95,35,5.81,1,0,0,1,0,0,1,0,0,1,0,1,0,0,1,0,1,0,0,0,1,0,0,0,0,0,1
180.87,5.14,7.36,12.58,0.0,3.35,42.38,159.4,229.47,0.58,0.43,33,3.21,1,0,0,1,0,0,1,1,0,1,0,1,0,0,1,0,1,0,0,0,1,1,0,0,0,0,1
141.41,8.56,7.37,5.98,0.0,4.05,81.21,193.34,152.81,0.37,0.42,38,7.53,1,0,0,1,0,0,1,0,0,1,0,1,0,0,1,0,1,0,1,0,1,0,1,0,0,0,1
187.17,5.81,6.75,13.51,0.0,4.0,144.92,145.08,119.47,0.11,1.3,34,4.33,1,0,0,1,0,0,1,1,0,1,0,1,0,0,1,0,1,0,0,0,1,1,0,0,0,0,1
105.92,8.6,7.41,13.2,0.0,5.14,66.65,117.29,223.45,0.8,1.55,33,4.76,1,0,0,1,0,0,1,1,0,1,0,1,0,0,1,0,1,0,0,0,1,1,0,0,0,0,1
149.89,9.69,7.71,6.81,0.0,3.65,126.78,100.6,119.08,0.54,0.5,31,7.96,1,0,0,1,0,0,1,0,0,1,0,1,0,0,1,0,1,0,1,0,1,0,1,0,0,0,1
117.26,8.51,6.96,6.45,0.0,4.95,109.18,164.22,175.74,0.14,1.5,27,7.86,1,0,0,1,0,0,1,0,0,1,0,1,0,0,1,0,1,0,1,0,1,0,1,0,0,0,1
153.75,6.99,3.94,11.34,0.0,5.61,42.87,154.87,189.24,0.21,0.42,26,3.05,1,0,0,1,0,0,1,1,0,1,0,1,0,0,1,0,1,0,0,0,1,1,0,0,0,0,1
101.02,7.66,6.95,12.77,0.0,4.44,137.1,101.28,146.83,0.34,0.33,33,3.95,1,0,0,1,0,0,1,1,0,1,0,1,0,0,1,0,1,0,0,0,1,1,0,0,0,0,1
180.69,5.65,4.65,9.14,0.0,4.65,95.41,181.45,222.89,0.8,0.2,35,3.53,1,0,0,1,0,0,1,1,0,1,0,1,0,0,1,0,1,0,1,1,1,1,0,0,0,0,1
182.53,4.26,6.32,5.44,0.0,6.65,93.55,180.45,205.96,0.8,1.53,26,6.8,1,0,0,1,0,0,1,0,0,1,0,1,0,0,1,0,1,0,1,0,0,0,1,0,0,0,1
60.69,5.95,5.26,1.08,0.0,6.79,103.09,246.89,237.41,0.51,1.81,36,1.25,1,0,0,1,0,0,1,1,0,1,0,0,0,0,1,0,1,0,1,1,1,1,1,1,0,1,1
51.3,6.74,7.64,0.04,0.0,4.63,78.28,180.7,148.51,0.79,0.66,33,1.17,1,0,0,1,0,0,1,1,0,1,0,1,0,0,1,0,1,0,1,1,1,1,1,1,0,1,1
58.15,9.48,7.32,2.99,0.0,6.23,69.34,218.14,241.89,0.21,0.51,45,0.3,1,0,0,1,0,0,1,1,0,1,0,0,0,0,1,0,1,0,1,1,1,1,1,1,0,1,1
50.56,6.97,4.83,2.91,0.0,6.5,101.76,182.33,235.39,0.67,2.0,39,1.35,1,0,0,1,0,0,1,1,0,1,0,1,0,0,1,0,1,0,1,1,1,1,1,1,0,1,1
57.67,8.7,7.36,0.2,0.0,6.22,113.91,171.14,216.88,0.65,1.85,36,0.22,1,0,0,1,0,0,1,1,0,1,0,1,0,0,1,0,1,0,1,1,1,1,1,1,0,1,1
86.44,9.07,7.44,2.15,0.0,6.3,51.31,197.52,131.18,0.43,0.22,30,1.68,1,0,0,1,0,0,1,1,0,1,0,1,0,0,1,0,1,0,1,1,1,1,1,1,0,1,1
89.97,6.07,6.52,0.04,0.0,6.89,103.12,223.06,132.26,0.53,0.58,34,1.12,1,0,0,1,0,0,1,1,0,1,0,0,0,0,1,0,1,0,1,1,1,1,1,1,0,1,1
97.65,11.25,4.51,0.93,0.0,6.29,130.28,225.94,214.48,0.38,0.28,38,0.24,1,0,0,1,0,0,1,1,0,1,0,0,0,0,1,0,1,0,1,1,1,1,1,1,0,1,1
72.57,10.53,4.81,1.46,0.0,4.64,127.86,179.93,147.43,0.56,0.82,44,1.2,1,0,0,1,0,0,1,1,0,1,0,1,0,0,1,0,1,0,1,1,1,1,1,1,0,1,1
90.98,11.07,6.39,2.75,0.0,6.85,91.61,241.41,227.14,0.17,1.15,34,1.04,1,0,0,1,0,0,1,1,0,1,0,0,0,0,1,0,1,0,1,1,1,1,1,1,0,1,1
69.78,7.1,7.62,0.27,0.0,5.51,138.06,222.88,133.54,0.83,1.36,34,0.72,1,0,0,1,0,0,1,1,0,1,0,0,0,0,1,0,1,0,1,1,1,1,1,1,0,1,1
53.22,8.55,4.27,2.77,0.0,7.55,99.76,235.02,152.12,0.18,1.7,39,1.46,1,0,0,1,0,0,1,1,0,1,0,0,0,0,1,0,1,0,1,1,1,1,1,1,0,1,1
65.63,5.17,4.26,1.95,0.0,6.21,100.68,181.83,153.37,0.02,0.55,45,1.99,1,0,0,1,0,0,1,1,0,1,0,1,0,0,1,0,1,0,1,1,1,1,1,1,0,1,1
48.34,8.92,6.66,2.81,0.0,4.98,107.26,245.36,215.64,0.69,1.51,31,1.9,1,0,0,1,0,0,1,1,0,1,0,0,0,0,1,0,1,0,1,1,1,1,1,1,0,1,1
84.29,9.85,5.05,2.77,0.0,7.62,81.27,163.02,227.47,0.0,1.66,39,0.93,1,0,0,1,0,0,1,1,0,1,0,1,0,0,1,0,1,0,1,1,1,1,1,1,0,1,1
48.55,10.6,5.47,2.29,0.0,5.26,59.52,164.35,234.81,0.11,0.19,36,0.25,1,0,0,1,0,0,1,1,0,1,0,1,0,0,1,0,1,0,1,1,1,1,1,1,0,1,1
91.78,5.22,7.91,0.6,0.0,6.31,58.0,210.25,230.58,0.05,1.6,34,1.75,1,0,0,1,0,0,1,1,0,1,0,0,0,0,1,0,1,0,1,1,1,1,1,1,0,1,1
70.61,8.43,6.49,2.19,0.0,6.02,108.51,248.84,196.4,0.22,1.18,38,0.24,1,0,0,1,0,0,1,1,0,1,0,0,0,0,1,0,1,0,1,1,1,1,1,1,0,1,1
94.6,10.93,6.83,2.45,0.0,6.7,106.06,185.54,193.95,0.26,0.88,42,0.48,1,0,0,1,0,0,1,1,0,1,0,1,0,0,1,0,1,0,1,1,1,1,1,1,0,1,1
94.03,5.66,6.84,0.66,0.0,7.79,76.32,217.32,143.16,0.09,0.68,30,0.95,1,0,0,1,0,0,1,1,0,1,0,0,0,0,1,0,1,0,1,1,1,1,1,1,0,1,1
91.8,6.22,4.08,1.96,0.0,7.92,110.96,197.04,175.9,0.57,0.18,30,0.14,1,0,0,1,0,0,1,1,0,1,0,1,0,0,1,0,1,0,1,1,1,1,1,1,0,1,1
98.94,11.65,7.41,1.36,0.0,4.88,129.17,168.52,226.0,0.61,0.2,35,1.11,1,0,0,1,0,0,1,1,0,1,0,1,0,0,1,0,1,0,1,1,1,1,1,1,0,1,1
79.32,11.27,7.4,2.94,0.0,7.09,145.64,236.73,214.59,0.08,0.1,39,1.85,1,0,0,1,0,0,1,1,0,1,0,0,0,0,1,0,1,0,1,1,1,1,1,1,0,1,1
84.73,7.73,5.35,1.57,0.0,4.03,121.05,179.45,147.09,0.01,1.79,31,0.03,1,0,0,1,0,0,1,1,0,1,0,1,0,0,1,0,1,0,1,1,1,1,1,1,0,1,1
68.62,5.67,4.78,2.54,0.0,6.53,68.75,232.87,232.84,0.52,1.83,39,1.18,1,0,0,1,0,0,1,1,0,1,0,0,0,0,1,0,1,0,1,1,1,1,1,1,0,1,1
65.48,9.09,6.48,1.92,0.0,4.71,112.31,168.8,147.29,0.67,1.83,30,0.99,1,0,0,1,0,0,1,1,0,1,0,1,0,0,1,0,1,0,1,1,1,1,1,1,0,1,1
53.15,11.89,7.39,0.08,0.0,6.88,58.24,217.06,204.1,0.22,1.52,44,1.34,1,0,0,1,0,0,1,1,0,1,0,0,0,0,1,0,1,0,1,1,1,1,1,1,0,1,1
52.32,7.24,7.15,0.31,0.0,5.44,105.17,178.06,248.24,0.91,1.86,43,0.43,1,0,0,1,0,0,1,1,0,1,0,1,0,0,1,0,1,0,1,1,1,1,1,1,0,1,1
61.61,8.34,6.42,2.01,0.0,5.41,139.09,158.14,180.61,0.78,0.12,37,0.56,1,0,0,1,0,0,1,1,0,1,0,1,0,0,1,0,1,0,1,1,1,1,1,1,0,1,1
77.27,8.36,5.15,1.53,0.0,6.56,61.57,223.1,143.1,1.0,1.65,45,0.76,1,0,0,1,0,0,1,1,0,1,0,0,0,0,1,0,1,0,1,1,1,1,1,1,0,1,1
51.97,11.8,6.07,2.69,0.0,7.44,55.39,248.21,238.56,0.36,1.55,33,1.52,1,0,0,1,0,0,1,1,0,1,0,0,0,0,1,0,1,0,1,1,1,1,1,1,0,1,1
52.98,8.39,5.81,2.17,0.0,4.13,77.37,196.62,246.68,0.88,0.36,34,0.9,1,0,0,1,0,0,1,1,0,1,0,1,0,0,1,0,1,0,1,1,1,1,1,1,0,1,1
71.23,8.81,5.33,0.53,0.0,5.6,100.58,214.47,238.25,0.71,0.09,43,1.53,1,0,0,1,0,0,1,1,0,1,0,0,0,0,1,0,1,0,1,1,1,1,1,1,0,1,1
58.95,9.34,4.2,0.8,0.0,6.28,96.97,219.09,171.8,0.03,0.88,35,1.1,1,0,0,1,0,0,1,1,0,1,0,0,0,0,1,0,1,0,1,1,1,1,1,1,0,1,1
57.56,11.89,5.17,1.32,0.0,5.04,54.83,205.95,217.64,0.2,0.74,30,0.4,1,0,0,1,0,0,1,1,0,1,0,0,0,0,1,0,1,0,1,1,1,1,1,1,0,1,1
95.5,6.67,5.24,1.63,0.0,7.13,54.38,219.3,185.53,0.48,1.38,41,0.81,1,0,0,1,0,0,1,1,0,1,0,0,0,0,1,0,1,0,1,1,1,1,1,1,0,1,1
69.67,7.5,7.94,2.12,0.0,4.05,102.05,248.39,188.0,0.18,0.04,36,1.06,1,0,0,1,0,0,1,1,0,1,0,0,0,0,1,0,1,0,1,1,1,1,1,1,0,1,1
65.29,6.6,6.81,0.76,0.0,6.11,137.05,179.07,224.92,0.11,1.53,43,1.67,1,0,0,1,0,0,1,1,0,1,0,1,0,0,1,0,1,0,1,1,1,1,1,1,0,1,1
94.22,8.77,4.13,2.78,0.0,5.66,109.84,192.98,180.49,0.89,0.32,44,1.66,1,0,0,1,0,0,1,1,0,1,0,1,0,0,1,0,1,0,1,1,1,1,1,1,0,1,1
93.33,5.04,7.25,1.05,0.0,5.49,110.62,214.68,172.65,0.51,1.45,45,2.0,1,0,0,1,0,0,1,1,0,1,0,0,0,0,1,0,1,0,1,1,1,1,1,0,0,1,1
96.67,5.02,7.18,1.06,0.0,5.18,82.17,202.32,205.94,0.75,0.49,38,1.75,1,0,0,1,0,0,1,1,0,1,0,0,0,0,1,0,1,0,1,1,1,1,1,1,0,1,1
43.09,7.11,6.28,1.85,0.0,6.66,102.81,232.76,148.88,0.2,1.59,35,0.59,1,0,0,1,0,0,1,1,0,1,0,0,0,0,1,0,1,0,1,1,1,1,1,1,0,1,1
86.49,10.98,5.68,2.0,0.0,6.12,54.5,152.92,199.68,0.3,1.49,43,0.78,1,0,0,1,0,0,1,1,0,1,0,1,0,0,1,0,1,0,1,1,1,1,1,1,0,1,1
78.48,6.95,4.72,0.07,0.0,6.42,140.42,163.34,239.34,0.35,0.85,37,0.94,1,0,0,1,0,0,1,1,0,1,0,1,0,0,1,0,1,0,1,1,1,1,1,1,0,1,1
50.94,9.18,6.77,1.41,0.0,5.87,58.15,218.21,222.75,0.96,0.3,35,1.55,1,0,0,1,0,0,1,1,0,1,0,0,0,0,1,0,1,0,1,1,1,1,1,1,0,1,1
41.54,8.48,6.11,0.12,0.0,7.82,92.61,168.67,186.73,0.03,1.03,36,1.72,1,0,0,1,0,0,1,1,0,1,0,1,0,0,1,0,1,0,1,1,1,1,1,1,0,1,1
79.62,10.14,4.29,0.12,0.0,4.35,104.74,171.54,231.83,0.45,1.39,37,0.42,1,0,0,1,0,0,1,1,0,1,0,1,0,0,1,0,1,0,1,1,1,1,1,1,0,1,1
50.74,6.69,6.21,2.79,0.0,4.97,94.05,189.04,126.05,0.51,0.25,38,1.5,1,0,0,1,0,0,1,1,0,1,0,1,0,0,1,0,1,0,1,1,1,1,1,1,0,1,1
66.52,6.06,7.23,1.38,0.0,6.88,79.19,154.89,237.36,0.48,0.56,40,0.34,1,0,0,1,0,0,1,1,0,1,0,1,0,0,1,0,1,0,1,1,1,1,1,1,0,1,1
61.74,11.39,5.9,2.76,0.0,4.91,99.52,211.55,170.89,0.35,0.44,30,0.69,1,0,0,1,0,0,1,1,0,1,0,0,0,0,1,0,1,0,1,1,1,1,1,1,0,1,1
81.42,5.0,7.73,1.65,0.0,6.66,106.14,235.68,199.26,0.91,1.16,30,1.38,1,0,0,1,0,0,1,1,0,1,0,0,0,0,1,0,1,0,1,1,1,1,1,1,0,1,1
77.84,6.21,4.65,1.64,0.0,7.85,92.19,226.49,135.15,0.89,1.27,30,1.83,1,0,0,1,0,0,1,1,0,1,0,0,0,0,1,0,1,0,1,1,1,1,1,1,0,1,1
81.0,6.7,6.43,2.91,0.0,6.57,138.7,170.03,151.99,0.95,0.27,36,1.85,1,0,0,1,0,0,1,1,0,1,0,1,0,0,1,0,1,0,1,1,1,1,1,1,0,1,1
69.25,8.97,5.03,1.54,0.0,5.97,80.21,208.2,243.07,0.89,1.54,36,0.7,1,0,0,1,0,0,1,1,0,1,0,0,0,0,1,0,1,0,1,1,1,1,1,1,0,1,1
54.12,8.21,6.75,2.23,0.0,5.5,126.46,150.65,182.02,0.79,1.26,32,0.91,1,0,0,1,0,0,1,1,0,1,0,1,0,0,1,0,1,0,1,1,1,1,1,1,0,1,1
70.0,11.73,5.83,1.51,0.0,4.13,93.31,215.51,209.69,0.01,1.6,30,1.92,1,0,0,1,0,0,1,1,0,1,0,0,0,0,1,0,1,0,1,1,1,1,1,1,0,1,1
56.31,10.21,5.68,1.46,0.0,5.18,59.68,202.03,188.74,0.8,1.94,45,0.95,1,0,0,1,0,0,1,1,0,1,0,0,0,0,1,0,1,0,1,1,1,1,1,1,0,1,1
90.84,8.32,6.23,2.99,0.0,5.09,136.87,189.04,129.26,0.58,1.95,45,0.86,1,0,0,1,0,0,1,1,0,1,0,1,0,0,1,0,1,0,1,1,1,1,1,1,0,1,1
83.66,6.01,4.65,0.49,0.0,4.3,130.15,173.36,180.9,0.92,1.17,39,0.92,1,0,0,1,0,0,1,1,0,1,0,1,0,0,1,0,1,0,1,1,1,1,1,1,0,1,1
66.6,9.23,4.63,2.69,0.0,5.47,62.67,166.8,239.65,0.46,1.44,33,1.84,1,0,0,1,0,0,1,1,0,1,0,1,0,0,1,0,1,0,1,1,1,1,1,1,0,1,1
49.67,7.13,7.44,0.6,0.0,7.48,82.64,191.45,178.02,0.85,0.68,33,0.04,1,0,0,1,0,0,1,1,0,1,0,1,0,0,1,0,1,0,1,1,1,1,1,1,0,1,1
65.39,5.73,5.4,0.49,0.0,7.28,66.07,197.37,239.81,1.0,0.5,35,0.54,1,0,0,1,0,0,1,1,0,1,0,1,0,0,1,0,1,0,1,1,1,1,1,1,0,1,1
91.72,9.18,6.37,1.83,0.0,5.25,53.38,231.06,136.76,0.72,0.16,38,1.72,1,0,0,1,0,0,1,1,0,1,0,0,0,0,1,0,1,0,1,1,1,1,1,1,0,1,1
93.85,9.27,5.99,2.14,0.0,7.93,69.01,194.9,239.37,0.91,0.99,35,1.93,1,0,0,1,0,0,1,1,0,1,0,1,0,0,1,0,1,0,1,1,1,1,1,1,0,1,1
88.74,10.86,4.06,2.86,0.0,7.07,58.15,173.26,245.09,0.5,0.8,36,0.26,1,0,0,1,0,0,1,1,0,1,0,1,0,0,1,0,1,0,1,1,1,1,1,1,0,1,1
96.7,5.92,5.4,0.91,0.0,5.64,62.4,151.03,213.85,0.71,0.84,40,1.66,1,0,0,1,0,0,1,1,0,1,0,1,0,0,1,0,1,0,1,1,1,1,1,1,0,1,1
98.29,7.44,5.16,1.8,0.0,5.82,113.01,221.65,244.88,0.17,1.99,32,0.57,1,0,0,1,0,0,1,1,0,1,0,0,0,0,1,0,1,0,1,1,1,1,1,1,0,1,1
42.76,7.0,4.26,2.89,0.0,4.69,61.68,187.01,159.99,0.28,0.94,42,0.31,1,0,0,1,0,0,1,1,0,1,0,1,0,0,1,0,1,0,1,1,1,1,1,1,0,1,1
72.15,7.15,5.96,0.67,0.0,7.12,114.11,184.07,126.17,0.87,0.34,42,1.78,1,0,0,1,0,0,1,1,0,1,0,1,0,0,1,0,1,0,1,1,1,1,1,1,0,1,1
60.79,10.92,6.84,2.71,0.0,7.73,56.53,229.37,176.64,0.18,0.16,40,0.53,1,0,0,1,0,0,1,1,0,1,0,0,0,0,1,0,1,0,1,1,1,1,1,1,0,1,1
53.81,9.61,4.46,1.16,0.0,5.16,56.53,158.18,136.38,0.84,1.32,43,0.85,1,0,0,1,0,0,1,1,0,1,0,1,0,0,1,0,1,0,1,1,1,1,1,1,0,1,1
67.07,11.68,5.9,2.25,0.0,7.12,82.27,193.0,182.33,0.93,0.11,36,1.45,1,0,0,1,0,0,1,1,0,1,0,1,0,0,1,0,1,0,1,1,1,1,1,1,0,1,1
96.83,6.77,6.97,0.16,0.0,5.4,126.89,236.33,167.43,0.53,0.23,44,1.32,1,0,0,1,0,0,1,1,0,1,0,0,0,0,1,0,1,0,1,1,1,1,1,1,0,1,1
42.69,10.01,7.04,0.5,0.0,4.82,129.66,177.2,223.47,0.54,1.53,39,1.42,1,0,0,1,0,0,1,1,0,1,0,1,0,0,1,0,1,0,1,1,1,1,1,1,0,1,1
87.12,5.6,6.33,2.46,0.0,4.11,143.92,154.33,199.89,0.69,0.21,34,1.04,1,0,0,1,0,0,1,1,0,1,0,1,0,0,1,0,1,0,1,1,1,1,1,1,0,1,1
43.0,7.02,5.78,1.6,0.0,7.93,59.81,203.81,226.22,0.24,1.5,30,0.87,1,0,0,1,0,0,1,1,0,1,0,0,0,0,1,0,1,0,1,1,1,1,1,1,0,1,1
47.47,11.58,6.18,1.85,0.0,7.73,107.21,179.76,249.62,0.68,0.82,43,1.46,1,0,0,1,0,0,1,1,0,1,0,1,0,0,1,0,1,0,1,1,1,1,1,1,0,1,1
67.12,7.18,7.42,1.7,0.0,5.95,125.4,236.77,170.88,0.01,0.51,30,0.25,1,0,0,1,0,0,1,1,0,1,0,0,0,0,1,0,1,0,1,1,1,1,1,1,0,1,1
46.92,6.11,7.0,2.13,0.0,7.39,78.13,229.3,183.54,0.73,0.76,40,0.48,1,0,0,1,0,0,1,1,0,1,0,0,0,0,1,0,1,0,1,1,1,1,1,1,0,1,1
88.2,7.76,5.83,1.94,0.0,4.92,146.63,212.23,120.73,0.42,0.87,35,1.3,1,0,0,1,0,0,1,1,0,1,0,0,0,0,1,0,1,0,1,1,1,1,1,1,0,1,1
52.29,8.29,7.92,0.59,0.0,6.3,106.51,211.51,185.29,0.02,1.8,32,0.66,1,0,0,1,0,0,1,1,0,1,0,0,0,0,1,0,1,0,1,1,1,1,1,1,0,1,1
65.46,11.38,6.01,0.81,0.0,5.75,117.0,154.11,170.63,0.65,0.57,31,1.31,1,0,0,1,0,0,1,1,0,1,0,1,0,0,1,0,1,0,1,1,1,1,1,1,0,1,1
55.65,5.16,4.56,1.32,0.0,7.06,60.67,241.75,236.39,0.91,1.48,37,0.14,1,0,0,1,0,0,1,1,0,1,0,0,0,0,1,0,1,0,1,1,1,1,1,1,0,1,1
62.84,8.16,6.4,1.58,0.0,7.84,68.5,165.8,212.74,0.07,0.97,38,1.77,1,0,0,1,0,0,1,1,0,1,0,1,0,0,1,0,1,0,1,1,1,1,1,1,0,1,1
72.63,5.28,7.68,1.47,0.0,7.43,131.58,156.14,152.12,0.88,1.8,44,1.95,1,0,0,1,0,0,1,1,0,1,0,1,0,0,1,0,1,0,1,1,1,1,1,1,0,1,1
40.86,11.72,7.32,2.74,0.0,4.79,110.65,224.13,137.01,0.8,0.42,45,0.33,1,0,0,1,0,0,1,1,0,1,0,0,0,0,1,0,1,0,1,1,1,1,1,1,0,1,1
69.67,7.88,7.56,0.03,0.0,6.5,65.18,154.68,189.95,0.23,0.6,43,0.45,1,0,0,1,0,0,1,1,0,1,0,1,0,0,1,0,1,0,1,1,1,1,1,1,0,1,1
84.17,9.74,7.87,0.04,0.0,6.02,140.27,207.62,178.07,0.67,1.67,44,1.13,1,0,0,1,0,0,1,1,0,1,0,0,0,0,1,0,1,0,1,1,1,1,1,1,0,1,1
70.92,5.17,7.76,1.93,0.0,4.08,55.08,210.94,199.82,0.5,0.61,43,0.64,1,0,0,1,0,0,1,1,0,1,0,0,0,0,1,0,1,0,1,1,1,1,1,1,0,1,1
61.62,7.34,5.3,2.08,0.0,4.81,146.96,192.77,193.59,0.7,1.23,38,1.48,1,0,0,1,0,0,1,1,0,1,0,1,0,0,1,0,1,0,1,1,1,1,1,1,0,1,1
94.25,6.65,4.7,2.09,0.0,7.0,78.46,192.0,169.96,0.85,1.54,33,1.4,1,0,0,1,0,0,1,1,0,1,0,1,0,0,1,0,1,0,1,1,1,1,1,1,0,1,1
45.42,5.57,4.55,1.69,0.0,5.11,114.69,151.56,143.43,0.93,1.33,32,0.68,1,0,0,1,0,0,1,1,0,1,0,1,0,0,1,0,1,0,1,1,1,1,1,1,0,1,1
78.89,8.94,7.05,2.6,0.0,7.26,81.23,172.86,175.99,0.68,0.37,34,0.94,1,0,0,1,0,0,1,1,0,1,0,1,0,0,1,0,1,0,1,1,1,1,1,1,0,1,1
47.83,10.0,6.72,2.98,0.0,7.2,76.83,184.0,239.21,0.76,1.31,41,1.5,1,0,0,1,0,0,1,1,0,1,0,1,0,0,1,0,1,0,1,1,1,1,1,1,0,1,1
65.47,9.97,7.47,2.93,0.0,5.3,92.17,160.95,152.18,0.88,0.72,32,1.88,1,0,0,1,0,0,1,1,0,1,0,1,0,0,1,0,1,0,1,1,1,1,1,1,0,1,1
52.92,11.96,6.95,1.18,0.0,5.28,69.37,212.18,166.39,0.3,1.51,40,0.45,1,0,0,1,0,0,1,1,0,1,0,0,0,0,1,0,1,0,1,1,1,1,1,1,0,1,1
86.34,8.2,4.43,0.82,0.0,7.0,57.3,215.95,213.08,0.65,1.52,43,1.69,1,0,0,1,0,0,1,1,0,1,0,0,0,0,1,0,1,0,1,1,1,1,1,1,0,1,1
65.06,8.73,7.97,1.6,0.0,7.98,149.41,192.4,202.54,0.48,1.44,35,1.7,1,0,0,1,0,0,1,1,0,1,0,1,0,0,1,0,1,0,1,1,1,1,1,1,0,1,1
89.43,11.24,7.76,1.34,0.0,5.56,85.07,193.16,216.6,0.5,1.63,39,1.75,1,0,0,1,0,0,1,1,0,1,0,1,0,0,1,0,1,0,1,1,1,1,1,1,0,1,1
71.5,8.82,5.12,1.39,0.0,6.91,51.19,161.65,240.1,0.85,0.97,43,0.17,1,0,0,1,0,0,1,1,0,1,0,1,0,0,1,0,1,0,1,1,1,1,1,1,0,1,1
368.78,8.53,19.76,35.32,5.97,2.12,32.86,334.5,75.9,2.89,1.55,20,2.64,1,1,0,1,0,1,0,0,1,1,1,0,0,1,1,1,1,0,0,0,0,1,0,0,0,0,1
530.11,9.88,11.61,23.8,4.54,3.72,11.95,207.86,74.7,4.12,1.65,22,2.54,1,1,0,1,0,1,0,0,0,1,1,0,0,1,1,1,1,0,0,0,0,1,0,0,0,0,1
403.73,5.59,18.57,47.2,6.35,3.44,58.4,698.2,42.24,4.12,1.74,13,3.68,1,1,0,1,0,1,0,0,0,1,1,0,0,1,1,1,1,0,0,0,0,1,0,0,0,0,1
396.73,5.25,6.24,23.09,5.32,4.07,68.96,461.86,51.78,4.48,1.38,24,5.41,1,1,0,1,0,1,0,0,1,1,1,0,0,1,1,1,1,0,0,0,0,0,0,0,0,0,1
496.06,10.98,5.42,16.05,7.07,1.23,59.61,251.04,38.31,2.09,0.11,19,6.72,1,1,0,1,0,1,0,0,0,1,1,0,0,1,1,0,1,0,0,0,0,0,0,0,0,0,1
642.75,19.05,10.34,29.17,6.48,1.54,32.09,215.2,56.39,3.21,0.63,28,3.53,1,1,0,1,0,1,0,0,0,1,1,0,0,1,1,1,1,0,0,0,0,1,0,0,0,0,1
508.77,13.99,12.62,54.26,7.64,4.82,88.25,290.34,48.0,1.92,2.96,26,3.18,1,1,0,1,0,1,0,0,0,1,1,0,0,1,1,0,1,0,0,0,0,1,0,0,0,0,1
208.2,11.85,19.76,34.13,6.45,3.73,85.14,268.65,80.31,4.53,0.51,12,1.04,1,1,0,1,0,1,0,0,1,1,1,0,0,1,1,1,1,0,0,0,0,1,0,0,0,0,1
518.69,16.06,12.45,13.98,5.48,4.06,27.82,516.89,48.31,3.3,1.15,12,6.76,1,1,0,1,0,1,1,0,0,1,1,0,0,1,1,1,1,0,0,0,0,0,0,0,0,0,1
277.4,11.41,18.52,31.54,3.18,1.64,47.83,569.47,99.78,4.15,2.63,25,3.87,1,1,0,1,0,1,0,0,1,1,1,0,0,0,1,1,1,0,0,0,0,1,0,0,0,0,1
547.47,5.67,11.16,25.69,2.85,2.52,67.61,348.92,66.4,3.37,1.76,27,3.57,1,1,0,1,0,1,0,0,0,1,1,0,0,0,1,1,1,0,0,0,0,1,0,0,0,0,1
248.01,8.73,8.33,35.6,7.44,4.65,6.42,193.94,39.61,2.02,0.28,13,1.45,1,1,0,1,0,1,0,0,1,1,1,1,0,1,1,0,1,0,0,0,0,1,0,0,0,0,1
597.47,19.7,7.19,24.72,2.1,4.15,31.83,473.86,23.14,3.86,1.59,20,4.24,1,1,0,1,0,0,0,0,0,1,1,0,0,0,1,1,1,0,0,0,0,1,0,0,0,0,1
260.5,16.08,5.41,35.85,3.02,1.0,87.05,519.34,27.92,3.66,1.83,15,3.93,1,1,0,1,0,1,0,0,1,1,1,0,0,0,1,1,1,0,0,0,0,1,0,0,0,0,1
593.53,8.68,10.97,26.15,6.63,4.67,85.13,588.74,98.94,3.79,2.25,14,7.66,1,1,0,1,0,1,0,0,0,1,1,0,0,1,1,1,1,0,0,0,0,0,0,0,0,0,1
316.61,12.91,6.13,48.65,4.48,3.8,68.54,521.94,60.56,2.11,1.88,29,6.84,1,1,0,1,0,1,0,0,1,1,1,0,0,1,1,0,1,0,0,0,0,0,0,0,0,0,1
204.38,5.35,12.48,45.36,3.88,3.8,93.26,402.44,39.53,4.67,1.42,13,3.47,1,1,0,1,0,1,0,0,1,1,1,0,0,1,1,1,1,0,0,0,0,1,0,0,0,0,1
361.51,15.1,11.51,25.94,6.46,1.81,20.99,533.04,89.34,1.96,0.57,12,4.16,1,1,0,1,0,1,0,0,1,1,1,0,0,1,1,0,1,0,0,0,0,1,0,0,0,0,1
154.53,16.89,9.28,12.43,6.83,3.07,68.84,653.08,63.29,3.01,0.87,25,6.58,1,1,0,1,0,1,1,0,1,1,1,0,0,1,1,1,1,0,0,0,0,0,0,0,0,0,1
374.51,7.45,6.42,32.34,4.79,3.61,47.64,228.91,60.62,4.63,0.48,14,6.53,1,1,0,1,0,1,0,0,1,1,1,0,0,1,1,1,1,0,0,0,0,0,0,0,0,0,1
297.71,11.79,13.03,54.66,2.6,3.22,53.53,187.9,70.72,2.15,0.31,23,1.65,1,1,0,1,0,1,0,0,0,1,1,1,0,0,1,0,1,0,0,0,0,1,0,0,0,0,1
517.81,5.64,7.86,40.56,2.59,4.89,86.97,494.47,85.52,4.55,0.78,17,4.3,1,1,0,1,0,1,0,0,0,1,1,0,0,0,1,1,1,0,0,0,0,1,0,0,0,0,1
184.18,13.71,10.1,16.45,3.1,2.38,80.83,245.57,28.77,3.06,1.68,20,4.15,1,1,0,1,0,1,0,0,1,1,1,0,0,0,1,1,1,0,0,0,0,1,0,0,0,0,1
234.48,9.9,9.55,16.65,5.28,4.05,57.97,604.46,30.21,2.74,1.83,21,5.44,1,1,0,1,0,1,0,0,1,1,1,0,0,1,1,1,1,0,0,0,0,0,0,0,0,0,1
260.83,11.23,10.17,12.49,3.88,2.94,60.39,664.01,39.13,1.61,2.61,23,6.45,1,1,0,1,0,1,1,0,1,1,1,0,0,1,1,0,1,0,0,0,0,0,0,0,0,0,1
456.25,6.18,15.9,42.47,6.65,1.5,65.72,312.65,80.82,1.96,2.05,24,1.06,1,1,0,1,0,1,0,0,0,1,1,0,0,1,1,0,1,0,0,0,0,1,0,0,0,0,1
466.68,6.7,14.89,51.8,7.82,1.94,81.12,344.45,92.04,4.15,0.22,11,3.12,1,1,0,1,0,1,0,0,0,1,1,0,0,1,1,1,1,0,0,0,0,1,0,0,0,0,1
260.46,15.05,18.72,26.97,3.63,1.9,26.19,224.21,67.74,2.12,1.84,19,3.11,1,1,0,1,0,1,0,0,1,1,1,0,0,1,1,0,1,0,0,0,0,1,0,0,0,0,1
310.12,11.52,7.54,33.34,5.98,2.99,66.91,186.54,90.08,4.76,1.85,12,1.92,1,1,0,1,0,1,0,0,1,1,1,1,0,1,1,1,1,0,0,0,0,1,0,0,0,0,1
548.72,6.79,11.12,25.92,5.51,2.21,64.09,352.06,88.86,3.54,0.65,30,3.37,1,1,0,1,0,1,0,0,0,1,1,0,0,1,1,1,1,0,0,0,0,1,0,0,0,0,1
248.5,19.42,8.67,22.64,7.66,4.6,25.64,625.6,39.99,1.34,2.46,28,7.73,1,1,0,1,0,1,0,0,1,1,1,0,0,1,1,0,1,0,0,0,0,0,0,0,0,0,1
444.86,16.81,5.68,16.58,6.89,3.49,19.91,372.64,63.09,4.37,0.18,15,3.03,1,1,0,1,0,1,0,0,0,1,1,0,0,1,1,1,1,0,0,0,0,1,0,0,0,0,1
349.22,17.61,11.57,22.25,5.29,4.36,43.88,223.09,50.65,4.82,0.22,12,1.41,1,1,0,1,0,1,0,0,1,1,1,0,0,1,1,1,1,0,0,0,0,1,0,0,0,0,1
350.61,17.3,6.9,40.89,2.02,1.44,35.73,195.98,87.67,4.46,2.27,18,2.49,1,1,0,1,0,0,0,0,0,1,1,0,0,0,1,1,1,0,0,0,0,1,0,0,0,0,1
460.68,11.29,12.56,52.92,4.52,4.53,66.41,216.89,79.56,3.08,0.68,28,3.02,1,1,0,1,0,1,0,0,0,1,1,0,0,1,1,1,1,0,0,0,0,1,0,0,0,0,1
545.39,7.39,8.78,45.75,4.6,1.81,65.46,553.02,30.01,2.11,0.66,18,6.0,1,1,0,1,0,1,0,0,0,1,1,0,0,1,1,0,1,0,0,0,0,0,0,0,0,0,1
481.26,5.09,7.13,21.6,3.63,1.59,41.62,191.35,80.0,4.15,1.72,16,6.51,1,1,0,1,0,1,0,0,0,1,1,1,0,1,1,1,1,0,0,0,0,0,0,0,0,0,1
523.8,5.07,9.45,38.82,2.72,1.28,83.01,398.98,88.45,4.29,2.68,27,2.3,1,1,0,1,0,1,0,0,0,1,1,0,0,0,1,1,1,0,0,0,0,1,0,0,0,0,1
298.07,7.04,12.28,46.36,7.71,4.56,46.28,500.07,38.46,2.61,2.61,22,1.48,1,1,0,1,0,1,0,0,1,1,1,0,0,1,1,1,1,0,0,0,0,1,0,0,0,0,1
222.57,13.19,5.93,49.88,2.85,3.7,39.73,369.88,81.19,3.0,2.18,30,7.5,1,1,0,1,0,1,0,0,0,1,1,0,0,0,1,1,1,0,0,0,0,0,0,0,0,0,1
571.24,5.14,15.04,25.1,4.73,1.38,28.93,497.98,37.47,3.59,2.77,21,4.59,1,1,0,1,0,1,0,0,0,1,1,0,0,1,1,1,1,0,0,0,0,1,0,0,0,0,1
515.53,5.29,11.97,50.76,3.35,1.13,43.91,537.44,56.36,2.84,2.01,26,6.26,1,1,0,1,0,1,0,0,0,1,1,0,0,0,1,1,1,0,0,0,0,0,0,0,0,0,1
226.56,10.94,14.84,47.62,6.75,3.89,36.55,217.27,37.35,4.46,2.57,22,5.77,1,1,0,1,0,1,0,0,1,1,1,0,0,1,1,1,1,0,0,0,0,0,0,0,0,0,1
255.6,16.94,12.19,35.06,5.27,2.15,25.76,152.62,51.73,2.94,2.23,29,3.25,1,1,0,1,0,1,0,0,1,1,1,0,0,1,1,1,1,0,0,0,0,1,0,0,0,0,1
464.11,18.42,17.59,22.86,2.8,1.77,97.13,452.21,34.6,4.36,1.19,20,2.44,1,1,0,1,0,1,0,0,0,1,1,0,0,0,1,1,1,0,0,0,0,1,0,0,0,0,1
502.65,6.0,12.21,17.13,5.92,3.41,5.83,325.79,51.6,1.99,0.12,25,3.52,1,1,0,1,0,1,0,0,0,1,1,0,0,1,1,0,1,0,0,0,0,1,0,0,0,0,1
311.68,19.13,5.62,44.99,4.9,4.78,39.95,539.42,25.59,4.72,1.03,20,5.36,1,1,0,1,0,1,0,0,1,1,1,0,0,1,1,1,1,0,0,0,0,0,0,0,0,0,1
598.98,7.52,14.4,45.21,3.63,3.96,78.07,607.15,45.03,3.73,0.91,27,4.24,1,1,0,1,0,1,0,0,0,1,1,0,0,1,1,1,1,0,0,0,0,1,0,0,0,0,1
448.77,11.24,7.43,19.66,2.47,3.47,85.02,161.46,25.3,2.83,2.21,16,6.33,1,1,0,1,0,0,0,0,0,1,1,1,0,0,1,1,1,0,0,0,0,0,0,0,0,0,1
609.05,8.27,18.89,21.99,5.18,2.37,12.34,179.06,49.23,1.19,0.31,28,1.01,1,1,0,1,0,1,0,0,0,1,1,1,0,1,1,0,1,0,0,0,0,1,0,0,0,0,1
226.63,13.66,17.29,20.32,2.49,3.92,1.81,553.79,30.49,1.91,0.36,30,6.59,1,1,0,1,0,0,0,0,0,1,1,0,0,0,1,0,1,0,0,0,0,0,0,0,0,0,1
216.27,19.91,9.91,51.64,3.14,1.75,56.97,177.83,84.08,2.76,2.1,10,5.12,1,1,0,1,0,1,0,0,1,1,1,0,0,0,1,1,1,0,0,0,0,0,0,0,0,0,1
243.31,12.48,10.55,46.57,3.92,2.83,72.41,388.34,83.46,3.65,1.23,14,7.77,1,1,0,1,0,1,0,0,1,1,1,0,0,1,1,1,1,0,0,0,0,0,0,0,0,0,1
480.81,18.57,7.68,32.78,7.45,2.29,96.8,203.39,92.21,2.78,0.22,14,2.76,1,1,0,1,0,1,0,0,0,1,1,0,0,1,1,1,1,0,0,0,0,1,0,0,0,0,1
161.13,7.04,14.89,54.05,2.67,2.85,18.88,559.77,29.44,1.96,0.59,24,7.11,1,1,0,1,0,1,0,0,0,1,1,0,0,0,1,0,1,0,0,0,0,0,0,0,0,0,1
405.55,5.87,13.45,46.29,2.79,1.29,19.59,560.35,67.33,3.16,0.75,26,7.81,1,1,0,1,0,1,0,0,0,1,1,0,0,0,1,1,1,0,0,0,0,0,0,0,0,0,1
623.25,8.47,7.56,36.11,5.52,3.65,74.41,480.53,28.94,4.16,0.24,28,7.44,1,1,0,1,0,1,0,0,0,1,1,0,0,1,1,1,1,0,0,0,0,0,0,0,0,0,1
392.91,14.6,5.04,22.89,3.67,1.37,28.69,326.62,97.5,3.67,1.28,28,6.98,1,1,0,1,0,1,0,0,1,1,1,0,0,1,1,1,1,0,0,0,0,0,0,0,0,0,1
589.03,14.92,9.57,32.69,6.26,1.84,74.15,451.45,27.68,3.23,0.2,17,3.05,1,1,0,1,0,1,0,0,0,1,1,0,0,1,1,1,1,0,0,0,0,1,0,0,0,0,1
460.44,11.15,7.18,41.65,2.78,1.76,81.95,513.06,70.48,2.67,1.19,11,1.9,1,1,0,1,0,1,0,0,0,1,1,0,0,0,1,1,1,0,0,0,0,1,0,0,0,0,1
199.76,17.25,16.95,31.29,2.66,3.06,40.09,435.2,55.19,3.27,2.18,20,5.54,1,1,0,1,0,1,0,0,0,1,1,0,0,0,1,1,1,0,0,0,0,0,0,0,0,0,1
249.47,10.96,6.07,31.42,7.82,3.57,16.31,297.72,25.17,1.73,1.46,22,1.01,1,1,0,1,0,1,0,0,1,1,1,0,0,1,1,0,1,0,0,0,0,1,0,0,0,0,1
563.4,19.95,15.91,12.66,3.36,4.89,81.05,461.74,38.95,1.06,0.06,23,1.15,1,1,0,1,0,1,1,1,0,1,1,0,0,0,1,0,1,0,0,0,0,1,0,0,0,0,1
646.82,7.75,15.66,18.67,5.24,1.32,76.91,471.71,26.89,4.39,1.64,29,7.44,1,1,0,1,0,1,0,0,0,1,1,0,0,1,1,1,1,0,0,0,0,0,0,0,0,0,1
188.89,6.81,19.82,32.97,3.43,4.08,27.16,549.97,86.98,4.14,0.82,10,4.75,1,1,0,1,0,1,0,0,1,1,1,0,0,0,1,1,1,0,0,0,0,1,0,0,0,0,1
523.85,18.44,17.94,18.65,4.93,2.91,89.97,151.07,79.1,3.47,2.76,22,5.52,1,1,0,1,0,1,0,0,0,1,1,0,0,1,1,1,1,0,0,0,0,0,0,0,0,0,1
223.47,10.13,18.64,51.19,5.45,3.81,85.55,677.2,59.19,3.25,1.25,10,1.34,1,1,0,1,0,1,0,0,1,1,1,0,0,1,1,1,1,0,0,0,0,1,0,0,0,0,1
381.3,7.8,17.61,48.12,3.42,2.27,70.55,556.05,72.61,4.99,2.61,19,3.92,1,1,0,1,0,1,0,0,1,1,1,0,0,0,1,1,1,0,0,0,0,1,0,0,0,0,1
487.12,7.0,9.89,14.78,5.91,4.88,82.88,686.04,87.65,4.42,1.73,27,6.73,1,1,0,1,0,1,1,0,0,1,1,0,0,1,1,1,1,0,0,0,0,0,0,0,0,0,1
241.03,5.84,19.22,12.16,7.86,3.92,33.52,533.8,85.43,1.98,2.31,19,4.79,1,1,0,1,0,1,1,1,1,1,1,0,0,1,1,0,1,0,0,0,0,1,0,0,0,0,1
610.85,5.42,9.01,17.7,5.2,3.72,6.72,188.66,89.57,2.82,1.39,29,4.67,1,1,0,1,0,1,0,0,0,1,1,1,0,1,1,1,1,0,0,0,0,1,0,0,0,0,1
336.76,18.01,9.65,15.42,4.67,4.14,4.05,472.24,67.56,4.71,0.86,12,7.33,1,1,0,1,0,1,0,0,1,1,1,0,0,1,1,1,1,0,0,0,0,0,0,0,0,0,1
232.43,15.69,15.98,30.88,2.48,3.49,6.14,360.32,51.49,5.0,0.9,14,4.34,1,1,0,1,0,0,0,0,0,1,1,0,0,0,1,1,1,0,0,0,0,1,0,0,0,0,1
541.97,18.95,15.98,45.37,2.4,1.82,97.46,531.25,64.92,2.47,0.13,10,3.26,1,1,0,1,0,0,0,0,0,1,1,0,0,0,1,0,1,0,0,0,0,1,0,0,0,0,1
606.95,16.37,11.01,26.25,7.85,3.85,38.5,503.09,65.72,3.1,1.93,13,4.33,1,1,0,1,0,1,0,0,0,1,1,0,0,1,1,1,1,0,0,0,0,1,0,0,0,0,1
444.05,11.39,9.9,39.56,2.01,4.87,23.98,654.4,28.72,1.95,0.7,24,4.8,1,1,0,1,0,0,0,0,0,1,1,0,0,0,1,0,1,0,0,0,0,1,0,0,0,0,1
547.44,7.92,19.73,30.81,7.7,2.53,60.58,397.67,74.07,1.73,1.2,21,2.15,1,1,0,1,0,1,0,0,0,1,1,0,0,1,1,0,1,0,0,0,0,1,0,0,0,0,1
254.59,14.85,12.66,21.94,4.42,2.49,98.75,619.46,51.04,4.66,1.03,15,4.97,1,1,0,1,0,1,0,0,1,1,1,0,0,1,1,1,1,0,0,0,0,1,0,0,0,0,1
312.94,11.16,9.77,37.02,7.63,2.14,46.43,510.31,87.58,2.01,0.84,26,5.5,1,1,0,1,0,1,0,0,1,1,1,0,0,1,1,0,1,0,0,0,0,0,0,0,0,0,1
409.02,6.44,19.91,44.36,4.63,3.47,9.67,422.42,94.47,4.59,1.01,14,3.9,1,1,0,1,0,1,0,0,0,1,1,0,0,1,1,1,1,0,0,0,0,1,0,0,0,0,1
223.84,9.55,8.7,46.45,5.27,2.18,49.42,270.38,34.81,4.44,2.83,29,6.35,1,1,0,1,0,1,0,0,1,1,1,0,0,1,1,1,1,0,0,0,0,0,0,0,0,0,1
376.66,10.83,15.34,23.45,2.12,1.86,19.31,168.73,45.71,2.9,2.21,14,2.44,1,1,0,1,0,0,0,0,0,1,1,1,0,0,1,1,1,0,0,0,0,1,0,0,0,0,1
380.55,11.92,17.16,47.46,6.56,2.46,8.13,342.22,74.38,3.81,2.9,14,3.88,1,1,0,1,0,1,0,0,1,1,1,0,0,1,1,1,1,0,0,0,0,1,0,0,0,0,1
174.3,14.4,19.0,53.18,5.58,1.08,11.5,608.69,86.38,4.78,1.69,24,4.17,1,1,0,1,0,1,0,0,1,1,1,0,0,1,1,1,1,0,0,0,0,1,0,0,0,0,1
160.96,11.68,19.83,40.81,6.56,1.48,47.84,307.42,91.53,1.73,1.38,12,4.6,1,1,0,1,0,1,0,0,1,1,1,0,0,1,1,0,1,0,0,0,0,1,0,0,0,0,1
565.12,8.47,10.66,46.06,5.17,2.61,3.91,564.36,97.77,3.48,2.57,24,7.37,1,1,0,1,0,1,0,0,0,1,1,0,0,1,1,1,1,0,0,0,0,0,0,0,0,0,1
549.99,11.27,19.33,23.55,4.25,4.0,24.06,433.46,78.3,3.58,0.47,21,1.3,1,1,0,1,0,1,0,0,0,1,1,0,0,1,1,1,1,0,0,0,0,1,0,0,0,0,1
638.95,19.9,13.97,26.26,3.34,2.11,5.96,411.31,24.59,3.87,1.12,21,3.37,1,1,0,1,0,1,0,0,0,1,1,0,0,0,1,1,1,0,0,0,0,1,0,0,0,0,1
462.73,17.56,5.92,53.8,2.58,3.05,56.46,226.02,93.25,2.89,0.43,27,7.49,1,1,0,1,0,1,0,0,0,1,1,0,0,0,1,1,1,0,0,0,0,0,0,0,0,0,1
631.9,7.18,19.62,15.69,3.31,2.78,99.37,418.71,64.03,3.78,2.9,29,2.57,1,1,0,1,0,1,0,0,0,1,1,0,0,0,1,1,1,0,0,0,0,1,0,0,0,0,1
301.5,6.46,14.67,19.77,3.54,4.55,33.35,461.66,51.81,1.3,1.09,12,7.27,1,1,0,1,0,1,0,0,1,1,1,0,0,1,1,0,1,0,0,0,0,0,0,0,0,0,1
312.23,10.69,16.74,44.64,6.79,4.82,79.76,374.18,85.72,3.03,0.83,16,5.6,1,1,0,1,0,1,0,0,1,1,1,0,0,1,1,1,1,0,0,0,0,0,0,0,0,0,1
561.54,10.62,18.75,25.94,5.19,4.85,93.88,532.66,45.96,1.88,0.24,17,1.99,1,1,0,1,0,1,0,0,0,1,1,0,0,1,1,0,1,0,0,0,0,1,0,0,0,0,1
304.49,5.65,9.64,14.58,3.42,2.06,99.44,279.55,39.13,3.75,2.58,27,1.63,1,1,0,1,0,1,1,1,1,1,1,0,0,0,1,1,1,0,0,0,0,1,0,0,0,0,1
266.15,8.33,16.13,14.66,2.31,3.77,56.12,379.77,66.03,3.94,0.31,25,6.77,1,1,0,1,0,0,1,0,0,1,1,0,0,0,1,1,1,0,0,0,0,0,0,0,0,0,1
331.21,16.45,17.68,47.3,5.9,3.87,78.98,553.54,56.13,1.64,0.93,18,6.04,1,1,0,1,0,1,0,0,1,1,1,0,0,1,1,0,1,0,0,0,0,0,0,0,0,0,1
246.19,17.33,9.89,31.09,6.63,3.5,31.49,362.41,44.46,3.38,1.0,18,6.66,1,1,0,1,0,1,0,0,1,1,1,0,0,1,1,1,1,0,0,0,0,0,0,0,0,0,1
224.34,10.75,6.03,34.56,5.58,3.94,34.61,474.79,78.73,4.05,0.9,26,5.8,1,1,0,1,0,1,0,0,1,1,1,0,0,1,1,1,1,0,0,0,0,0,0,0,0,0,1
552.76,10.68,16.2,50.0,6.6,1.14,82.91,575.96,73.54,4.04,2.94,21,3.2,1,1,0,1,0,1,0,0,0,1,1,0,0,1,1,1,1,0,0,0,0,1,0,0,0,0,1
582.21,13.72,15.94,22.18,3.58,1.9,69.11,341.97,52.41,3.84,2.92,12,6.8,1,1,0,1,0,1,0,0,0,1,1,0,0,1,1,1,1,0,0,0,0,0,0,0,0,0,1
311.0,9.48,9.58,46.89,6.99,2.32,59.67,226.41,57.5,5.0,0.48,24,7.81,1,1,0,1,0,1,0,0,1,1,1,0,0,1,1,1,1,0,0,0,0,0,0,0,0,0,1
239.79,8.2,5.25,43.16,5.86,1.71,79.32,314.56,30.8,2.69,0.27,20,4.19,1,1,0,1,0,1,0,0,1,1,1,0,0,1,1,1,1,0,0,0,0,1,0,0,0,0,1
499.36,6.02,10.78,24.72,2.1,1.78,40.19,258.59,68.19,2.79,0.12,29,3.69,1,1,0,1,0,0,0,0,0,1,1,0,0,0,1,1,1,0,0,0,0,1,0,0,0,0,1
584.54,7.43,18.26,26.72,2.75,3.4,38.22,598.52,54.46,3.67,0.92,23,7.3,1,1,0,1,0,1,0,0,0,1,1,0,0,0,1,1,1,0,0,0,0,0,0,0,0,0,1
293.28,18.39,16.31,52.02,6.15,3.7,1.34,411.04,36.02,2.3,2.94,26,6.22,1,1,0,1,0,1,0,0,1,1,1,0,0,1,1,0,1,0,0,0,0,0,0,0,0,0,1
635.66,18.17,6.78,26.56,3.53,1.71,54.93,454.3,38.18,3.85,2.2,26,2.68,1,1,0,1,0,1,0,0,0,1,1,0,0,1,1,1,1,0,0,0,0,1,0,0,0,0,1
566.05,11.94,11.52,42.05,6.29,4.05,83.22,277.74,25.31,2.52,2.57,16,5.03,1,1,0,1,0,1,0,0,0,1,1,0,0,1,1,1,1,0,0,0,0,0,0,0,0,0,1
500.54,12.22,8.83,26.03,2.43,2.17,5.39,549.48,91.84,3.53,1.97,23,6.49,1,1,0,1,0,0,0,0,0,1,1,0,0,0,1,1,1,0,0,0,0,0,0,0,0,0,1
498.75,18.61,18.29,45.9,4.85,2.23,51.2,426.14,68.82,1.74,1.97,18,2.68,1,1,0,1,0,1,0,0,0,1,1,0,0,1,1,0,1,0,0,0,0,1,0,0,0,0,1
367.2,8.15,18.13,32.98,3.35,1.16,67.9,268.05,99.17,3.13,0.87,19,7.44,1,1,0,1,0,1,0,0,1,1,1,0,0,0,1,1,1,0,0,0,0,0,0,0,0,0,1
562.1,5.98,11.65,26.76,3.28,4.64,89.12,405.91,30.76,1.05,1.32,29,5.29,1,1,0,1,0,1,0,0,0,1,1,0,0,0,1,0,1,0,0,0,0,0,0,0,0,0,1
322.28,9.64,8.11,29.59,3.17,4.85,16.3,652.32,54.28,2.51,0.69,27,6.32,1,1,0,1,0,1,0,0,1,1,1,0,0,0,1,1,1,0,0,0,0,0,0,0,0,0,1
477.55,8.48,19.61,36.53,7.44,4.44,33.98,444.78,54.51,3.84,1.76,13,1.08,1,1,0,1,0,1,0,0,0,1,1,0,0,1,1,1,1,0,0,0,0,1,0,0,0,0,1
493.9,9.79,8.36,46.45,2.54,1.91,21.17,380.9,45.79,3.88,2.1,28,4.74,1,1,0,1,0,1,0,0,0,1,1,0,0,0,1,1,1,0,0,0,0,1,0,0,0,0,1
626.98,6.7,8.12,53.39,7.74,1.71,15.37,381.6,23.98,3.62,0.23,12,4.4,1,1,0,1,0,1,0,0,0,1,1,0,0,1,1,1,1,0,0,0,0,1,0,0,0,0,1
628.89,11.4,10.35,54.91,5.19,2.5,39.2,257.23,60.98,2.76,0.81,21,5.74,1,1,0,1,0,1,0,0,0,1,1,0,0,1,1,1,1,0,0,0,0,0,0,0,0,0,1
558.92,12.71,9.09,21.03,3.77,4.39,38.66,307.67,84.47,1.13,1.78,30,6.13,1,1,0,1,0,1,0,0,0,1,1,0,0,1,1,0,1,0,0,0,0,0,0,0,0,0,1
193.98,15.9,7.05,26.6,7.66,3.01,96.78,198.91,58.2,1.25,1.89,19,2.23,1,1,0,1,0,1,0,0,1,1,1,0,0,1,1,0,1,0,0,0,0,1,0,0,0,0,1
279.42,16.23,7.46,48.41,2.79,1.14,40.11,688.69,28.83,1.41,2.25,19,3.36,1,1,0,1,0,1,0,0,0,1,1,0,0,0,1,0,1,0,0,0,0,1,0,0,0,0,1
150.1,18.37,16.67,40.07,2.77,2.51,92.51,489.31,68.27,4.65,1.68,12,3.6,1,1,0,1,0,1,0,0,0,1,1,0,0,0,1,1,1,0,0,0,0,1,0,0,0,0,1
837.12,0.32,0.56,78.38,0.0,0.0,10.87,4.49,1.52,0.0,0.0,0,27.53,1,0,0,0,0,0,0,0,0,1,0,1,0,0,1,0,1,1,0,0,0,0,0,0,0,0,1
883.17,0.39,0.82,75.92,0.0,0.0,27.09,2.52,1.36,0.0,0.0,5,36.99,1,0,0,0,0,0,0,0,0,1,0,1,0,0,1,0,1,1,0,0,0,0,0,0,0,0,1
897.85,0.35,0.97,72.89,0.0,0.0,13.68,2.85,2.96,0.0,0.0,4,56.47,1,0,0,0,0,0,0,0,0,1,0,1,0,0,1,0,1,1,0,0,0,0,0,0,0,0,1
793.89,0.85,0.01,78.95,0.0,0.0,44.42,1.64,2.63,0.0,0.0,4,39.64,1,0,0,0,0,0,0,0,0,1,0,1,0,0,1,0,1,1,0,0,0,0,0,0,0,0,1
852.26,0.33,0.58,72.94,0.0,0.0,49.88,4.89,3.89,0.0,0.0,5,12.96,1,0,0,0,0,0,0,0,0,1,0,1,0,0,1,0,1,1,0,0,0,0,0,0,0,0,1
718.19,0.78,0.19,91.77,0.0,0.0,40.43,4.8,1.26,0.0,0.0,1,32.95,1,0,0,0,0,0,0,0,0,1,0,1,0,0,1,0,1,1,0,0,0,0,0,0,0,0,1
892.9,0.83,0.17,93.95,0.0,0.0,41.85,4.88,0.44,0.0,0.0,5,45.38,1,0,0,0,0,0,0,0,0,1,0,1,0,0,1,0,1,1,0,0,0,0,0,0,0,0,1
785.87,0.09,0.96,82.97,0.0,0.0,2.73,4.76,3.96,0.0,0.0,3,50.28,1,0,0,0,0,0,0,0,0,1,0,1,0,0,1,0,1,1,0,0,0,0,0,0,0,0,1
891.73,0.95,0.62,91.85,0.0,0.0,0.97,1.78,0.5,0.0,0.0,1,18.45,1,0,0,0,0,0,0,0,0,1,0,1,0,0,1,0,1,1,0,0,0,0,0,0,0,0,1
871.55,0.93,0.77,98.22,0.0,0.0,24.44,0.82,3.34,0.0,0.0,1,19.99,1,0,0,0,0,0,0,0,0,1,0,1,0,0,1,0,1,1,0,0,0,0,0,0,0,0,1
779.96,0.17,0.19,81.74,0.0,0.0,15.99,4.76,3.23,0.0,0.0,2,23.07,1,0,0,0,0,0,0,0,0,1,0,1,0,0,1,0,1,1,0,0,0,0,0,0,0,0,1
886.95,0.41,0.29,80.11,0.0,0.0,46.4,0.87,4.41,0.0,0.0,2,35.22,1,0,0,0,0,0,0,0,0,1,0,1,0,0,1,0,1,1,0,0,0,0,0,0,0,0,1
833.85,0.9,0.65,84.51,0.0,0.0,45.12,1.89,0.15,0.0,0.0,0,18.03,1,0,0,0,0,0,0,0,0,1,0,1,0,0,1,0,1,1,0,0,0,0,0,0,0,0,1
738.0,0.72,0.05,84.41,0.0,0.0,37.5,2.29,0.82,0.0,0.0,0,10.23,1,0,0,0,0,0,0,0,0,1,0,1,0,0,1,0,1,1,0,0,0,0,0,0,0,0,1
879.94,0.15,0.45,84.3,0.0,0.0,38.13,1.5,2.05,0.0,0.0,5,35.28,1,0,0,0,0,0,0,0,0,1,0,1,0,0,1,0,1,1,0,0,0,0,0,0,0,0,1
761.01,0.73,0.55,84.32,0.0,0.0,48.63,3.15,4.37,0.0,0.0,2,25.84,1,0,0,0,0,0,0,0,0,1,0,1,0,0,1,0,1,1,0,0,0,0,0,0,0,0,1
816.89,0.27,0.87,78.5,0.0,0.0,43.5,4.08,1.32,0.0,0.0,2,14.63,1,0,0,0,0,0,0,0,0,1,0,1,0,0,1,0,1,1,0,0,0,0,0,0,0,0,1
832.0,0.55,0.43,74.57,0.0,0.0,44.48,3.51,0.3,0.0,0.0,3,39.41,1,0,0,0,0,0,0,0,0,1,0,1,0,0,1,0,1,1,0,0,0,0,0,0,0,0,1
889.69,0.7,0.28,98.17,0.0,0.0,2.93,3.77,0.23,0.0,0.0,5,32.01,1,0,0,0,0,0,0,0,0,1,0,1,0,0,1,0,1,1,0,0,0,0,0,0,0,0,1
834.03,0.46,0.95,75.38,0.0,0.0,8.64,0.33,4.0,0.0,0.0,3,37.06,1,0,0,0,0,0,0,0,0,1,0,1,0,0,1,0,1,1,0,0,0,0,0,0,0,0,1
873.71,0.77,0.8,83.45,0.0,0.0,39.66,3.48,0.16,0.0,0.0,5,11.22,1,0,0,0,0,0,0,0,0,1,0,1,0,0,1,0,1,1,0,0,0,0,0,0,0,0,1
815.95,0.84,0.38,71.35,0.0,0.0,35.86,2.89,1.15,0.0,0.0,1,31.52,1,0,0,0,0,0,0,0,0,1,0,1,0,0,1,0,1,1,0,0,0,0,0,0,0,0,1
857.16,0.45,0.26,70.83,0.0,0.0,7.38,1.7,0.1,0.0,0.0,5,15.19,1,0,0,0,0,0,0,0,0,1,0,1,0,0,1,0,1,1,0,0,0,0,0,0,0,0,1
754.3,0.01,0.14,83.18,0.0,0.0,40.28,0.36,1.24,0.0,0.0,1,48.66,1,0,0,0,0,0,0,0,0,1,0,1,0,0,1,0,1,1,0,0,0,0,0,0,0,0,1
727.15,0.8,0.61,99.43,0.0,0.0,9.76,3.84,0.4,0.0,0.0,2,57.16,1,0,0,0,0,0,0,0,0,1,0,1,0,0,1,0,1,1,0,0,0,0,0,0,0,0,1
753.32,0.94,0.8,91.93,0.0,0.0,12.2,0.95,4.33,0.0,0.0,2,13.78,1,0,0,0,0,0,0,0,0,1,0,1,0,0,1,0,1,1,0,0,0,0,0,0,0,0,1
881.96,0.45,0.84,99.38,0.0,0.0,6.77,4.15,1.36,0.0,0.0,0,16.95,1,0,0,0,0,0,0,0,0,1,0,1,0,0,1,0,1,1,0,0,0,0,0,0,0,0,1
736.57,0.8,0.44,74.41,0.0,0.0,39.9,1.82,0.8,0.0,0.0,0,55.63,1,0,0,0,0,0,0,0,0,1,0,1,0,0,1,0,1,1,0,0,0,0,0,0,0,0,1
817.43,0.4,0.86,71.5,0.0,0.0,47.03,1.25,3.47,0.0,0.0,3,42.15,1,0,0,0,0,0,0,0,0,1,0,1,0,0,1,0,1,1,0,0,0,0,0,0,0,0,1
837.45,0.37,0.88,95.29,0.0,0.0,22.04,3.62,4.07,0.0,0.0,1,49.5,1,0,0,0,0,0,0,0,0,1,0,1,0,0,1,0,1,1,0,0,0,0,0,0,0,0,1
775.14,1.0,0.95,70.39,0.0,0.0,25.1,2.91,4.21,0.0,0.0,1,41.99,1,0,0,0,0,0,0,0,0,1,0,1,0,0,1,0,1,1,0,0,0,0,0,0,0,0,1
715.24,0.64,0.81,80.6,0.0,0.0,16.97,1.25,3.45,0.0,0.0,3,14.83,1,0,0,0,0,0,0,0,0,1,0,1,0,0,1,0,1,1,0,0,0,0,0,0,0,0,1
860.68,0.87,0.58,80.98,0.0,0.0,11.92,2.44,1.08,0.0,0.0,3,41.49,1,0,0,0,0,0,0,0,0,1,0,1,0,0,1,0,1,1,0,0,0,0,0,0,0,0,1
704.92,0.63,0.95,77.05,0.0,0.0,35.39,3.5,0.92,0.0,0.0,5,33.25,1,0,0,0,0,0,0,0,0,1,0,1,0,0,1,0,1,1,0,0,0,0,0,0,0,0,1
832.16,0.02,0.25,83.09,0.0,0.0,38.23,1.82,4.09,0.0,0.0,5,32.05,1,0,0,0,0,0,0,0,0,1,0,1,0,0,1,0,1,1,0,0,0,0,0,0,0,0,1
804.03,0.99,0.97,82.44,0.0,0.0,7.63,3.84,2.18,0.0,0.0,5,31.22,1,0,0,0,0,0,0,0,0,1,0,1,0,0,1,0,1,1,0,0,0,0,0,0,0,0,1
866.81,0.48,0.59,96.21,0.0,0.0,43.08,1.01,1.78,0.0,0.0,5,13.28,1,0,0,0,0,0,0,0,0,1,0,1,0,0,1,0,1,1,0,0,0,0,0,0,0,0,1
806.24,0.14,0.66,93.77,0.0,0.0,30.37,0.95,1.91,0.0,0.0,3,54.84,1,0,0,0,0,0,0,0,0,1,0,1,0,0,1,0,1,1,0,0,0,0,0,0,0,0,1
748.3,0.71,0.3,71.35,0.0,0.0,20.47,3.09,4.5,0.0,0.0,5,35.09,1,0,0,0,0,0,0,0,0,1,0,1,0,0,1,0,1,1,0,0,0,0,0,0,0,0,1
849.19,0.49,0.13,87.1,0.0,0.0,43.95,4.47,2.27,0.0,0.0,5,57.52,1,0,0,0,0,0,0,0,0,1,0,1,0,0,1,0,1,1,0,0,0,0,0,0,0,0,1
829.88,0.28,0.53,88.82,0.0,0.0,8.89,0.17,1.69,0.0,0.0,0,27.2,1,0,0,0,0,0,0,0,0,1,0,1,0,0,1,0,1,1,0,0,0,0,0,0,0,0,1
882.73,0.15,0.06,84.47,0.0,0.0,0.52,2.06,4.63,0.0,0.0,5,12.68,1,0,0,0,0,0,0,0,0,1,0,1,0,0,1,0,1,1,0,0,0,0,0,0,0,0,1
816.17,0.81,0.04,87.0,0.0,0.0,7.27,2.82,4.85,0.0,0.0,2,41.23,1,0,0,0,0,0,0,0,0,1,0,1,0,0,1,0,1,1,0,0,0,0,0,0,0,0,1
722.6,0.26,0.18,75.19,0.0,0.0,8.8,4.95,2.11,0.0,0.0,5,58.95,1,0,0,0,0,0,0,0,0,1,0,1,0,0,1,0,1,1,0,0,0,0,0,0,0,0,1
814.39,0.95,0.44,83.08,0.0,0.0,18.38,4.32,0.15,0.0,0.0,2,52.12,1,0,0,0,0,0,0,0,0,1,0,1,0,0,1,0,1,1,0,0,0,0,0,0,0,0,1
868.47,0.47,0.96,90.38,0.0,0.0,10.08,2.22,4.9,0.0,0.0,0,32.62,1,0,0,0,0,0,0,0,0,1,0,1,0,0,1,0,1,1,0,0,0,0,0,0,0,0,1
870.16,0.78,0.85,78.16,0.0,0.0,5.45,3.42,0.71,0.0,0.0,4,26.31,1,0,0,0,0,0,0,0,0,1,0,1,0,0,1,0,1,1,0,0,0,0,0,0,0,0,1
891.29,0.47,0.96,96.42,0.0,0.0,29.35,4.19,2.72,0.0,0.0,4,16.06,1,0,0,0,0,0,0,0,0,1,0,1,0,0,1,0,1,1,0,0,0,0,0,0,0,0,1
811.81,0.27,0.38,70.52,0.0,0.0,27.14,0.05,2.35,0.0,0.0,2,40.54,1,0,0,0,0,0,0,0,0,1,0,1,0,0,1,0,1,1,0,0,0,0,0,0,0,0,1
778.44,0.51,0.76,76.7,0.0,0.0,19.77,0.16,2.54,0.0,0.0,5,37.0,1,0,0,0,0,0,0,0,0,1,0,1,0,0,1,0,1,1,0,0,0,0,0,0,0,0,1
52.5,0.48,14.02,0.16,1.85,12.04,4.6,298.73,21.59,0.46,18.51,41,0.0,1,1,0,1,0,0,1,1,0,1,1,0,0,0,1,0,1,0,1,1,0,0,0,1,0,1,1
67.44,0.67,14.7,0.97,1.22,7.38,2.01,273.96,15.38,0.31,29.47,45,0.0,1,1,0,1,0,0,1,1,0,1,1,0,0,0,1,0,1,0,1,1,0,1,1,1,0,1,1
50.68,1.43,16.58,0.18,3.06,8.17,9.81,159.78,10.22,0.52,11.78,32,0.0,1,1,0,1,0,1,1,1,1,1,1,1,0,0,1,0,1,0,1,1,0,1,0,1,0,1,1
66.61,0.92,14.45,0.54,2.89,10.37,6.66,139.93,18.06,0.44,25.08,30,0.0,1,1,0,1,0,1,1,1,0,1,1,1,0,0,1,0,1,0,1,1,0,1,0,1,0,1,1
41.17,1.67,9.51,0.82,2.36,9.17,2.73,280.03,12.66,0.14,33.61,39,0.0,1,1,0,1,0,0,1,1,0,1,1,0,0,0,1,0,1,0,1,1,0,1,0,1,0,1,1
66.69,1.49,13.4,0.49,1.96,8.16,6.74,113.06,27.55,0.28,26.0,45,0.0,1,1,0,1,0,0,1,1,0,1,1,1,0,0,1,0,1,0,1,1,0,1,0,1,0,1,1
74.23,1.71,13.59,0.27,2.43,8.67,3.54,120.56,26.29,0.3,34.74,33,0.0,1,1,0,1,0,0,1,1,0,1,1,1,0,0,1,0,1,0,1,1,0,1,0,1,0,1,1
32.62,1.99,12.58,0.02,2.62,12.83,7.73,240.18,14.18,0.66,39.48,44,0.0,1,1,0,1,0,0,1,1,0,1,1,0,0,0,1,0,1,0,1,1,0,0,0,1,0,1,1
33.05,0.38,11.91,0.5,1.81,10.85,3.36,173.45,33.48,0.55,47.89,43,0.0,1,1,0,1,0,0,1,1,0,1,1,1,0,0,1,0,1,0,1,1,0,1,0,1,0,1,1
66.92,1.78,17.52,0.01,1.26,11.07,3.9,263.83,10.36,0.81,11.09,35,0.0,1,1,0,1,0,0,1,1,0,1,1,0,0,0,1,0,1,0,1,1,0,1,0,1,0,1,1
44.67,1.14,17.81,0.22,3.96,11.43,8.26,117.93,19.01,0.06,21.72,32,0.0,1,1,0,1,0,1,1,1,1,1,1,1,0,0,1,0,1,0,1,1,0,1,0,1,0,1,1
41.45,0.28,9.22,0.35,1.45,6.41,0.44,271.35,16.59,0.82,24.72,33,0.0,1,1,0,1,0,0,1,1,0,1,1,0,0,0,1,0,1,0,1,1,0,1,1,1,0,1,1
59.18,0.58,8.05,0.91,2.81,7.18,4.2,171.38,31.02,0.61,5.89,39,0.0,1,1,0,1,0,1,1,1,0,1,1,1,0,0,1,0,1,0,1,1,0,1,1,1,0,1,1
52.27,1.03,14.86,0.68,2.12,12.9,0.63,216.9,38.49,0.55,25.48,34,0.0,1,1,0,1,0,0,1,1,0,1,1,0,0,0,1,0,1,0,1,1,0,0,0,1,0,1,1
48.69,1.4,9.17,0.04,1.92,7.53,8.73,272.93,26.02,0.02,15.27,46,0.0,1,1,0,1,0,0,1,1,0,1,1,0,0,0,1,0,1,0,1,1,0,1,1,1,0,1,1
42.0,1.11,15.32,0.27,2.15,7.41,8.21,245.0,36.14,0.17,8.31,33,0.0,1,1,0,1,0,0,1,1,0,1,1,0,0,0,1,0,1,0,1,1,0,1,1,1,0,1,1
56.65,1.94,10.93,0.96,1.11,13.34,1.81,282.49,11.69,0.95,14.04,42,0.0,1,1,0,1,0,0,1,1,0,1,1,0,0,0,1,0,1,0,1,1,0,0,0,1,0,1,1
30.22,1.36,11.52,0.76,3.38,8.96,7.48,267.99,37.85,0.58,40.03,41,0.0,1,1,0,1,0,1,1,1,1,1,1,0,0,0,1,0,1,0,1,1,0,1,0,1,0,1,1
42.97,0.75,10.34,0.25,1.15,12.53,0.64,277.47,13.76,0.07,30.34,48,0.0,1,1,0,1,0,0,1,1,0,1,1,0,0,0,1,0,1,0,1,1,0,0,0,1,0,1,1
67.18,1.13,12.29,0.26,2.41,10.38,7.13,133.33,34.39,0.35,27.65,48,0.0,1,1,0,1,0,0,1,1,0,1,1,1,0,0,1,0,1,0,1,1,0,1,0,1,0,1,1
75.79,0.38,7.53,0.33,3.18,13.31,6.37,290.37,12.77,0.06,32.19,41,0.0,1,1,0,1,0,0,1,1,1,1,1,0,0,0,1,0,1,0,1,1,0,0,0,1,0,1,1
75.25,1.17,11.51,0.73,1.78,5.7,3.45,159.85,30.27,0.55,11.22,47,0.0,1,1,0,1,0,0,1,1,0,1,1,1,0,0,1,0,1,0,1,1,0,1,1,1,0,1,1
56.42,1.76,15.92,0.08,1.61,10.92,4.44,158.14,22.56,0.45,45.97,33,0.0,1,1,0,1,0,0,1,1,0,1,1,1,0,0,1,0,1,0,1,1,0,1,0,1,0,1,1
44.41,0.67,15.63,0.12,3.54,7.39,0.51,123.47,38.58,0.45,16.54,38,0.0,1,1,0,1,0,1,1,1,1,1,1,1,0,1,1,0,1,0,1,1,0,1,1,1,0,1,1
56.35,0.04,7.79,0.16,1.16,8.61,3.37,227.47,26.07,0.6,26.24,36,0.0,1,1,0,1,0,0,1,1,0,1,1,0,0,0,1,0,1,0,1,1,0,1,0,1,0,1,1
77.65,0.2,15.67,0.52,2.29,7.52,8.41,139.95,31.64,0.45,49.93,38,0.0,1,1,0,1,0,0,1,1,0,1,1,1,0,0,1,0,1,0,1,1,0,1,1,1,0,1,1
75.32,1.71,12.68,0.24,1.58,13.59,2.03,261.63,21.07,0.99,21.57,48,0.0,1,1,0,1,0,0,1,1,0,1,1,0,0,0,1,0,1,0,1,1,0,0,0,1,0,1,1
77.53,0.44,10.76,0.21,3.79,5.08,5.84,274.15,15.59,0.59,7.28,47,0.0,1,1,0,1,0,1,1,1,1,1,1,0,0,1,1,0,1,0,1,1,0,1,1,1,0,1,1
47.78,0.42,12.02,0.21,2.5,13.13,6.17,271.09,14.99,0.9,32.08,41,0.0,1,1,0,1,0,0,1,1,0,1,1,0,0,0,1,0,1,0,1,1,0,0,0,1,0,1,1
77.57,0.16,13.41,0.92,1.03,10.68,4.75,169.4,28.83,0.05,38.89,38,0.0,1,1,0,1,0,0,1,1,0,1,1,1,0,0,1,0,1,0,1,1,0,1,0,1,0,1,1
38.69,0.71,16.64,0.44,2.7,6.61,4.93,274.73,33.2,0.08,43.79,47,0.0,1,1,0,1,0,1,1,1,0,1,1,0,0,0,1,0,1,0,1,1,0,1,1,1,0,1,1
53.95,1.89,13.17,0.67,1.34,6.29,4.64,290.25,20.82,0.88,10.41,33,0.0,1,1,0,1,0,0,1,1,0,1,1,0,0,0,1,0,1,0,1,1,0,1,1,1,0,1,1
38.41,0.64,12.83,0.85,3.86,5.19,3.53,233.63,25.83,0.94,5.76,43,0.0,1,1,0,1,0,1,1,1,1,1,1,0,0,1,1,0,1,0,1,1,0,1,1,1,0,1,1
40.88,1.45,7.89,0.45,3.03,7.4,0.74,291.4,37.41,0.93,49.03,35,0.0,1,1,0,1,0,1,1,1,1,1,1,0,0,0,1,0,1,0,1,1,0,1,1,1,0,1,1
77.83,0.05,10.66,0.26,1.14,8.65,6.23,276.51,39.69,0.81,26.09,39,0.0,1,1,0,1,0,0,1,1,0,1,1,0,0,0,1,0,1,0,1,1,0,1,0,1,0,1,1
39.56,1.45,12.4,1.0,3.33,13.72,3.42,124.61,25.18,0.12,27.16,30,0.0,1,1,0,1,0,0,1,1,1,1,1,1,0,0,1,0,1,0,1,1,0,0,0,1,0,1,1
39.64,1.35,11.56,0.02,2.04,12.26,7.97,198.94,24.18,0.58,14.87,30,0.0,1,1,0,1,0,0,1,1,0,1,1,1,0,0,1,0,1,0,1,1,0,0,0,1,0,1,1
47.47,1.94,17.12,0.2,3.18,10.21,0.5,174.34,24.58,0.67,18.27,38,0.0,1,1,0,1,0,1,1,1,1,1,1,1,0,0,1,0,1,0,1,1,0,1,0,1,0,1,1
54.48,1.89,17.4,0.31,3.43,10.35,9.75,195.52,33.24,0.77,27.38,34,0.0,1,1,0,1,0,1,1,1,1,1,1,1,0,0,1,0,1,0,1,1,0,1,0,1,0,1,1
71.78,1.61,13.83,0.28,3.2,5.35,7.98,256.05,30.1,0.1,49.88,39,0.0,1,1,0,1,0,1,1,1,1,1,1,0,0,0,1,0,1,0,1,1,0,1,1,1,0,1,1
48.84,1.08,9.54,0.23,3.33,13.66,3.24,237.6,17.74,0.93,35.28,43,0.0,1,1,0,1,0,0,1,1,1,1,1,0,0,0,1,0,1,0,1,1,0,0,0,1,0,1,1
59.93,1.06,10.22,0.26,2.74,11.36,0.33,213.48,15.11,0.14,33.04,44,0.0,1,1,0,1,0,1,1,1,0,1,1,0,0,0,1,0,1,0,1,1,0,1,0,1,0,1,1
40.57,0.57,16.58,0.89,2.92,7.82,2.24,270.46,16.16,0.66,48.56,42,0.0,1,1,0,1,0,1,1,1,0,1,1,0,0,0,1,0,1,0,1,1,0,1,1,1,0,1,1
30.3,0.43,14.7,0.77,1.84,8.67,0.37,147.41,33.38,0.61,14.26,36,0.0,1,1,0,1,0,0,1,1,0,1,1,1,0,0,1,0,1,0,1,1,0,1,0,1,0,1,1
67.57,1.36,15.33,0.17,2.69,12.64,0.2,124.69,17.37,0.29,13.22,32,0.0,1,1,0,1,0,0,1,1,0,1,1,1,0,0,1,0,1,0,1,1,0,0,0,1,0,1,1
66.21,1.64,8.5,0.71,3.76,10.19,1.86,125.39,17.79,0.1,28.1,38,0.0,1,1,0,1,0,1,1,1,1,1,1,1,0,0,1,0,1,0,1,1,0,1,0,1,0,1,1
52.0,0.95,13.22,0.71,1.14,5.73,0.61,184.63,11.26,0.75,15.04,30,0.0,1,1,0,1,0,0,1,1,0,1,1,1,0,0,1,0,1,0,1,1,0,1,1,1,0,1,1
74.99,0.88,17.36,0.43,3.01,7.34,6.37,207.64,28.2,0.68,12.81,32,0.0,1,1,0,1,0,1,1,1,1,1,1,0,0,0,1,0,1,0,1,1,0,1,1,1,0,1,1
40.64,0.46,10.36,0.68,3.67,11.07,8.28,208.71,12.07,0.1,29.95,44,0.0,1,1,0,1,0,1,1,1,1,1,1,0,0,0,1,0,1,0,1,1,0,1,0,1,0,1,1
65.64,0.89,10.12,0.52,2.14,7.07,7.57,259.5,34.01,0.38,12.63,30,0.0,1,1,0,1,0,0,1,1,0,1,1,0,0,0,1,0,1,0,1,1,0,1,1,1,0,1,1
50.72,1.18,7.61,0.99,3.4,12.82,6.94,137.21,10.93,0.86,22.83,42,0.0,1,1,0,1,0,0,1,1,1,1,1,1,0,0,1,0,1,0,1,1,0,0,0,1,0,1,1
51.04,1.3,12.32,0.7,3.56,6.76,3.29,187.36,38.86,0.37,22.15,49,0.0,1,1,0,1,0,1,1,1,1,1,1,1,0,1,1,0,1,0,1,1,0,1,1,1,0,1,1
61.98,1.92,15.78,0.69,3.91,6.54,7.73,181.37,20.81,0.52,6.52,40,0.0,1,1,0,1,0,1,1,1,1,1,1,1,0,1,1,0,1,0,1,1,0,1,1,1,0,1,1
31.67,0.83,15.99,0.39,2.81,6.89,4.17,285.53,26.99,0.9,45.59,32,0.0,1,1,0,1,0,1,1,1,0,1,1,0,0,0,1,0,1,0,1,1,0,1,1,1,0,1,1
44.31,1.36,14.33,0.61,3.14,7.41,9.79,271.58,32.37,0.03,31.57,50,0.0,1,1,0,1,0,1,1,1,1,1,1,0,0,0,1,0,1,0,1,1,0,1,1,1,0,1,1
43.98,0.44,9.82,0.3,2.8,9.24,3.37,174.86,21.13,0.97,15.48,32,0.0,1,1,0,1,0,1,1,1,0,1,1,1,0,0,1,0,1,0,1,1,0,1,0,1,0,1,1
58.3,0.99,12.5,0.7,3.86,8.3,1.73,137.0,10.61,0.56,46.81,38,0.0,1,1,0,1,0,1,1,1,1,1,1,1,0,1,1,0,1,0,1,1,0,1,0,1,0,1,1
67.06,0.36,11.64,0.42,3.28,12.54,0.95,212.59,32.85,0.79,11.66,31,0.0,1,1,0,1,0,0,1,1,1,1,1,0,0,0,1,0,1,0,1,1,0,0,0,1,0,1,1
39.73,1.35,10.37,0.89,1.6,10.4,5.72,139.55,23.2,0.68,19.33,49,0.0,1,1,0,1,0,0,1,1,0,1,1,1,0,0,1,0,1,0,1,1,0,1,0,1,0,1,1
76.74,1.03,12.06,0.43,3.08,9.07,1.29,276.03,22.85,0.07,28.82,46,0.0,1,1,0,1,0,1,1,1,1,1,1,0,0,0,1,0,1,0,1,1,0,1,0,1,0,1,1
70.02,1.34,14.15,0.42,3.89,7.47,5.78,161.81,32.34,0.05,7.07,45,0.0,1,1,0,1,0,1,1,1,1,1,1,1,0,1,1,0,1,0,1,1,0,1,1,1,0,1,1
76.04,1.53,8.54,0.22,2.93,13.29,4.46,197.13,17.13,0.38,17.87,35,0.0,1,1,0,1,0,0,1,1,0,1,1,1,0,0,1,0,1,0,1,1,0,0,0,1,0,1,1
49.84,1.72,7.68,0.22,3.68,6.1,6.3,142.7,28.18,0.38,9.58,33,0.0,1,1,0,1,0,1,1,1,1,1,1,1,0,1,1,0,1,0,1,1,0,1,1,1,0,1,1
62.03,0.68,7.48,0.59,2.18,8.28,2.64,101.2,15.47,0.47,17.41,42,0.0,1,1,0,1,0,0,1,1,0,1,1,1,0,0,1,0,1,0,1,1,0,1,0,1,0,1,1
67.97,1.11,9.77,0.11,3.7,13.03,1.11,259.44,23.4,0.32,38.26,33,0.0,1,1,0,1,0,0,1,1,1,1,1,0,0,0,1,0,1,0,1,1,0,0,0,1,0,1,1
70.64,1.6,17.88,0.18,3.54,12.85,6.42,201.28,38.72,0.97,33.88,31,0.0,1,1,0,1,0,0,1,1,1,1,1,0,0,0,1,0,1,0,1,1,0,0,0,1,0,1,1
31.06,0.22,9.92,0.07,2.81,13.98,1.01,264.25,13.56,0.67,33.94,30,0.0,1,1,0,1,0,0,1,1,0,1,1,0,0,0,1,0,1,0,1,1,0,0,0,1,0,1,1
45.77,0.18,11.48,0.91,3.34,11.51,5.33,276.7,23.48,0.15,42.69,41,0.0,1,1,0,1,0,1,1,1,1,1,1,0,0,0,1,0,1,0,1,1,0,1,0,1,0,1,1
31.04,0.24,17.45,0.91,1.26,7.74,9.47,119.54,12.84,0.09,48.94,31,0.0,1,1,0,1,0,0,1,1,0,1,1,1,0,0,1,0,1,0,1,1,0,1,1,1,0,1,1
53.92,0.04,10.27,0.47,1.32,6.14,4.63,246.19,35.01,0.55,26.36,31,0.0,1,1,0,1,0,0,1,1,0,1,1,0,0,0,1,0,1,0,1,1,0,1,1,1,0,1,1
49.24,0.06,13.09,0.68,3.22,8.62,0.97,216.87,19.89,0.95,27.62,48,0.0,1,1,0,1,0,1,1,1,1,1,1,0,0,0,1,0,1,0,1,1,0,1,0,1,0,1,1
46.94,1.03,10.37,0.89,2.32,7.63,1.55,234.47,10.77,0.45,29.76,41,0.0,1,1,0,1,0,0,1,1,0,1,1,0,0,0,1,0,1,0,1,1,0,1,1,1,0,1,1
52.67,1.57,8.02,0.88,3.01,12.88,9.94,203.6,12.8,0.17,19.56,48,0.0,1,1,0,1,0,0,1,1,1,1,1,0,0,0,1,0,1,0,1,1,0,0,0,1,0,1,1
44.84,1.95,14.73,0.17,2.43,9.2,4.93,207.14,10.94,0.69,26.92,45,0.0,1,1,0,1,0,0,1,1,0,1,1,0,0,0,1,0,1,0,1,1,0,1,0,1,0,1,1
42.44,0.6,16.38,0.42,3.97,6.37,4.63,246.49,10.16,0.15,5.92,49,0.0,1,1,0,1,0,1,1,1,1,1,1,0,0,1,1,0,1,0,1,1,0,1,1,1,0,1,1
32.55,0.75,16.41,0.5,3.89,9.53,2.76,138.66,30.84,0.54,32.18,32,0.0,1,1,0,1,0,1,1,1,1,1,1,1,0,1,1,0,1,0,1,1,0,1,0,1,0,1,1
66.05,1.25,14.54,0.57,1.13,6.35,9.22,146.59,39.79,0.68,25.0,39,0.0,1,1,0,1,0,0,1,1,0,1,1,1,0,0,1,0,1,0,1,1,0,1,1,1,0,1,1
48.66,1.79,9.27,0.42,1.93,12.09,0.5,139.31,16.32,0.99,30.68,30,0.0,1,1,0,1,0,0,1,1,0,1,1,1,0,0,1,0,1,0,1,1,0,0,0,1,0,1,1
31.86,0.36,9.56,0.66,2.41,9.13,7.68,191.34,20.45,0.96,5.37,32,0.0,1,1,0,1,0,0,1,1,0,1,1,1,0,0,1,0,1,0,1,1,0,1,0,1,0,1,1
72.61,0.24,16.87,0.08,2.05,10.49,5.59,119.28,33.97,0.97,13.16,39,0.0,1,1,0,1,0,0,1,1,0,1,1,1,0,0,1,0,1,0,1,1,0,1,0,1,0,1,1
76.8,0.35,15.71,0.06,3.65,11.07,3.7,138.09,34.5,0.6,21.22,44,0.0,1,1,0,1,0,1,1,1,1,1,1,1,0,0,1,0,1,0,1,1,0,1,0,1,0,1,1
49.66,1.7,11.52,0.72,3.08,6.85,4.5,213.24,31.46,0.82,39.2,48,0.0,1,1,0,1,0,1,1,1,1,1,1,0,0,0,1,0,1,0,1,1,0,1,1,1,0,1,1
54.87,1.15,11.1,0.71,3.02,10.22,8.62,120.38,19.03,0.5,48.14,36,0.0,1,1,0,1,0,1,1,1,1,1,1,1,0,0,1,0,1,0,1,1,0,1,0,1,0,1,1
54.89,0.73,14.29,0.34,2.04,11.6,3.1,140.15,34.23,0.81,27.39,41,0.0,1,1,0,1,0,0,1,1,0,1,1,1,0,0,1,0,1,0,1,1,0,1,0,1,0,1,1
48.46,1.56,9.47,0.79,3.09,11.11,4.75,249.18,10.41,0.31,35.56,32,0.0,1,1,0,1,0,1,1,1,1,1,1,0,0,0,1,0,1,0,1,1,0,1,0,1,0,1,1
55.5,1.85,16.5,0.02,2.59,5.04,7.9,161.77,32.97,0.94,48.92,46,0.0,1,1,0,1,0,1,1,1,0,1,1,1,0,0,1,0,1,0,1,1,0,1,1,1,0,1,1
53.56,1.35,17.22,0.14,2.19,5.6,7.59,189.55,31.21,0.32,42.99,50,0.0,1,1,0,1,0,0,1,1,0,1,1,1,0,0,1,0,1,0,1,1,0,1,1,1,0,1,1
33.94,1.03,15.43,0.6,1.07,13.75,2.98,149.86,24.57,0.54,39.48,38,0.0,1,1,0,1,0,0,1,1,0,1,1,1,0,0,1,0,1,0,1,1,0,0,0,1,0,1,1
56.75,0.79,17.06,0.85,2.36,5.0,9.01,124.87,17.34,0.15,13.09,43,0.0,1,1,0,1,0,0,1,1,0,1,1,1,0,0,1,0,1,0,1,1,0,1,1,1,0,1,1
77.8,0.46,12.34,0.98,3.48,11.56,1.89,253.88,20.43,0.53,32.41,48,0.0,1,1,0,1,0,1,1,1,1,1,1,0,0,0,1,0,1,0,1,1,0,1,0,1,0,1,1
66.95,0.97,7.91,0.73,2.19,10.13,2.93,148.43,19.73,0.81,24.19,37,0.0,1,1,0,1,0,0,1,1,0,1,1,1,0,0,1,0,1,0,1,1,0,1,0,1,0,1,1
30.67,1.8,11.25,0.87,1.12,6.31,3.23,169.09,35.43,0.01,33.85,44,0.0,1,1,0,1,0,0,1,1,0,1,1,1,0,0,1,0,1,0,1,1,0,1,1,1,0,1,1
44.62,1.68,12.26,0.18,3.41,8.39,7.08,267.45,38.89,0.09,5.38,33,0.0,1,1,0,1,0,1,1,1,1,1,1,0,0,0,1,0,1,0,1,1,0,1,0,1,0,1,1
51.01,1.82,9.58,0.1,2.9,5.86,3.73,184.72,26.43,0.99,14.94,45,0.0,1,1,0,1,0,1,1,1,0,1,1,1,0,0,1,0,1,0,1,1,0,1,1,1,0,1,1
32.44,1.93,9.81,0.94,1.9,12.48,6.64,272.26,39.28,0.87,23.16,46,0.0,1,1,0,1,0,0,1,1,0,1,1,0,0,0,1,0,1,0,1,1,0,0,0,1,0,1,1
74.44,1.47,16.94,0.05,2.37,11.72,5.83,135.03,20.21,0.32,16.76,33,0.0,1,1,0,1,0,0,1,1,0,1,1,1,0,0,1,0,1,0,1,1,0,1,0,1,0,1,1
61.53,0.49,7.53,0.59,1.14,11.51,6.7,173.87,22.34,0.92,5.59,48,0.0,1,1,0,1,0,0,1,1,0,1,1,1,0,0,1,0,1,0,1,1,0,1,0,1,0,1,1
75.7,1.17,11.19,0.1,1.52,11.12,0.17,276.7,27.64,0.05,15.79,45,0.0,1,1,0,1,0,0,1,1,0,1,1,0,0,0,1,0,1,0,1,1,0,1,0,1,0,1,1
78.2,1.92,15.22,0.3,1.74,13.9,0.67,268.71,20.66,0.42,42.44,33,0.0,1,1,0,1,0,0,1,1,0,1,1,0,0,0,1,0,1,0,1,1,0,0,0,1,0,1,1
54.13,1.07,12.26,0.44,3.84,9.32,0.81,253.1,21.75,0.71,31.08,32,0.0,1,1,0,1,0,1,1,1,1,1,1,0,0,1,1,0,1,0,1,1,0,1,0,1,0,1,1
33.15,0.82,16.25,0.14,2.66,11.11,2.3,202.47,37.34,0.51,12.08,39,0.0,1,1,0,1,0,1,1,1,0,1,1,0,0,0,1,0,1,0,1,1,0,1,0,1,0,1,1
31.35,0.18,8.72,0.14,1.78,9.09,3.72,278.13,28.36,0.88,28.72,42,0.0,1,1,0,1,0,0,1,1,0,1,1,0,0,0,1,0,1,0,1,1,0,1,0,1,0,1,1
71.23,1.56,13.88,0.26,1.31,7.27,5.1,295.89,11.91,0.2,33.23,35,0.0,1,1,0,1,0,0,1,1,0,1,1,0,0,0,1,0,1,0,1,1,0,1,1,1,0,1,1
56.08,0.05,11.75,0.57,1.55,7.31,2.2,114.11,20.44,0.98,20.92,44,0.0,1,1,0,1,0,0,1,1,0,1,1,1,0,0,1,0,1,0,1,1,0,1,1,1,0,1,1
30.46,1.55,7.62,0.54,2.1,6.32,7.41,111.0,19.55,0.56,23.11,30,0.0,1,1,0,1,0,0,1,1,0,1,1,1,0,0,1,0,1,0,1,1,0,1,1,1,0,1,1
78.87,0.76,15.14,0.03,3.08,13.41,3.83,104.26,10.84,0.89,37.51,37,0.0,1,1,0,1,0,0,1,1,1,1,1,1,0,0,1,0,1,0,1,1,0,0,0,1,0,1,1
67.06,0.26,12.62,0.56,1.5,8.84,6.46,156.8,19.95,0.12,23.6,37,0.0,1,1,0,1,0,0,1,1,0,1,1,1,0,0,1,0,1,0,1,1,0,1,0,1,0,1,1
46.33,1.71,12.48,0.35,2.63,6.2,0.05,156.12,28.15,0.71,42.2,45,0.0,1,1,0,1,0,1,1,1,0,1,1,1,0,0,1,0,1,0,1,1,0,1,1,1,0,1,1
74.52,0.76,7.38,0.73,3.83,6.46,6.44,262.69,37.15,0.28,10.79,30,0.0,1,1,0,1,0,1,1,1,1,1,1,0,0,1,1,0,1,0,1,1,0,1,1,1,0,1,1
75.94,1.17,17.12,0.77,2.8,5.2,3.33,111.49,19.67,0.06,12.55,36,0.0,1,1,0,1,0,1,1,1,0,1,1,1,0,0,1,0,1,0,1,1,0,1,1,1,0,1,1
65.69,0.11,11.71,0.24,3.28,12.85,2.81,119.04,17.6,0.1,19.51,41,0.0,1,1,0,1,0,0,1,1,1,1,1,1,0,0,1,0,1,0,1,1,0,0,0,1,0,1,1
54.81,0.34,14.14,0.62,1.79,9.19,8.94,254.7,16.81,0.88,8.03,44,0.0,1,1,0,1,0,0,1,1,0,1,1,0,0,0,1,0,1,0,1,1,0,1,0,1,0,1,1
46.45,0.53,17.18,0.29,2.31,8.15,0.86,137.19,15.69,0.69,23.3,48,0.0,1,1,0,1,0,0,1,1,0,1,1,1,0,0,1,0,1,0,1,1,0,1,0,1,0,1,1
39.6,1.13,15.17,0.63,2.8,11.66,0.57,246.28,18.18,0.57,15.9,42,0.0,1,1,0,1,0,1,1,1,0,1,1,0,0,0,1,0,1,0,1,1,0,1,0,1,0,1,1
65.17,1.43,14.93,0.38,2.27,7.65,1.48,191.69,37.0,0.65,7.53,44,0.0,1,1,0,1,0,0,1,1,0,1,1,1,0,0,1,0,1,0,1,1,0,1,1,1,0,1,1
67.54,0.89,13.97,0.45,2.83,12.4,1.8,239.08,33.62,0.45,19.55,36,0.0,1,1,0,1,0,0,1,1,0,1,1,0,0,0,1,0,1,0,1,1,0,0,0,1,0,1,1
33.75,1.48,8.95,0.81,3.54,10.75,7.7,134.37,27.28,0.68,34.77,37,0.0,1,1,0,1,0,1,1,1,1,1,1,1,0,0,1,0,1,0,1,1,0,1,0,1,0,1,1
46.25,1.15,15.42,0.57,3.26,5.89,8.78,207.32,11.12,0.64,28.28,49,0.0,1,1,0,1,0,1,1,1,1,1,1,0,0,0,1,0,1,0,1,1,0,1,1,1,0,1,1
46.13,0.99,8.41,0.93,1.96,6.75,4.78,108.66,17.59,0.07,10.73,47,0.0,1,1,0,1,0,0,1,1,0,1,1,1,0,0,1,0,1,0,1,1,0,1,1,1,0,1,1
76.52,0.95,13.93,0.7,2.17,8.33,6.76,175.34,27.43,0.52,28.6,44,0.0,1,1,0,1,0,0,1,1,0,1,1,1,0,0,1,0,1,0,1,1,0,1,0,1,0,1,1
37.7,1.62,7.76,0.09,2.03,6.06,4.76,179.94,31.65,0.95,38.91,33,0.0,1,1,0,1,0,0,1,1,0,1,1,1,0,0,1,0,1,0,1,1,0,1,1,1,0,1,1
49.51,1.33,15.35,0.06,3.3,11.61,5.89,167.68,14.94,0.1,5.05,37,0.0,1,1,0,1,0,1,1,1,1,1,1,1,0,0,1,0,1,0,1,1,0,1,0,1,0,1,1
42.18,0.62,11.29,0.31,3.17,9.43,0.19,145.33,31.29,0.3,46.41,39,0.0,1,1,0,1,0,1,1,1,1,1,1,1,0,0,1,0,1,0,1,1,0,1,0,1,0,1,1
55.82,1.33,9.13,0.25,2.52,13.32,3.44,180.43,15.72,0.59,38.31,35,0.0,1,1,0,1,0,0,1,1,0,1,1,1,0,0,1,0,1,0,1,1,0,0,0,1,0,1,1
38.57,0.91,10.51,0.28,3.58,8.79,3.39,220.7,16.58,0.23,28.41,42,0.0,1,1,0,1,0,1,1,1,1,1,1,0,0,1,1,0,1,0,1,1,0,1,0,1,0,1,1
48.5,0.79,8.22,0.24,1.49,6.43,0.09,258.76,24.04,0.8,32.56,50,0.0,1,1,0,1,0,0,1,1,0,1,1,0,0,0,1,0,1,0,1,1,0,1,1,1,0,1,1
34.7,1.23,14.46,0.63,3.4,11.58,4.33,263.82,30.75,0.12,29.29,42,0.0,1,1,0,1,0,1,1,1,1,1,1,0,0,0,1,0,1,0,1,1,0,1,0,1,0,1,1
48.19,0.68,11.74,0.5,3.27,8.53,3.31,265.38,35.49,0.23,19.16,40,0.0,1,1,0,1,0,1,1,1,1,1,1,0,0,0,1,0,1,0,1,1,0,1,0,1,0,1,1
46.29,0.9,9.06,0.18,2.27,11.79,8.4,295.85,12.22,0.22,39.05,45,0.0,1,1,0,1,0,0,1,1,0,1,1,0,0,0,1,0,1,0,1,1,0,1,0,1,0,1,1
40.28,0.56,11.72,0.18,3.89,5.97,9.86,268.38,22.69,0.74,35.22,47,0.0,1,1,0,1,0,1,1,1,1,1,1,0,0,1,1,0,1,0,1,1,0,1,1,1,0,1,1
59.58,1.13,14.07,0.94,2.17,7.71,0.38,129.41,13.19,0.34,32.45,36,0.0,1,1,0,1,0,0,1,1,0,1,1,1,0,0,1,0,1,0,1,1,0,1,1,1,0,1,1
58.92,0.05,18.0,0.03,2.19,5.95,0.97,258.71,22.78,0.8,17.28,49,0.0,1,1,0,1,0,0,1,1,0,1,1,0,0,0,1,0,1,0,1,1,0,1,1,1,0,1,1
43.47,0.19,11.69,0.24,2.35,12.13,4.48,290.92,14.44,0.85,16.17,42,0.0,1,1,0,1,0,0,1,1,0,1,1,0,0,0,1,0,1,0,1,1,0,0,0,1,0,1,1
60.39,1.63,12.74,0.6,3.1,13.17,0.92,166.19,31.27,0.96,49.14,40,0.0,1,1,0,1,0,0,1,1,1,1,1,1,0,0,1,0,1,0,1,1,0,0,0,1,0,1,1
35.96,1.89,11.77,0.19,3.8,5.94,7.3,225.05,12.63,0.34,11.75,34,0.0,1,1,0,1,0,1,1,1,1,1,1,0,0,1,1,0,1,0,1,1,0,1,1,1,0,1,1
35.55,1.04,11.31,0.45,3.9,6.23,7.55,166.07,18.71,0.27,20.7,41,0.0,1,1,0,1,0,1,1,1,1,1,1,1,0,1,1,0,1,0,1,1,0,1,1,1,0,1,1
74.92,1.5,9.51,0.64,3.77,9.47,7.34,294.22,30.71,0.1,16.01,47,0.0,1,1,0,1,0,1,1,1,1,1,1,0,0,1,1,0,1,0,1,1,0,1,0,1,0,1,1
53.82,0.33,7.51,0.23,3.84,12.61,4.4,196.4,36.98,0.59,44.63,45,0.0,1,1,0,1,0,0,1,1,1,1,1,1,0,0,1,0,1,0,1,1,0,0,0,1,0,1,1
66.3,1.05,14.35,0.16,2.94,8.44,3.32,234.3,27.77,0.65,48.44,33,0.0,1,1,0,1,0,1,1,1,0,1,1,0,0,0,1,0,1,0,1,1,0,1,0,1,0,1,1
59.69,0.57,14.36,0.14,3.21,10.81,9.71,282.25,18.5,0.03,34.49,40,0.0,1,1,0,1,0,1,1,1,1,1,1,0,0,0,1,0,1,0,1,1,0,1,0,1,0,1,1
31.28,0.49,10.75,0.71,2.64,12.7,3.35,159.29,11.0,0.95,27.57,30,0.0,1,1,0,1,0,0,1,1,0,1,1,1,0,0,1,0,1,0,1,1,0,0,0,1,0,1,1
76.61,0.46,10.52,0.75,3.2,13.21,3.88,202.92,24.02,0.93,39.62,34,0.0,1,1,0,1,0,0,1,1,1,1,1,0,0,0,1,0,1,0,1,1,0,0,0,1,0,1,1
42.15,0.08,9.78,0.98,1.55,9.18,6.38,275.89,32.81,0.91,32.2,38,0.0,1,1,0,1,0,0,1,1,0,1,1,0,0,0,1,0,1,0,1,1,0,1,0,1,0,1,1
61.24,1.75,12.02,0.81,3.35,8.73,5.01,240.1,10.93,0.89,39.64,44,0.0,1,1,0,1,0,1,1,1,1,1,1,0,0,0,1,0,1,0,1,1,0,1,0,1,0,1,1
38.97,1.83,10.57,0.76,2.37,11.63,1.56,153.9,13.0,0.87,18.33,49,0.0,1,1,0,1,0,0,1,1,0,1,1,1,0,0,1,0,1,0,1,1,0,1,0,1,0,1,1
60.92,1.33,10.41,0.45,3.01,11.79,4.34,173.07,31.48,0.22,5.43,32,0.0,1,1,0,1,0,1,1,1,1,1,1,1,0,0,1,0,1,0,1,1,0,1,0,1,0,1,1
76.85,0.92,17.61,0.74,3.49,5.94,5.86,128.54,18.93,0.62,37.68,44,0.0,1,1,0,1,0,1,1,1,1,1,1,1,0,0,1,0,1,0,1,1,0,1,1,1,0,1,1
44.02,1.69,14.42,0.39,3.94,7.19,6.1,269.44,34.06,0.09,36.38,50,0.0,1,1,0,1,0,1,1,1,1,1,1,0,0,1,1,0,1,0,1,1,0,1,1,1,0,1,1
39.97,1.75,14.75,0.03,1.03,7.62,1.43,226.06,29.91,0.94,47.84,37,0.0,1,1,0,1,0,0,1,1,0,1,1,0,0,0,1,0,1,0,1,1,0,1,1,1,0,1,1
67.66,1.44,7.56,0.78,2.51,10.84,9.56,262.13,34.76,0.18,26.44,37,0.0,1,1,0,1,0,1,1,1,0,1,1,0,0,0,1,0,1,0,1,1,0,1,0,1,0,1,1
80.32,0.95,15.22,0.89,2.36,12.03,7.05,248.29,27.74,0.22,39.61,61,0.0,1,1,0,0,0,0,1,1,0,1,1,0,0,0,1,0,1,1,1,1,0,0,0,1,1,1,1
58.01,0.87,23.87,0.99,1.07,10.51,4.28,231.92,17.73,1.0,11.84,61,0.0,1,1,0,0,0,0,1,1,0,1,1,0,0,0,1,0,1,1,1,1,0,1,0,1,1,1,1
42.14,1.36,12.71,0.78,1.76,11.15,5.68,156.02,23.19,0.66,29.68,74,0.0,1,1,0,0,0,0,1,1,0,1,1,1,0,0,1,0,1,1,1,1,0,1,0,1,1,1,1
43.12,1.58,18.94,0.43,1.34,16.18,0.85,223.32,14.83,0.72,26.26,68,0.0,1,1,0,0,0,0,1,1,0,1,1,0,0,0,1,0,0,1,0,0,0,0,0,1,1,0,0
55.17,0.25,22.54,0.23,1.04,15.02,3.1,163.72,18.91,0.67,26.58,74,0.0,1,1,0,0,0,0,1,1,0,1,1,1,0,0,1,0,0,1,0,0,0,0,0,1,1,0,0
81.93,1.21,21.88,0.36,2.68,17.41,2.24,147.97,27.23,0.63,18.95,62,0.0,1,1,0,0,0,0,1,1,0,1,1,1,0,0,1,0,0,1,0,0,0,0,0,1,1,0,0
51.06,0.94,22.84,0.57,2.84,10.48,2.8,111.42,13.89,0.12,30.64,74,0.0,1,1,0,0,0,0,1,1,0,1,1,1,0,0,1,0,1,1,1,1,0,1,0,1,1,1,1
41.4,1.31,27.53,0.18,1.88,18.42,6.33,213.21,16.54,0.73,27.86,62,0.0,1,1,0,0,0,0,1,1,0,1,1,0,0,0,1,0,0,1,0,0,0,0,0,1,1,0,0
60.95,0.48,22.75,0.38,2.26,19.35,7.61,175.06,21.36,0.45,35.48,75,0.0,1,1,0,0,0,0,1,1,0,1,1,1,0,0,1,0,0,1,0,0,0,0,0,1,1,0,0
45.5,0.34,17.87,0.56,2.31,13.98,6.67,287.55,23.04,0.16,25.29,60,0.0,1,1,0,0,0,0,1,1,0,1,1,0,0,0,1,0,1,1,1,1,0,0,0,1,1,1,1
79.25,0.36,25.59,0.27,2.7,15.12,5.96,257.91,10.81,0.82,9.85,74,0.0,1,1,0,0,0,0,1,1,0,1,1,0,0,0,1,0,0,1,0,0,0,0,0,1,1,0,0
82.18,1.3,13.46,0.58,1.29,13.03,4.59,121.87,29.87,0.17,32.35,72,0.0,1,1,0,0,0,0,1,1,0,1,1,1,0,0,1,0,1,1,1,1,0,0,0,1,1,1,1
40.0,1.1,27.6,0.31,2.19,19.15,6.09,183.7,13.05,0.46,15.32,74,0.0,1,1,0,0,0,0,1,1,0,1,1,1,0,0,1,0,0,1,0,0,0,0,0,1,1,0,0
90.99,0.39,18.68,0.56,1.25,17.05,2.91,145.91,12.84,0.35,37.51,60,0.0,1,1,0,0,0,0,1,1,0,1,1,1,0,0,1,0,0,1,0,0,0,0,0,1,1,0,0
50.81,1.79,27.85,0.38,2.26,19.35,3.93,132.36,18.68,0.77,32.33,60,0.0,1,1,0,0,0,0,1,1,0,1,1,1,0,0,1,0,0,1,0,0,0,0,0,1,1,0,0
95.23,0.09,23.76,0.05,2.68,20.86,2.97,114.79,19.61,0.3,19.6,68,0.0,1,1,0,0,0,0,1,1,0,1,1,1,0,0,1,0,0,1,0,0,0,0,0,1,1,0,0
61.42,1.57,22.3,0.33,2.33,19.18,5.92,147.9,10.0,0.8,33.79,63,0.0,1,1,0,0,0,0,1,1,0,1,1,1,0,0,1,0,0,1,0,0,0,0,0,1,1,0,0
76.98,1.61,14.23,0.6,2.38,18.96,1.48,265.02,11.88,0.52,20.52,59,0.0,1,1,0,0,0,0,1,1,0,1,1,0,0,0,1,0,0,1,0,0,0,0,0,1,1,0,0
47.82,0.47,21.9,0.02,2.27,17.98,2.39,219.63,20.68,0.26,21.2,56,0.0,1,1,0,0,0,0,1,1,0,1,1,0,0,0,1,0,0,1,0,0,0,0,0,1,1,0,0
97.11,0.83,26.13,0.45,2.73,11.57,6.37,235.74,23.12,0.45,28.94,56,0.0,1,1,0,0,0,0,1,1,0,1,1,0,0,0,1,0,1,1,1,1,0,1,0,1,1,1,1
75.12,0.68,18.29,0.86,2.77,19.93,8.65,213.95,22.92,0.56,32.5,63,0.0,1,1,0,0,0,0,1,1,0,1,1,0,0,0,1,0,0,1,0,0,0,0,0,1,1,0,0
88.91,0.8,20.94,0.18,2.84,18.42,8.59,141.57,11.35,0.34,23.08,71,0.0,1,1,0,0,0,0,1,1,0,1,1,1,0,0,1,0,0,1,0,0,0,0,0,1,1,0,0
56.2,0.75,23.26,0.34,2.96,12.1,7.53,217.83,14.66,0.75,20.66,72,0.0,1,1,0,0,0,0,1,1,0,1,1,0,0,0,1,0,1,1,1,1,0,0,0,1,1,1,1
87.85,0.46,14.49,0.62,1.15,10.54,1.07,100.05,23.94,0.56,12.35,58,0.0,1,1,0,0,0,0,1,1,0,1,1,1,0,0,1,0,1,1,1,1,0,1,0,1,1,1,1
85.96,1.63,12.5,0.01,1.71,11.83,8.05,206.57,26.51,0.18,26.95,73,0.0,1,1,0,0,0,0,1,1,0,1,1,0,0,0,1,0,1,1,1,1,0,1,0,1,1,1,1
51.95,0.7,24.2,0.21,2.18,18.4,6.54,241.28,24.13,0.96,17.13,69,0.0,1,1,0,0,0,0,1,1,0,1,1,0,0,0,1,0,0,1,0,0,0,0,0,1,1,0,0
70.84,1.94,21.02,0.79,2.48,17.93,0.14,115.49,21.63,0.91,26.04,57,0.0,1,1,0,0,0,0,1,1,0,1,1,1,0,0,1,0,0,1,0,0,0,0,0,1,1,0,0
59.72,0.96,25.87,0.25,1.2,20.38,0.26,282.2,16.11,0.51,9.63,57,0.0,1,1,0,0,0,0,1,1,0,1,1,0,0,0,1,0,0,1,0,0,0,0,0,1,1,0,0
95.45,1.37,14.96,0.31,1.97,17.29,9.26,176.79,24.06,0.96,10.33,57,0.0,1,1,0,0,0,0,1,1,0,1,1,1,0,0,1,0,0,1,0,0,0,0,0,1,1,0,0
95.44,1.41,26.5,0.96,2.59,14.89,4.83,286.25,23.4,0.82,9.06,63,0.0,1,1,0,0,0,0,1,1,0,1,1,0,0,0,1,0,1,1,1,1,0,0,0,1,1,1,1
80.18,0.21,19.82,0.44,1.43,13.6,9.67,157.73,14.27,0.54,28.48,67,0.0,1,1,0,0,0,0,1,1,0,1,1,1,0,0,1,0,1,1,1,1,0,0,0,1,1,1,1
58.92,0.07,16.47,0.36,1.07,20.59,8.48,150.3,26.05,0.8,16.73,55,0.0,1,1,0,0,0,0,1,1,0,1,1,1,0,0,1,0,0,1,0,0,0,0,0,1,1,0,0
44.22,1.01,19.01,0.14,1.98,21.39,7.31,247.77,25.15,0.74,5.7,71,0.0,1,1,0,0,0,0,1,1,0,1,1,0,0,0,1,0,0,1,0,0,0,0,0,1,1,0,0
63.16,1.25,12.46,0.44,2.2,21.61,8.77,156.15,20.14,0.06,13.43,74,0.0,1,1,0,0,0,0,1,1,0,1,1,1,0,0,1,0,0,1,0,0,0,0,0,1,1,0,0
55.46,1.89,25.18,0.78,2.73,19.0,1.21,203.31,18.88,0.31,34.19,61,0.0,1,1,0,0,0,0,1,1,0,1,1,0,0,0,1,0,0,1,0,0,0,0,0,1,1,0,0
43.48,1.85,27.71,0.57,2.78,12.78,1.11,199.96,26.22,0.65,27.31,62,0.0,1,1,0,0,0,0,1,1,0,1,1,1,0,0,1,0,1,1,1,1,0,0,0,1,1,1,1
80.16,1.87,18.47,0.86,2.82,20.85,8.31,181.32,13.18,0.33,31.86,60,0.0,1,1,0,0,0,0,1,1,0,1,1,1,0,0,1,0,0,1,0,0,0,0,0,1,1,0,0
73.92,1.21,26.97,0.66,2.57,16.98,8.34,152.73,14.2,0.93,29.27,59,0.0,1,1,0,0,0,0,1,1,0,1,1,1,0,0,1,0,0,1,0,0,0,0,0,1,1,0,0
54.04,0.57,21.48,0.49,2.68,18.38,6.67,130.93,11.1,0.51,7.51,58,0.0,1,1,0,0,0,0,1,1,0,1,1,1,0,0,1,0,0,1,0,0,0,0,0,1,1,0,0
44.19,0.27,21.27,0.4,2.6,16.52,8.82,294.47,12.95,0.39,28.27,73,0.0,1,1,0,0,0,0,1,1,0,1,1,0,0,0,1,0,0,1,0,0,0,0,0,1,1,0,0
87.62,1.39,12.62,0.52,1.33,21.64,2.56,184.02,13.93,0.13,26.03,63,0.0,1,1,0,0,0,0,1,1,0,1,1,1,0,0,1,0,0,1,0,0,0,0,0,1,1,0,0
57.06,0.16,25.22,1.0,2.16,10.71,7.8,114.75,20.8,0.28,37.03,63,0.0,1,1,0,0,0,0,1,1,0,1,1,1,0,0,1,0,1,1,1,1,0,1,0,1,1,1,1
59.44,1.5,26.6,0.59,1.44,12.64,6.04,181.35,13.55,0.79,12.01,64,0.0,1,1,0,0,0,0,1,1,0,1,1,1,0,0,1,0,1,1,1,1,0,0,0,1,1,1,1
82.08,0.55,15.73,0.3,2.75,16.22,1.58,254.9,14.17,0.41,24.88,65,0.0,1,1,0,0,0,0,1,1,0,1,1,0,0,0,1,0,0,1,0,0,0,0,0,1,1,0,0
90.2,1.31,17.31,0.52,2.93,12.6,5.0,224.9,12.76,0.04,5.47,65,0.0,1,1,0,0,0,0,1,1,0,1,1,0,0,0,1,0,1,1,1,1,0,0,0,1,1,1,1
91.45,1.73,12.41,0.67,2.2,11.0,9.3,189.07,23.49,0.88,9.55,70,0.0,1,1,0,0,0,0,1,1,0,1,1,1,0,0,1,0,1,1,1,1,0,1,0,1,1,1,1
40.01,1.8,13.31,0.96,1.26,17.26,9.99,127.69,18.48,0.78,6.13,67,0.0,1,1,0,0,0,0,1,1,0,1,1,1,0,0,1,0,0,1,0,0,0,0,0,1,1,0,0
88.21,0.24,25.39,0.39,2.06,15.21,4.76,157.09,13.4,0.1,20.8,69,0.0,1,1,0,0,0,0,1,1,0,1,1,1,0,0,1,0,0,1,0,0,0,0,0,1,1,0,0
48.02,0.22,26.12,0.67,2.85,17.73,8.44,211.06,19.25,0.53,16.21,68,0.0,1,1,0,0,0,0,1,1,0,1,1,0,0,0,1,0,0,1,0,0,0,0,0,1,1,0,0
86.94,0.92,27.26,0.99,1.99,20.38,0.05,113.33,10.45,0.77,7.79,73,0.0,1,1,0,0,0,0,1,1,0,1,1,1,0,0,1,0,0,1,0,0,0,0,0,1,1,0,0
89.46,1.97,23.59,0.28,2.4,18.47,7.0,270.85,11.75,0.11,27.42,69,0.0,1,1,0,0,0,0,1,1,0,1,1,0,0,0,1,0,0,1,0,0,0,0,0,1,1,0,0
83.82,0.83,15.24,0.65,2.33,15.52,2.7,266.36,15.51,0.66,18.44,71,0.0,1,1,0,0,0,0,1,1,0,1,1,0,0,0,1,0,0,1,0,0,0,0,0,1,1,0,0
95.18,1.33,16.99,0.79,1.98,11.71,8.85,167.73,23.98,0.29,22.5,74,0.0,1,1,0,0,0,0,1,1,0,1,1,1,0,0,1,0,1,1,1,1,0,1,0,1,1,1,1
54.34,1.91,22.17,0.6,2.99,17.35,6.46,108.95,27.18,0.97,38.61,68,0.0,1,1,0,0,0,0,1,1,0,1,1,1,0,0,1,0,0,1,0,0,0,0,0,1,1,0,0
51.28,0.97,26.74,0.62,2.44,14.04,1.88,151.13,20.66,0.28,23.97,63,0.0,1,1,0,0,0,0,1,1,0,1,1,1,0,0,1,0,1,1,1,1,0,0,0,1,1,1,1
97.13,0.87,20.83,0.75,2.45,17.0,8.61,224.84,27.5,0.3,9.62,60,0.0,1,1,0,0,0,0,1,1,0,1,1,0,0,0,1,0,0,1,0,0,0,0,0,1,1,0,0
83.54,0.57,21.42,0.14,1.81,10.4,2.17,114.97,17.76,0.84,18.23,75,0.0,1,1,0,0,0,0,1,1,0,1,1,1,0,0,1,0,1,1,1,1,0,1,0,1,1,1,1
70.57,0.47,26.75,0.05,2.38,17.45,4.41,148.06,18.61,0.87,34.29,58,0.0,1,1,0,0,0,0,1,1,0,1,1,1,0,0,1,0,0,1,0,0,0,0,0,1,1,0,0
93.22,1.27,22.63,0.91,2.5,20.39,4.16,273.07,22.92,0.14,6.35,67,0.0,1,1,0,0,0,0,1,1,0,1,1,0,0,0,1,0,0,1,0,0,0,0,0,1,1,0,0
90.25,1.48,27.29,0.56,2.5,13.3,6.8,241.23,26.97,0.54,27.72,59,0.0,1,1,0,0,0,0,1,1,0,1,1,0,0,0,1,0,1,1,1,1,0,0,0,1,1,1,1
75.62,0.23,17.01,0.48,2.35,13.84,8.4,174.36,10.86,0.79,27.55,58,0.0,1,1,0,0,0,0,1,1,0,1,1,1,0,0,1,0,1,1,1,1,0,0,0,1,1,1,1
43.54,0.67,25.55,0.77,2.29,20.45,7.09,203.88,29.59,0.69,26.05,64,0.0,1,1,0,0,0,0,1,1,0,1,1,0,0,0,1,0,0,1,0,0,0,0,0,1,1,0,0
56.69,1.92,27.81,0.93,2.89,17.39,6.92,118.85,25.26,0.2,34.41,69,0.0,1,1,0,0,0,0,1,1,0,1,1,1,0,0,1,0,0,1,0,0,0,0,0,1,1,0,0
91.88,0.64,13.51,0.3,2.43,17.89,1.88,122.36,23.22,0.68,17.82,58,0.0,1,1,0,0,0,0,1,1,0,1,1,1,0,0,1,0,0,1,0,0,0,0,0,1,1,0,0
98.31,1.33,26.75,0.13,2.95,10.4,5.27,158.2,26.28,0.22,5.4,62,0.0,1,1,0,0,0,0,1,1,0,1,1,1,0,0,1,0,1,1,1,1,0,1,0,1,1,1,1
87.61,1.09,21.29,0.8,2.06,17.33,5.16,276.09,14.71,0.26,9.48,68,0.0,1,1,0,0,0,0,1,1,0,1,1,0,0,0,1,0,0,1,0,0,0,0,0,1,1,0,0
62.88,0.66,14.93,0.15,1.68,10.5,4.37,220.31,28.83,0.63,26.84,71,0.0,1,1,0,0,0,0,1,1,0,1,1,0,0,0,1,0,1,1,1,1,0,1,0,1,1,1,1
66.82,1.2,23.58,0.83,1.51,12.89,5.65,213.2,14.36,0.59,17.11,72,0.0,1,1,0,0,0,0,1,1,0,1,1,0,0,0,1,0,1,1,1,1,0,0,0,1,1,1,1
78.69,0.27,27.26,0.59,2.25,15.21,3.42,142.54,22.08,0.95,17.59,73,0.0,1,1,0,0,0,0,1,1,0,1,1,1,0,0,1,0,0,1,0,0,0,0,0,1,1,0,0
81.43,1.29,23.52,0.6,1.32,10.74,8.17,143.16,20.85,0.49,37.24,60,0.0,1,1,0,0,0,0,1,1,0,1,1,1,0,0,1,0,1,1,1,1,0,1,0,1,1,1,1
97.52,1.22,12.08,0.56,1.73,10.39,4.32,254.71,20.08,0.64,27.39,74,0.0,1,1,0,0,0,0,1,1,0,1,1,0,0,0,1,0,1,1,1,1,0,1,0,1,1,1,1
62.87,0.52,20.3,0.62,1.84,20.52,5.23,107.16,14.46,0.45,29.42,66,0.0,1,1,0,0,0,0,1,1,0,1,1,1,0,0,1,0,0,1,0,0,0,0,0,1,1,0,0
70.12,1.3,21.12,0.07,1.32,21.57,2.56,176.89,20.18,0.98,29.15,60,0.0,1,1,0,0,0,0,1,1,0,1,1,1,0,0,1,0,0,1,0,0,0,0,0,1,1,0,0
91.86,1.99,14.92,0.3,2.27,18.8,5.35,114.79,26.83,0.96,19.19,62,0.0,1,1,0,0,0,0,1,1,0,1,1,1,0,0,1,0,0,1,0,0,0,0,0,1,1,0,0
68.86,1.49,19.72,0.31,1.19,21.14,8.72,258.27,23.88,0.52,36.41,67,0.0,1,1,0,0,0,0,1,1,0,1,1,0,0,0,1,0,0,1,0,0,0,0,0,1,1,0,0
52.78,0.37,17.74,0.04,1.57,17.83,6.48,114.71,15.75,0.57,16.15,57,0.0,1,1,0,0,0,0,1,1,0,1,1,1,0,0,1,0,0,1,0,0,0,0,0,1,1,0,0
58.84,1.59,20.34,0.09,2.17,20.95,1.57,164.26,18.78,0.28,38.03,73,0.0,1,1,0,0,0,0,1,1,0,1,1,1,0,0,1,0,0,1,0,0,0,0,0,1,1,0,0
53.44,0.44,14.81,0.43,2.07,10.13,8.33,202.55,13.14,0.07,7.21,69,0.0,1,1,0,0,0,0,1,1,0,1,1,0,0,0,1,0,1,1,1,1,0,1,0,1,1,1,1
43.49,0.12,17.93,0.19,2.87,16.98,2.87,240.96,17.5,0.13,13.3,75,0.0,1,1,0,0,0,0,1,1,0,1,1,0,0,0,1,0,0,1,0,0,0,0,0,1,1,0,0
45.06,0.81,15.93,0.58,2.4,13.73,6.85,168.63,22.7,0.63,14.74,72,0.0,1,1,0,0,0,0,1,1,0,1,1,1,0,0,1,0,1,1,1,1,0,0,0,1,1,1,1
65.08,0.41,14.39,0.51,2.86,14.7,0.43,241.23,15.82,0.25,16.35,67,0.0,1,1,0,0,0,0,1,1,0,1,1,0,0,0,1,0,1,1,1,1,0,0,0,1,1,1,1
84.89,0.59,22.44,0.04,1.59,12.81,2.77,138.14,22.36,0.66,10.2,72,0.0,1,1,0,0,0,0,1,1,0,1,1,1,0,0,1,0,1,1,1,1,0,0,0,1,1,1,1
83.21,0.97,14.99,0.7,2.09,10.36,6.47,227.0,12.88,0.35,25.51,69,0.0,1,1,0,0,0,0,1,1,0,1,1,0,0,0,1,0,1,1,1,1,0,1,0,1,1,1,1
63.13,1.37,15.05,0.99,2.18,19.77,4.07,251.72,17.75,0.59,32.23,57,0.0,1,1,0,0,0,0,1,1,0,1,1,0,0,0,1,0,0,1,0,0,0,0,0,1,1,0,0
72.7,0.67,16.95,0.28,1.46,20.19,9.24,240.03,10.6,0.79,23.62,66,0.0,1,1,0,0,0,0,1,1,0,1,1,0,0,0,1,0,0,1,0,0,0,0,0,1,1,0,0
89.43,0.16,15.32,0.15,2.66,20.35,5.28,120.84,12.71,0.81,37.52,58,0.0,1,1,0,0,0,0,1,1,0,1,1,1,0,0,1,0,0,1,0,0,0,0,0,1,1,0,0
52.57,0.01,24.54,0.08,1.9,15.01,1.81,293.37,22.07,0.81,22.36,66,0.0,1,1,0,0,0,0,1,1,0,1,1,0,0,0,1,0,0,1,0,0,0,0,0,1,1,0,0
40.07,0.13,21.97,0.51,1.87,19.93,5.04,176.9,13.23,0.82,25.17,73,0.0,1,1,0,0,0,0,1,1,0,1,1,1,0,0,1,0,0,1,0,0,0,0,0,1,1,0,0
80.92,1.4,19.37,0.43,1.37,14.61,9.91,153.97,25.25,0.06,21.36,67,0.0,1,1,0,0,0,0,1,1,0,1,1,1,0,0,1,0,1,1,1,1,0,0,0,1,1,1,1
41.65,1.23,21.38,0.8,2.17,21.11,7.83,126.53,15.31,0.03,18.51,66,0.0,1,1,0,0,0,0,1,1,0,1,1,1,0,0,1,0,0,1,0,0,0,0,0,1,1,0,0
71.34,1.56,16.29,0.15,2.62,12.97,8.71,133.97,27.03,0.77,26.39,59,0.0,1,1,0,0,0,0,1,1,0,1,1,1,0,0,1,0,1,1,1,1,0,0,0,1,1,1,1
49.96,0.31,16.33,0.45,2.75,11.07,9.15,285.1,24.54,0.9,31.95,60,0.0,1,1,0,0,0,0,1,1,0,1,1,0,0,0,1,0,1,1,1,1,0,1,0,1,1,1,1
94.41,1.74,23.5,0.02,1.68,18.19,1.29,260.22,28.29,0.35,29.7,63,0.0,1,1,0,0,0,0,1,1,0,1,1,0,0,0,1,0,0,1,0,0,0,0,0,1,1,0,0
41.29,0.3,23.36,0.71,2.28,15.73,6.75,254.76,29.33,0.89,32.81,66,0.0,1,1,0,0,0,0,1,1,0,1,1,0,0,0,1,0,0,1,0,0,0,0,0,1,1,0,0
47.24,0.33,25.12,0.8,2.23,15.27,0.26,165.44,18.41,0.49,37.53,62,0.0,1,1,0,0,0,0,1,1,0,1,1,1,0,0,1,0,0,1,0,0,0,0,0,1,1,0,0
46.43,1.56,12.93,0.11,1.87,14.55,9.9,293.37,13.79,0.95,29.23,59,0.0,1,1,0,0,0,0,1,1,0,1,1,0,0,0,1,0,1,1,1,1,0,0,0,1,1,1,1
56.39,0.59,13.11,0.29,1.19,15.99,7.08,250.24,11.19,0.34,15.09,62,0.0,1,1,0,0,0,0,1,1,0,1,1,0,0,0,1,0,0,1,0,0,0,0,0,1,1,0,0
57.96,1.27,26.13,0.45,2.49,11.75,8.95,130.52,13.84,0.11,15.84,66,0.0,1,1,0,0,0,0,1,1,0,1,1,1,0,0,1,0,1,1,1,1,0,1,0,1,1,1,1
87.6,0.76,21.21,0.62,2.65,18.84,5.69,233.84,24.92,0.13,12.02,73,0.0,1,1,0,0,0,0,1,1,0,1,1,0,0,0,1,0,0,1,0,0,0,0,0,1,1,0,0
85.79,1.48,24.34,0.04,2.79,20.67,5.32,149.72,21.84,0.56,12.8,62,0.0,1,1,0,0,0,0,1,1,0,1,1,1,0,0,1,0,0,1,0,0,0,0,0,1,1,0,0
443.24,13.94,22.55,24.64,0.51,8.51,1061.23,205.84,77.37,1.12,4.54,50,13.99,0,1,0,0,0,0,0,0,0,0,1,0,0,0,1,0,1,1,0,0,0,0,0,0,0,0,0
369.8,13.12,24.35,10.72,0.24,14.78,763.29,207.88,138.31,2.86,1.07,73,8.86,0,1,0,0,0,0,0,0,0,0,1,0,0,0,1,1,1,1,0,0,0,0,0,0,0,0,0
415.98,13.69,54.64,19.13,1.62,16.34,935.1,180.66,88.11,2.26,3.62,79,11.79,0,1,0,0,0,0,0,0,0,0,1,0,0,0,1,0,0,1,0,0,0,0,0,0,0,0,0
476.54,5.57,48.96,27.92,0.79,11.28,1447.24,194.14,75.68,3.38,1.52,59,7.26,0,1,0,0,0,0,0,0,0,0,1,0,0,0,1,1,1,1,0,0,0,0,0,0,0,0,0
385.33,5.81,46.39,12.94,1.18,18.94,1345.72,210.09,125.86,3.74,2.99,61,5.01,0,1,0,0,0,0,0,0,0,0,1,0,0,0,1,1,0,1,0,0,0,0,0,0,0,0,0
444.42,5.66,52.71,15.26,0.34,7.96,606.0,167.13,92.66,3.74,1.91,55,6.75,0,1,0,0,0,0,0,0,0,0,1,0,0,0,1,1,1,1,0,0,0,0,0,0,0,0,0
400.85,11.37,52.34,27.4,0.58,14.1,1222.0,237.48,70.46,2.33,4.5,52,14.74,0,1,0,0,0,0,0,0,0,0,1,0,0,0,1,0,1,1,0,0,0,0,0,0,0,0,0
284.35,12.61,20.77,22.95,1.49,14.55,578.32,192.51,137.7,3.79,3.73,58,7.06,0,1,0,0,0,0,0,0,0,0,1,0,0,0,1,1,1,1,0,0,0,0,0,0,0,0,0
389.9,10.28,36.83,28.78,0.05,19.24,850.82,207.07,111.03,1.03,1.43,63,5.46,0,1,0,0,0,0,0,0,0,0,1,0,0,0,1,0,0,1,0,0,0,0,0,0,0,0,0
469.68,8.32,48.51,9.75,1.58,14.8,405.95,133.94,53.25,3.26,2.39,55,6.2,0,1,0,0,0,0,0,0,0,0,1,0,0,0,1,1,1,1,0,0,0,0,0,0,1,0,0
236.79,9.55,27.92,26.07,0.09,6.97,973.1,188.34,117.59,1.78,4.21,79,5.97,0,1,0,0,0,0,0,0,0,0,1,0,0,0,1,0,1,1,0,0,0,0,0,0,0,0,0
353.36,13.55,44.2,26.89,0.66,19.24,1118.35,185.74,93.39,2.65,4.25,53,12.21,0,1,0,0,0,0,0,0,0,0,1,0,0,0,1,1,0,1,0,0,0,0,0,0,0,0,0
233.24,13.74,49.41,22.93,0.13,9.17,1345.3,118.3,48.71,2.63,1.37,66,13.58,0,1,0,0,0,0,0,0,0,0,1,0,0,0,1,1,1,1,0,0,0,0,0,0,0,0,0
372.36,3.24,54.73,18.83,0.95,17.42,408.69,185.37,105.54,1.89,3.63,60,13.02,0,1,0,0,0,0,0,0,0,0,1,0,0,0,1,0,0,1,0,0,0,0,0,0,0,0,0
297.92,11.17,53.17,20.43,0.79,10.37,1427.45,202.31,109.83,2.28,4.23,71,8.2,0,1,0,0,0,0,0,0,0,0,1,0,0,0,1,0,1,1,0,0,0,0,0,0,0,0,0
303.82,9.07,26.51,23.01,0.11,12.23,596.94,209.49,136.04,1.24,3.93,53,4.37,0,1,0,0,0,0,0,0,0,0,1,0,0,0,1,0,1,1,0,0,0,0,0,0,0,0,0
384.08,5.84,23.69,9.1,0.05,13.62,869.4,127.83,124.08,1.39,4.58,57,11.71,0,1,0,0,0,0,0,0,0,0,1,0,0,0,1,0,1,1,0,0,0,0,0,0,1,0,0
276.92,14.44,27.48,24.09,0.23,17.98,1235.47,228.95,118.12,3.77,2.6,50,8.49,0,1,0,0,0,0,0,0,0,0,1,0,0,0,1,1,0,1,0,0,0,0,0,0,0,0,0
440.83,6.35,29.68,26.35,0.3,17.33,1450.51,226.2,37.42,1.96,0.71,54,11.3,0,1,0,0,0,0,0,0,0,0,1,0,0,0,1,0,0,1,0,0,0,0,0,0,0,0,0
487.73,6.75,28.42,27.54,1.71,11.56,475.69,248.8,111.68,3.78,1.71,76,7.3,0,1,0,0,0,0,0,0,0,0,1,0,0,0,1,1,1,1,0,0,0,0,0,0,0,0,0
434.19,10.34,37.98,21.02,0.19,14.55,1491.27,113.27,92.31,1.89,2.7,75,5.32,0,1,0,0,0,0,0,0,0,0,1,0,0,0,1,0,1,1,0,0,0,0,0,0,0,0,0
310.15,14.35,37.2,20.24,1.76,22.7,980.71,117.06,62.46,2.37,3.76,78,6.16,0,1,0,0,0,0,0,0,0,0,1,0,0,0,1,0,0,1,0,0,0,0,0,0,0,0,0
232.65,4.43,30.86,8.83,1.02,9.27,971.24,121.11,81.58,2.79,0.31,55,6.28,0,1,0,0,0,0,0,0,0,0,1,0,0,0,1,1,1,1,0,0,0,0,0,0,1,0,0
475.73,8.66,20.36,11.56,0.2,5.88,1185.42,128.85,130.63,1.79,0.16,79,3.22,0,1,0,0,0,0,0,0,0,0,1,0,0,0,1,0,1,1,0,0,0,0,0,0,0,0,0
492.47,4.4,47.06,16.1,1.73,6.48,812.19,150.32,149.18,3.96,0.95,66,12.73,0,1,0,0,0,0,0,0,0,0,1,0,0,0,1,1,1,1,0,0,0,0,0,0,0,0,0
452.1,6.09,53.52,17.17,0.28,16.83,1496.28,234.89,63.43,2.73,0.58,72,6.25,0,1,0,0,0,0,0,0,0,0,1,0,0,0,1,1,0,1,0,0,0,0,0,0,0,0,0
221.09,13.68,26.96,24.65,0.7,14.49,720.39,204.47,131.35,1.86,1.21,77,4.58,0,1,0,0,0,0,0,0,0,0,1,0,0,0,1,0,1,1,0,0,0,0,0,0,0,0,0
320.49,10.49,31.06,22.48,0.76,12.02,518.87,105.89,130.23,2.47,2.81,66,14.45,0,1,0,0,0,0,0,0,0,0,1,0,0,0,1,0,1,1,0,0,0,0,0,0,0,0,0
399.67,4.23,48.8,15.1,1.19,10.54,1206.75,208.45,96.25,1.72,1.27,56,11.21,0,1,0,0,0,0,0,0,0,0,1,0,0,0,1,0,1,1,0,0,0,0,0,0,0,0,0
392.09,11.05,45.41,25.8,0.81,19.92,510.22,231.43,64.81,2.21,4.02,76,2.23,0,1,0,0,0,0,0,0,0,0,1,0,0,0,1,0,0,1,0,0,0,0,0,0,0,0,0
378.51,10.06,33.25,24.49,0.86,18.54,968.83,137.27,102.78,3.21,4.87,56,5.02,0,1,0,0,0,0,0,0,0,0,1,0,0,0,1,1,0,1,0,0,0,0,0,0,0,0,0
339.05,10.7,38.88,11.5,1.18,22.73,860.37,200.34,103.91,2.13,2.83,61,9.65,0,1,0,0,0,0,0,0,0,0,1,0,0,0,1,0,0,1,0,0,0,0,0,0,0,0,0
351.91,11.34,30.68,16.85,0.04,17.2,865.46,237.96,107.01,2.2,1.32,72,4.46,0,1,0,0,0,0,0,0,0,0,1,0,0,0,1,0,0,1,0,0,0,0,0,0,0,0,0
288.14,10.31,48.4,13.15,0.82,13.17,1250.23,136.14,146.25,2.53,1.41,56,9.83,0,1,0,0,0,0,0,0,0,0,1,0,0,0,1,1,1,1,0,0,0,0,0,0,0,0,0
391.35,14.45,28.07,8.13,1.2,15.16,925.42,109.28,84.53,1.86,1.37,60,7.73,0,1,0,0,0,0,0,0,0,0,1,0,0,0,1,0,0,1,0,0,0,0,0,0,1,0,0
482.55,3.33,25.77,25.11,0.26,10.43,900.32,241.47,52.02,3.77,3.59,71,4.77,0,1,0,0,0,0,0,0,0,0,1,0,0,0,1,1,1,1,0,0,0,0,0,0,0,0,0
406.81,5.47,31.88,13.01,0.49,5.09,1368.78,144.4,40.36,1.26,2.78,58,6.9,0,1,0,0,0,0,0,0,0,0,1,0,0,0,1,0,1,1,0,0,0,0,0,0,0,0,0
219.79,4.18,20.04,8.04,1.87,23.54,1134.31,209.0,91.59,1.71,4.57,75,12.84,0,1,0,0,0,0,0,0,0,0,1,0,0,0,1,0,0,1,0,0,0,0,0,0,1,0,0
233.47,14.69,44.27,14.0,0.91,10.94,565.02,143.68,99.61,3.48,1.82,79,6.42,0,1,0,0,0,0,0,0,0,0,1,0,0,0,1,1,1,1,0,0,0,0,0,0,0,0,0
440.46,5.36,22.5,9.01,0.08,14.78,680.84,203.56,108.47,2.63,1.76,60,14.55,0,1,0,0,0,0,0,0,0,0,1,0,0,0,1,1,1,1,0,0,0,0,0,0,1,0,0
230.98,8.52,34.67,21.2,1.62,21.83,1137.21,196.23,143.88,2.15,4.16,65,9.72,0,1,0,0,0,0,0,0,0,0,1,0,0,0,1,0,0,1,0,0,0,0,0,0,0,0,0
376.43,9.95,40.06,14.87,0.87,16.87,1138.4,137.97,114.18,3.77,3.79,53,7.43,0,1,0,0,0,0,0,0,0,0,1,0,0,0,1,1,0,1,0,0,0,0,0,0,0,0,0
321.71,4.04,20.12,27.77,0.44,13.52,1469.12,224.01,42.95,2.53,3.65,66,13.1,0,1,0,0,0,0,0,0,0,0,1,0,0,0,1,1,1,1,0,0,0,0,0,0,0,0,0
439.11,8.31,50.72,13.12,1.17,7.86,1316.74,119.59,33.82,1.82,4.5,75,7.33,0,1,0,0,0,0,0,0,0,0,1,0,0,0,1,0,1,1,0,0,0,0,0,0,0,0,0
254.44,8.61,39.91,17.96,1.84,10.69,1127.47,116.84,77.07,3.22,1.12,69,12.24,0,1,0,0,0,0,0,0,0,0,1,0,0,0,1,1,1,1,0,0,0,0,0,0,0,0,0
335.45,11.12,47.16,13.93,0.12,13.12,559.14,141.59,143.62,3.54,2.96,80,8.44,0,1,0,0,0,0,0,0,0,0,1,0,0,0,1,1,1,1,0,0,0,0,0,0,0,0,0
316.56,14.41,32.99,11.67,0.55,9.78,948.62,143.73,91.93,3.01,3.89,58,14.0,0,1,0,0,0,0,0,0,0,0,1,0,0,0,1,1,1,1,0,0,0,0,0,0,0,0,0
458.2,14.91,51.77,23.14,0.33,8.13,453.66,161.77,127.06,2.47,1.83,71,8.62,0,1,0,0,0,0,0,0,0,0,1,0,0,0,1,0,1,1,0,0,0,0,0,0,0,0,0
368.79,11.34,37.42,18.64,0.74,10.43,1440.82,147.64,37.61,1.5,4.29,53,2.68,0,1,0,0,0,0,0,0,0,0,1,0,0,0,1,0,1,1,0,0,0,0,0,0,0,0,0
484.39,9.85,36.72,26.9,1.87,9.41,1291.16,224.66,36.53,3.14,0.31,78,2.43,0,1,0,0,0,0,0,0,0,0,1,0,0,0,1,1,1,1,0,0,0,0,0,0,0,0,0
416.48,5.32,42.83,20.02,1.96,21.71,854.45,192.46,44.07,2.16,3.67,75,6.05,0,1,0,0,0,0,0,0,0,0,1,0,0,0,1,0,0,1,0,0,0,0,0,0,0,0,0
331.72,6.26,36.15,8.21,0.42,21.65,854.83,195.46,57.87,2.95,5.0,52,8.06,0,1,0,0,0,0,0,0,0,0,1,0,0,0,1,1,0,1,0,0,0,0,0,0,1,0,0
394.14,8.59,42.55,14.76,1.68,19.04,762.97,224.6,88.48,1.52,0.39,70,14.27,0,1,0,0,0,0,0,0,0,0,1,0,0,0,1,0,0,1,0,0,0,0,0,0,0,0,0
435.9,5.41,42.3,24.7,0.42,6.87,786.96,120.36,97.89,2.27,2.31,71,9.06,0,1,0,0,0,0,0,0,0,0,1,0,0,0,1,0,1,1,0,0,0,0,0,0,0,0,0
441.78,6.31,51.41,13.2,0.15,8.2,1320.7,162.6,125.63,2.59,2.4,76,13.53,0,1,0,0,0,0,0,0,0,0,1,0,0,0,1,1,1,1,0,0,0,0,0,0,0,0,0
224.05,14.34,22.69,29.2,0.91,20.22,1176.76,177.77,104.33,3.85,4.64,70,12.88,0,1,0,0,0,0,0,0,0,0,1,0,0,0,1,1,0,1,0,0,0,0,0,0,0,0,0
424.93,7.59,49.0,9.78,1.25,22.36,1322.75,155.92,119.43,2.28,4.2,64,2.76,0,1,0,0,0,0,0,0,0,0,1,0,0,0,1,0,0,1,0,0,0,0,0,0,1,0,0
312.7,6.13,32.96,9.19,1.45,7.33,415.84,241.94,53.15,3.48,4.82,77,13.48,0,1,0,0,0,0,0,0,0,0,1,0,0,0,1,1,1,1,0,0,0,0,0,0,1,0,0
230.34,13.2,47.95,19.08,0.62,13.11,1465.52,130.25,99.55,1.25,1.09,77,6.58,0,1,0,0,0,0,0,0,0,0,1,0,0,0,1,0,1,1,0,0,0,0,0,0,0,0,0
407.65,6.97,43.37,22.64,1.61,6.99,1034.84,109.37,51.11,1.98,3.54,78,4.01,0,1,0,0,0,0,0,0,0,0,1,0,0,0,1,0,1,1,0,0,0,0,0,0,0,0,0
349.88,12.49,35.52,11.65,0.63,9.25,538.4,156.64,94.91,1.22,3.02,68,4.7,0,1,0,0,0,0,0,0,0,0,1,0,0,0,1,0,1,1,0,0,0,0,0,0,0,0,0
465.17,13.46,21.17,23.17,1.11,23.8,1398.81,186.93,46.67,2.38,3.63,69,12.61,0,1,0,0,0,0,0,0,0,0,1,0,0,0,1,0,0,1,0,0,0,0,0,0,0,0,0
265.91,11.75,32.43,22.67,0.24,19.11,1469.32,106.54,41.26,1.37,2.15,50,12.0,0,1,0,0,0,0,0,0,0,0,1,0,0,0,1,0,0,1,0,0,0,0,0,0,0,0,0
405.69,12.61,29.34,26.69,0.88,10.24,411.67,230.7,94.24,3.93,3.57,65,5.79,0,1,0,0,0,0,0,0,0,0,1,0,0,0,1,1,1,1,0,0,0,0,0,0,0,0,0
400.56,12.94,26.72,20.39,0.74,15.12,1082.83,234.04,53.08,1.26,3.14,60,2.74,0,1,0,0,0,0,0,0,0,0,1,0,0,0,1,0,0,1,0,0,0,0,0,0,0,0,0
313.66,9.96,46.29,19.62,1.03,20.28,744.62,113.59,71.66,1.48,4.83,58,12.35,0,1,0,0,0,0,0,0,0,0,1,0,0,0,1,0,0,1,0,0,0,0,0,0,0,0,0
264.98,13.85,47.7,15.33,0.36,10.59,765.9,183.54,35.56,3.74,0.49,80,7.81,0,1,0,0,0,0,0,0,0,0,1,0,0,0,1,1,1,1,0,0,0,0,0,0,0,0,0
386.3,10.39,45.86,23.94,1.59,9.69,807.56,157.3,144.7,2.23,1.11,77,4.91,0,1,0,0,0,0,0,0,0,0,1,0,0,0,1,0,1,1,0,0,0,0,0,0,0,0,0
367.22,13.67,40.79,28.23,0.71,18.9,1113.53,200.57,107.41,1.66,0.72,74,3.4,0,1,0,0,0,0,0,0,0,0,1,0,0,0,1,0,0,1,0,0,0,0,0,0,0,0,0
284.81,10.1,33.45,21.39,0.32,10.23,1021.68,132.57,80.74,2.72,4.87,75,11.33,0,1,0,0,0,0,0,0,0,0,1,0,0,0,1,1,1,1,0,0,0,0,0,0,0,0,0
242.97,3.28,48.88,26.5,1.49,10.6,1103.8,147.44,84.08,2.15,4.57,70,14.05,0,1,0,0,0,0,0,0,0,0,1,0,0,0,1,0,1,1,0,0,0,0,0,0,0,0,0
283.97,11.12,25.02,10.67,0.23,7.77,637.78,184.42,122.04,1.38,4.35,68,2.58,0,1,0,0,0,0,0,0,0,0,1,0,0,0,1,0,1,1,0,0,0,0,0,0,0,0,0
287.49,12.71,38.21,8.78,0.56,17.78,619.3,224.11,111.19,2.41,4.58,64,5.93,0,1,0,0,0,0,0,0,0,0,1,0,0,0,1,0,0,1,0,0,0,0,0,0,1,0,0
223.74,14.39,38.75,20.75,1.23,22.82,466.28,233.99,58.76,1.23,3.29,58,5.69,0,1,0,0,0,0,0,0,0,0,1,0,0,0,1,0,0,1,0,0,0,0,0,0,0,0,0
225.71,6.22,31.24,20.05,1.55,12.91,1439.23,224.1,148.18,3.63,3.08,78,3.68,0,1,0,0,0,0,0,0,0,0,1,0,0,0,1,1,1,1,0,0,0,0,0,0,0,0,0
416.72,10.2,37.74,23.25,0.89,15.48,838.19,207.61,135.19,3.52,3.93,61,6.92,0,1,0,0,0,0,0,0,0,0,1,0,0,0,1,1,0,1,0,0,0,0,0,0,0,0,0
220.77,11.61,25.17,14.27,1.76,15.81,753.47,182.15,56.19,1.08,3.02,72,4.66,0,1,0,0,0,0,0,0,0,0,1,0,0,0,1,0,0,1,0,0,0,0,0,0,0,0,0
408.2,3.04,39.21,16.82,0.61,15.31,1109.84,244.8,129.97,3.15,2.39,61,12.27,0,1,0,0,0,0,0,0,0,0,1,0,0,0,1,1,0,1,0,0,0,0,0,0,0,0,0
299.35,8.53,21.39,27.56,1.71,20.7,464.13,126.14,70.1,1.79,4.19,55,12.38,0,1,0,0,0,0,0,0,0,0,1,0,0,0,1,0,0,1,0,0,0,0,0,0,0,0,0
425.3,12.26,37.47,15.79,1.87,6.09,567.88,162.94,103.67,1.02,3.6,66,3.91,0,1,0,0,0,0,0,0,0,0,1,0,0,0,1,0,1,1,0,0,0,0,0,0,0,0,0
207.48,14.17,24.4,23.51,1.31,11.83,603.92,126.75,100.24,2.64,4.38,80,3.27,0,1,0,0,0,0,0,0,0,0,1,0,0,0,1,1,1,1,0,0,0,0,0,0,0,0,0
469.03,10.2,44.42,18.21,1.51,16.69,459.18,233.51,66.66,1.41,0.44,61,3.09,0,1,0,0,0,0,0,0,0,0,1,0,0,0,1,0,0,1,0,0,0,0,0,0,0,0,0
432.91,10.49,39.57,21.51,1.86,18.11,1112.22,213.92,133.99,1.79,3.08,68,12.62,0,1,0,0,0,0,0,0,0,0,1,0,0,0,1,0,0,1,0,0,0,0,0,0,0,0,0
208.61,3.94,22.44,21.05,1.21,23.12,914.36,110.21,55.14,1.02,3.88,65,6.89,0,1,0,0,0,0,0,0,0,0,1,0,0,0,1,0,0,1,0,0,0,0,0,0,0,0,0
305.91,8.35,23.52,16.52,0.01,15.07,1332.74,182.81,102.93,1.09,4.3,54,3.67,0,1,0,0,0,0,0,0,0,0,1,0,0,0,1,0,0,1,0,0,0,0,0,0,0,0,0
477.72,5.41,22.85,15.47,0.38,15.54,1155.53,173.64,109.27,2.09,0.14,66,10.84,0,1,0,0,0,0,0,0,0,0,1,0,0,0,1,0,0,1,0,0,0,0,0,0,0,0,0
461.56,12.13,32.72,26.08,1.93,9.54,481.51,163.99,135.77,1.45,4.43,65,11.59,0,1,0,0,0,0,0,0,0,0,1,0,0,0,1,0,1,1,0,0,0,0,0,0,0,0,0
420.82,6.32,50.54,23.14,0.69,13.55,1199.38,131.74,86.25,2.96,2.7,72,8.05,0,1,0,0,0,0,0,0,0,0,1,0,0,0,1,1,1,1,0,0,0,0,0,0,0,0,0
405.49,13.33,34.55,19.7,1.95,5.85,893.05,195.4,31.01,2.79,0.28,70,10.13,0,1,0,0,0,0,0,0,0,0,1,0,0,0,1,1,1,1,0,0,0,0,0,0,0,0,0
211.87,5.13,30.27,23.03,1.75,20.97,600.29,184.81,33.6,1.93,4.03,54,9.2,0,1,0,0,0,0,0,0,0,0,1,0,0,0,1,0,0,1,0,0,0,0,0,0,0,0,0
382.75,8.64,31.37,11.16,0.71,18.3,1207.16,170.38,107.4,1.63,4.3,55,2.03,0,1,0,0,0,0,0,0,0,0,1,0,0,0,1,0,0,1,0,0,0,0,0,0,0,0,0
384.04,7.27,24.12,17.78,1.47,24.23,811.52,181.41,132.15,2.0,0.71,54,14.38,0,1,0,0,0,0,0,0,0,0,1,0,0,0,1,0,0,1,0,0,0,0,0,0,0,0,0
322.94,13.52,48.63,25.88,0.43,13.95,749.75,245.56,135.21,1.75,1.57,53,4.42,0,1,0,0,0,0,0,0,0,0,1,0,0,0,1,0,1,1,0,0,0,0,0,0,0,0,0
346.4,12.4,48.94,27.01,1.14,22.34,961.03,191.06,121.05,2.28,0.37,68,12.91,0,1,0,0,0,0,0,0,0,0,1,0,0,0,1,0,0,1,0,0,0,0,0,0,0,0,0
253.13,11.09,32.51,25.95,1.02,11.49,756.26,149.04,124.63,3.13,1.6,73,2.99,0,1,0,0,0,0,0,0,0,0,1,0,0,0,1,1,1,1,0,0,0,0,0,0,0,0,0
448.25,6.19,51.12,21.13,1.14,8.25,476.49,182.89,86.16,1.36,4.18,66,12.74,0,1,0,0,0,0,0,0,0,0,1,0,0,0,1,0,1,1,0,0,0,0,0,0,0,0,0
262.5,7.65,42.43,27.24,1.32,21.78,921.34,207.6,147.6,1.46,4.63,67,5.49,0,1,0,0,0,0,0,0,0,0,1,0,0,0,1,0,0,1,0,0,0,0,0,0,0,0,0
407.97,10.07,30.7,10.91,0.63,12.62,818.72,153.59,35.85,2.39,4.18,77,13.71,0,1,0,0,0,0,0,0,0,0,1,0,0,0,1,0,1,1,0,0,0,0,0,0,0,0,0
410.4,10.07,29.83,16.07,0.18,20.72,756.26,200.17,72.91,2.39,2.78,78,7.79,0,1,0,0,0,0,0,0,0,0,1,0,0,0,1,0,0,1,0,0,0,0,0,0,0,0,0
273.87,5.7,21.19,26.54,0.53,12.18,1290.14,118.0,85.35,1.37,2.21,79,8.13,0,1,0,0,0,0,0,0,0,0,1,0,0,0,1,0,1,1,0,0,0,0,0,0,0,0,0
400.54,10.7,25.05,21.94,0.81,14.29,1281.57,149.87,47.64,3.62,1.06,73,4.47,0,1,0,0,0,0,0,0,0,0,1,0,0,0,1,1,1,1,0,0,0,0,0,0,0,0,0
299.99,9.35,32.18,27.14,1.8,11.52,501.23,131.52,86.93,1.87,2.27,66,14.46,0,1,0,0,0,0,0,0,0,0,1,0,0,0,1,0,1,1,0,0,0,0,0,0,0,0,0
467.26,14.93,34.59,9.02,0.61,18.52,548.68,145.0,36.74,2.42,1.04,58,13.11,0,1,0,0,0,0,0,0,0,0,1,0,0,0,1,0,0,1,0,0,0,0,0,0,1,0,0
399.93,12.49,34.44,19.01,0.09,10.61,804.81,193.82,85.71,2.82,3.57,66,8.73,0,1,0,0,0,0,0,0,0,0,1,0,0,0,1,1,1,1,0,0,0,0,0,0,0,0,0
318.74,8.75,26.9,19.02,0.3,19.88,1053.3,111.78,136.75,2.85,1.58,74,4.15,0,1,0,0,0,0,0,0,0,0,1,0,0,0,1,1,0,1,0,0,0,0,0,0,0,0,0
406.22,8.06,52.5,18.22,0.06,14.61,1275.05,197.06,145.96,3.53,2.63,58,3.31,0,1,0,0,0,0,0,0,0,0,1,0,0,0,1,1,1,1,0,0,0,0,0,0,0,0,0
271.63,3.29,21.53,8.65,1.6,10.97,942.53,218.18,89.39,2.29,0.06,65,7.78,0,1,0,0,0,0,0,0,0,0,1,0,0,0,1,0,1,1,0,0,0,0,0,0,1,0,0
359.39,10.18,44.86,19.55,1.37,11.77,1430.35,109.68,95.46,1.26,2.21,71,12.62,0,1,0,0,0,0,0,0,0,0,1,0,0,0,1,0,1,1,0,0,0,0,0,0,0,0,0
307.5,10.84,39.5,9.42,1.24,21.28,1491.69,104.45,109.21,2.24,0.05,62,2.47,0,1,0,0,0,0,0,0,0,0,1,0,0,0,1,0,0,1,0,0,0,0,0,0,1,0,0
457.19,9.34,31.47,14.37,1.09,11.53,1350.09,131.64,135.88,2.99,4.78,68,10.43,0,1,0,0,0,0,0,0,0,0,1,0,0,0,1,1,1,1,0,0,0,0,0,0,0,0,0
369.39,7.39,42.48,8.62,0.74,15.65,422.67,176.15,108.51,3.28,0.57,73,14.28,0,1,0,0,0,0,0,0,0,0,1,0,0,0,1,1,0,1,0,0,0,0,0,0,1,0,0
398.05,11.02,54.52,11.38,0.07,19.91,882.67,164.32,57.04,2.52,2.21,55,4.48,0,1,0,0,0,0,0,0,0,0,1,0,0,0,1,1,0,1,0,0,0,0,0,0,0,0,0
310.82,13.25,45.84,15.36,1.81,6.5,454.73,119.12,43.97,1.26,3.31,79,3.09,0,1,0,0,0,0,0,0,0,0,1,0,0,0,1,0,1,1,0,0,0,0,0,0,0,0,0
281.17,12.86,46.15,19.03,1.35,8.71,1134.54,101.2,129.99,2.55,4.72,76,7.63,0,1,0,0,0,0,0,0,0,0,1,0,0,0,1,1,1,1,0,0,0,0,0,0,0,0,0
335.02,7.32,25.83,26.53,0.78,15.58,421.88,109.04,101.66,3.64,2.47,78,7.03,0,1,0,0,0,0,0,0,0,0,1,0,0,0,1,1,0,1,0,0,0,0,0,0,0,0,0
287.88,5.74,42.57,10.87,1.72,18.3,1181.81,240.3,143.08,2.65,2.48,50,8.1,0,1,0,0,0,0,0,0,0,0,1,0,0,0,1,1,0,1,0,0,0,0,0,0,0,0,0
422.8,15.0,44.87,22.92,1.31,18.9,776.32,148.03,124.12,1.16,3.8,77,8.67,0,1,0,0,0,0,0,0,0,0,1,0,0,0,1,0,0,1,0,0,0,0,0,0,0,0,0
219.53,9.12,53.57,29.54,1.06,15.3,714.06,249.57,62.91,2.36,0.01,65,10.19,0,1,0,0,0,0,0,0,0,0,1,0,0,0,1,0,0,1,0,0,0,0,0,0,0,0,0
450.61,11.53,29.13,16.69,1.68,17.67,583.06,148.83,124.93,1.52,3.46,54,8.99,0,1,0,0,0,0,0,0,0,0,1,0,0,0,1,0,0,1,0,0,0,0,0,0,0,0,0
462.25,3.61,34.86,12.01,0.04,7.94,1474.12,132.23,142.2,1.62,4.66,56,10.11,0,1,0,0,0,0,0,0,0,0,1,0,0,0,1,0,1,1,0,0,0,0,0,0,0,0,0
271.91,3.12,35.92,9.57,1.78,8.47,867.76,165.1,96.34,3.35,2.36,66,2.19,0,1,0,0,0,0,0,0,0,0,1,0,0,0,1,1,1,1,0,1,0,0,0,0,1,0,0
327.52,10.09,29.73,13.71,1.36,17.03,583.86,232.68,111.6,2.09,3.42,80,6.66,0,1,0,0,0,0,0,0,0,0,1,0,0,0,1,0,0,1,0,0,0,0,0,0,0,0,0
248.72,9.22,45.32,15.06,0.24,21.59,678.08,176.92,112.96,1.95,3.24,52,8.43,0,1,0,0,0,0,0,0,0,0,1,0,0,0,1,0,0,1,0,0,0,0,0,0,0,0,0
445.59,13.06,45.37,13.44,1.44,9.93,636.07,182.07,111.46,1.16,0.3,78,14.33,0,1,0,0,0,0,0,0,0,0,1,0,0,0,1,0,1,1,0,0,0,0,0,0,0,0,0
274.05,9.02,25.8,15.32,0.53,14.51,861.76,149.62,42.71,2.45,4.25,56,4.2,0,1,0,0,0,0,0,0,0,0,1,0,0,0,1,0,1,1,0,0,0,0,0,0,0,0,0
441.85,4.75,36.83,24.41,0.97,12.22,922.38,227.3,148.85,2.89,3.97,58,8.99,0,1,0,0,0,0,0,0,0,0,1,0,0,0,1,1,1,1,0,0,0,0,0,0,0,0,0
457.53,5.12,29.31,28.7,0.89,20.78,941.38,170.66,47.77,3.55,0.39,66,4.74,0,1,0,0,0,0,0,0,0,0,1,0,0,0,1,1,0,1,0,0,0,0,0,0,0,0,0
340.05,14.76,39.41,28.64,1.63,18.32,784.3,145.65,107.21,2.3,3.99,61,12.7,0,1,0,0,0,0,0,0,0,0,1,0,0,0,1,0,0,1,0,0,0,0,0,0,0,0,0
430.87,10.95,51.39,13.54,1.64,12.56,1293.74,174.07,132.93,3.68,2.99,68,12.63,0,1,0,0,0,0,0,0,0,0,1,0,0,0,1,1,1,1,0,0,0,0,0,0,0,0,0
267.67,10.18,24.38,29.53,0.91,21.44,1245.51,207.05,129.28,1.3,3.39,63,9.27,0,1,0,0,0,0,0,0,0,0,1,0,0,0,1,0,0,1,0,0,0,0,0,0,0,0,0
275.18,14.29,37.89,10.84,0.56,19.6,415.02,240.67,83.42,2.56,4.94,63,8.12,0,1,0,0,0,0,0,0,0,0,1,0,0,0,1,1,0,1,0,0,0,0,0,0,0,0,0
398.7,14.48,40.6,9.43,0.99,24.86,826.14,189.08,42.8,1.42,4.37,64,10.07,0,1,0,0,0,0,0,0,0,0,1,0,0,0,1,0,0,1,0,0,0,0,0,0,1,0,0
477.31,9.91,42.32,22.14,1.22,8.2,902.06,101.15,105.15,2.73,1.59,75,3.88,0,1,0,0,0,0,0,0,0,0,1,0,0,0,1,1,1,1,0,0,0,0,0,0,0,0,0
278.13,5.45,32.45,9.64,1.71,22.2,854.23,191.81,107.03,3.25,2.6,67,8.96,0,1,0,0,0,0,0,0,0,0,1,0,0,0,1,1,0,1,0,0,0,0,0,0,1,0,0
401.24,7.09,45.35,15.05,0.8,18.49,816.29,130.0,134.63,3.77,3.13,69,9.48,0,1,0,0,0,0,0,0,0,0,1,0,0,0,1,1,0,1,0,0,0,0,0,0,0,0,0
315.12,8.05,48.0,14.17,1.74,22.93,1115.68,215.93,103.55,2.58,4.83,76,3.38,0,1,0,0,0,0,0,0,0,0,1,0,0,0,1,1,0,1,0,0,0,0,0,0,0,0,0
448.25,6.29,45.46,15.15,0.11,9.2,849.54,211.18,42.08,3.44,4.98,55,14.3,0,1,0,0,0,0,0,0,0,0,1,0,0,0,1,1,1,1,0,0,0,0,0,0,0,0,0
316.67,10.68,34.97,9.03,1.01,6.32,1372.07,212.96,75.44,2.92,0.56,61,3.89,0,1,0,0,0,0,0,0,0,0,1,0,0,0,1,1,1,1,0,1,0,0,0,0,1,0,0
406.04,14.29,40.04,10.17,0.11,20.92,1088.69,238.4,95.67,1.19,2.02,54,5.48,0,1,0,0,0,0,0,0,0,0,1,0,0,0,1,0,0,1,0,0,0,0,0,0,0,0,0
302.98,5.39,37.75,26.55,1.06,7.47,676.95,184.43,99.98,2.73,0.39,79,6.06,0,1,0,0,0,0,0,0,0,0,1,0,0,0,1,1,1,1,0,0,0,0,0,0,0,0,0
394.23,6.18,44.16,23.35,0.26,18.3,766.92,125.89,90.04,2.36,3.87,69,10.06,0,1,0,0,0,0,0,0,0,0,1,0,0,0,1,0,0,1,0,0,0,0,0,0,0,0,0
326.95,10.48,34.07,26.44,0.96,23.02,960.79,199.06,149.73,1.44,3.68,64,13.87,0,1,0,0,0,0,0,0,0,0,1,0,0,0,1,0,0,1,0,0,0,0,0,0,0,0,0
412.55,11.13,45.41,22.51,1.52,8.86,594.98,154.32,132.12,3.14,2.83,50,13.36,0,1,0,0,0,0,0,0,0,0,1,0,0,0,1,1,1,1,0,0,0,0,0,0,0,0,0
442.12,12.42,20.56,9.05,1.1,24.89,776.55,151.66,46.11,3.02,3.23,69,8.78,0,1,0,0,0,0,0,0,0,0,1,0,0,0,1,1,0,1,0,0,0,0,0,0,1,0,0
262.88,11.01,39.2,25.68,0.35,10.22,1413.79,239.5,83.07,1.14,1.53,61,4.78,0,1,0,0,0,0,0,0,0,0,1,0,0,0,1,0,1,1,0,0,0,0,0,0,0,0,0
478.69,3.27,52.24,20.96,1.55,12.97,1490.89,134.13,61.72,1.15,4.7,57,2.4,0,1,0,0,0,0,0,0,0,0,1,0,0,0,1,0,1,1,0,0,0,0,0,0,0,0,0
451.68,9.9,53.51,17.5,0.35,14.46,880.2,177.58,126.95,2.97,0.93,51,10.0,0,1,0,0,0,0,0,0,0,0,1,0,0,0,1,1,1,1,0,0,0,0,0,0,0,0,0
487.41,6.97,46.63,19.69,0.44,17.31,1463.89,118.65,90.87,1.15,1.61,71,6.91,0,1,0,0,0,0,0,0,0,0,1,0,0,0,1,0,0,1,0,0,0,0,0,0,0,0,0
221.81,8.49,25.65,23.5,1.14,10.4,1445.52,143.76,96.6,3.4,2.57,57,11.6,0,1,0,0,0,0,0,0,0,0,1,0,0,0,1,1,1,1,0,0,0,0,0,0,0,0,0
422.72,9.05,20.39,13.75,0.65,22.04,1324.97,115.7,143.98,1.55,2.07,68,4.01,0,1,0,0,0,0,0,0,0,0,1,0,0,0,1,0,0,1,0,0,0,0,0,0,0,0,0
287.27,2.45,39.72,24.27,0.62,26.39,229.58,174.28,45.12,0.56,1.21,87,3.16,0,0,0,0,0,0,0,0,0,0,0,0,0,0,1,0,0,1,0,0,0,0,0,0,0,0,0
303.97,5.16,41.11,19.91,0.82,32.65,284.76,89.42,51.86,0.76,1.21,77,11.19,0,0,0,0,0,0,0,0,0,0,0,0,0,0,1,0,0,1,0,0,0,0,0,0,0,0,0
235.32,3.1,42.46,17.51,0.27,28.01,275.67,66.4,51.91,1.53,4.44,84,4.48,0,0,0,0,0,0,0,0,0,0,0,0,0,0,1,0,0,1,0,0,0,0,0,0,0,0,0
421.1,6.64,69.2,10.37,1.42,36.69,278.66,111.17,55.68,0.25,1.6,86,3.16,0,0,0,0,0,0,1,0,0,0,0,0,0,0,1,0,0,1,0,0,0,0,0,0,0,0,0
331.27,4.02,62.15,9.82,1.52,48.56,110.45,62.49,87.35,0.5,0.73,73,11.8,0,0,0,0,0,0,1,0,0,0,0,1,0,0,1,0,0,1,0,0,0,0,0,0,1,0,0
435.72,6.65,44.22,8.14,1.47,59.99,151.47,197.83,31.34,0.59,0.85,65,7.38,0,0,0,0,0,0,1,0,0,0,0,1,0,0,1,0,0,1,0,0,0,0,0,0,1,0,0
490.57,3.53,69.7,11.78,0.74,43.76,223.33,158.04,58.1,0.15,2.48,78,8.21,0,0,0,0,0,0,1,0,0,0,0,0,0,0,1,0,0,1,0,0,0,0,0,0,0,0,0
394.68,6.66,40.37,22.06,0.84,27.03,137.53,86.92,38.3,0.57,0.9,68,10.36,0,0,0,0,0,0,0,0,0,0,0,1,0,0,1,0,0,1,0,0,0,0,0,0,0,0,0
466.39,5.7,49.59,15.81,1.48,40.85,76.44,71.29,48.57,0.14,1.2,69,4.58,0,0,0,0,0,0,0,0,0,0,0,1,0,0,1,0,0,1,0,0,0,0,0,0,0,0,0
282.46,7.52,47.49,24.0,0.78,58.07,281.43,149.08,20.71,0.8,4.56,69,10.05,0,0,0,0,0,0,0,0,0,0,0,0,0,0,1,0,0,1,0,0,0,0,0,0,0,0,0
399.9,3.45,50.99,8.84,0.76,26.96,55.58,103.56,78.09,1.84,3.31,74,5.89,0,0,0,0,0,0,1,0,0,0,0,1,0,0,1,0,0,1,0,0,0,0,0,0,1,0,0
305.42,6.86,59.42,19.72,0.04,56.43,103.89,144.36,24.95,0.16,0.05,72,8.97,0,0,0,0,0,0,0,0,0,0,0,1,0,0,1,0,0,1,0,0,0,0,0,0,0,0,0
291.61,6.14,40.05,24.43,1.64,37.25,246.09,111.3,25.97,1.41,2.02,89,5.76,0,0,0,0,0,0,0,0,0,0,0,0,0,0,1,0,0,1,0,0,0,0,0,0,0,0,0
453.0,6.08,64.13,12.96,0.92,52.93,210.95,103.99,60.96,1.99,3.71,70,5.35,0,0,0,0,0,0,1,0,0,0,0,0,0,0,1,0,0,1,0,0,0,0,0,0,0,0,0
340.14,6.66,36.33,10.1,0.54,58.09,236.96,52.92,52.08,0.51,3.19,70,8.41,0,0,0,0,0,0,1,0,0,0,0,0,0,0,1,0,0,1,0,0,0,0,0,0,0,0,0
399.98,3.03,51.82,13.69,0.15,22.63,239.8,142.32,77.21,1.37,0.67,82,6.37,0,0,0,0,0,0,1,0,0,0,0,0,0,0,1,0,0,1,0,0,0,0,0,0,0,0,0
446.02,2.16,34.11,19.24,0.58,58.06,159.02,114.4,74.25,1.54,2.38,80,10.36,0,0,0,0,0,0,0,0,0,0,0,1,0,0,1,0,0,1,0,0,0,0,0,0,0,0,0
220.82,3.65,54.12,11.49,1.35,25.47,55.7,179.52,46.68,0.31,0.86,75,3.3,0,0,0,0,0,0,1,1,0,0,0,1,0,0,1,0,0,1,0,0,0,0,0,0,0,0,0
339.46,2.5,50.49,13.57,0.67,45.42,90.77,164.98,66.56,1.83,1.82,89,8.18,0,0,0,0,0,0,1,0,0,0,0,1,0,0,1,0,0,1,0,0,0,0,0,0,0,0,0
492.02,2.16,59.12,21.88,0.11,43.16,250.49,134.16,25.11,1.39,0.3,67,10.2,0,0,0,0,0,0,0,0,0,0,0,0,0,0,1,0,0,1,0,0,0,0,0,0,0,0,0
292.93,3.87,60.22,15.01,0.13,43.41,82.52,135.75,82.37,1.86,0.34,68,5.34,0,0,0,0,0,0,0,0,0,0,0,1,0,0,1,0,0,1,0,0,0,0,0,0,0,0,0
320.35,4.0,62.17,23.71,1.52,37.56,176.08,68.76,79.75,1.19,4.51,66,11.12,0,0,0,0,0,0,0,0,0,0,0,1,0,0,1,0,0,1,0,0,0,0,0,0,0,0,0
496.41,7.17,51.88,20.15,1.93,43.12,259.99,191.33,65.64,0.32,0.78,90,4.05,0,0,0,0,0,0,0,0,0,0,0,0,0,0,1,0,0,1,0,0,0,0,0,0,0,0,0
215.07,6.52,39.43,8.41,0.79,39.3,92.31,56.61,35.13,1.36,0.41,90,4.78,0,0,0,0,0,0,1,1,0,0,0,1,0,0,1,0,0,1,0,0,0,0,0,0,1,0,0
310.7,3.63,46.76,17.01,1.25,53.8,277.5,119.39,27.09,1.59,2.39,67,5.78,0,0,0,0,0,0,0,0,0,0,0,0,0,0,1,0,0,1,0,0,0,0,0,0,0,0,0
446.86,3.1,34.98,8.76,1.88,32.32,279.4,90.89,92.61,1.81,4.62,85,10.79,0,0,0,0,0,0,1,0,0,0,0,0,0,0,1,0,0,1,0,0,0,0,0,0,1,0,0
485.23,3.95,46.75,20.23,0.6,50.15,68.47,128.52,29.79,0.59,1.29,68,10.74,0,0,0,0,0,0,0,0,0,0,0,1,0,0,1,0,0,1,0,0,0,0,0,0,0,0,0
304.82,2.3,59.99,12.33,0.95,29.62,256.77,193.74,24.4,0.47,0.95,79,11.66,0,0,0,0,0,0,1,0,0,0,0,0,0,0,1,0,0,1,0,0,0,0,0,0,0,0,0
458.16,7.1,62.87,13.25,1.78,57.65,173.95,103.19,53.14,0.67,1.06,86,8.06,0,0,0,0,0,0,1,0,0,0,0,1,0,0,1,0,0,1,0,0,0,0,0,0,0,0,0
455.52,3.45,31.6,11.09,0.69,27.19,70.88,116.8,74.15,1.5,1.99,66,6.27,0,0,0,0,0,0,1,0,0,0,0,1,0,0,1,0,0,1,0,0,0,0,0,0,0,0,0
257.54,5.79,65.5,18.99,1.63,40.86,229.49,184.43,81.85,1.82,2.16,74,5.29,0,0,0,0,0,0,0,0,0,0,0,0,0,0,1,0,0,1,0,0,0,0,0,0,0,0,0
203.41,5.8,48.08,9.02,0.98,26.74,207.44,116.76,33.69,0.82,1.16,65,3.35,0,0,0,0,0,0,1,1,0,0,0,0,0,0,1,0,0,1,0,0,0,0,0,0,1,0,0
229.6,2.6,40.49,12.18,1.48,42.91,240.99,60.48,58.82,0.65,4.25,69,7.89,0,0,0,0,0,0,1,0,0,0,0,0,0,0,1,0,0,1,0,0,0,0,0,0,0,0,0
499.74,7.32,32.35,10.17,0.99,29.81,70.24,88.18,24.89,1.06,2.45,82,7.34,0,0,0,0,0,0,1,0,0,0,0,1,0,0,1,0,0,1,0,0,0,0,0,0,0,0,0
355.94,5.63,68.8,24.71,1.05,53.81,71.29,129.67,74.31,1.13,1.15,70,8.07,0,0,0,0,0,0,0,0,0,0,0,1,0,0,1,0,0,1,0,0,0,0,0,0,0,0,0
458.92,5.66,52.96,15.49,0.93,58.18,84.61,116.93,72.47,0.87,1.42,66,6.85,0,0,0,0,0,0,0,0,0,0,0,1,0,0,1,0,0,1,0,0,0,0,0,0,0,0,0
398.65,3.41,67.35,12.66,0.52,32.58,165.62,52.78,67.83,0.06,2.7,68,5.18,0,0,0,0,0,0,1,0,0,0,0,1,0,0,1,0,0,1,0,0,0,0,0,0,0,0,0
298.93,6.23,30.38,13.38,1.36,26.09,190.1,75.34,32.38,1.54,1.33,70,6.59,0,0,0,0,0,0,1,0,0,0,0,1,0,0,1,0,0,1,0,0,0,0,0,0,0,0,0
250.14,7.5,65.87,24.73,0.8,52.74,153.74,118.14,86.4,0.35,1.1,82,10.09,0,0,0,0,0,0,0,0,0,0,0,1,0,0,1,0,0,1,0,0,0,0,0,0,0,0,0
311.8,4.15,69.95,14.52,0.5,44.93,250.47,60.44,69.51,0.07,2.63,69,10.22,0,0,0,0,0,0,1,0,0,0,0,0,0,0,1,0,0,1,0,0,0,0,0,0,0,0,0
491.53,2.26,69.72,12.32,0.84,51.11,216.33,166.77,57.31,1.83,3.95,72,5.67,0,0,0,0,0,0,1,0,0,0,0,0,0,0,1,0,0,1,0,0,0,0,0,0,0,0,0
308.71,3.96,40.08,15.54,1.28,32.45,69.92,156.28,56.72,1.11,2.28,84,4.99,0,0,0,0,0,0,0,0,0,0,0,1,0,0,1,0,0,1,0,0,0,0,0,0,0,0,0
215.31,6.56,42.66,14.38,0.97,40.29,101.55,150.6,75.4,0.28,2.66,87,7.34,0,0,0,0,0,0,1,0,0,0,0,1,0,0,1,0,0,1,0,0,0,0,0,0,0,0,0
497.5,4.43,34.26,21.97,0.42,48.53,94.74,52.53,32.78,0.75,0.53,68,8.03,0,0,0,0,0,0,0,0,0,0,0,1,0,0,1,0,0,1,0,0,0,0,0,0,0,0,0
427.97,6.12,50.81,20.66,1.09,35.42,158.95,175.78,65.06,0.75,0.9,66,4.15,0,0,0,0,0,0,0,0,0,0,0,1,0,0,1,0,0,1,0,0,0,0,0,0,0,0,0
235.79,2.99,65.62,24.85,0.71,31.69,104.69,173.57,36.74,1.85,3.34,84,11.31,0,0,0,0,0,0,0,0,0,0,0,1,0,0,1,0,0,1,0,0,0,0,0,0,0,0,0
483.92,7.26,64.46,19.42,0.0,37.18,208.92,132.07,85.69,1.64,2.99,85,10.72,0,0,0,0,0,0,0,0,0,0,0,0,0,0,1,0,0,1,0,0,0,0,0,0,0,0,0
225.41,3.28,39.22,18.2,1.15,31.58,101.9,164.68,94.84,0.11,0.67,69,8.11,0,0,0,0,0,0,0,0,0,0,0,1,0,0,1,0,0,1,0,0,0,0,0,0,0,0,0
485.71,5.26,57.47,21.88,1.6,22.92,235.25,192.42,76.05,1.67,2.43,67,3.54,0,0,0,0,0,0,0,0,0,0,0,0,0,0,1,0,0,1,0,0,0,0,0,0,0,0,0
232.32,6.71,37.93,8.49,1.82,55.63,104.62,167.03,23.84,0.57,3.12,78,11.3,0,0,0,0,0,0,1,0,0,0,0,1,0,0,1,0,0,1,0,0,0,0,0,0,1,0,0
347.66,7.57,33.15,22.12,1.52,48.8,138.78,167.56,58.66,1.43,2.76,69,6.96,0,0,0,0,0,0,0,0,0,0,0,1,0,0,1,0,0,1,0,0,0,0,0,0,0,0,0
288.78,4.09,50.78,23.92,1.47,43.08,90.7,72.4,60.18,1.46,3.76,86,5.94,0,0,0,0,0,0,0,0,0,0,0,1,0,0,1,0,0,1,0,0,0,0,0,0,0,0,0
256.48,4.89,56.65,17.84,0.87,41.59,76.99,154.38,78.74,0.02,1.35,73,9.81,0,0,0,0,0,0,0,0,0,0,0,1,0,0,1,0,0,1,0,0,0,0,0,0,0,0,0
221.51,7.1,63.17,16.03,1.12,48.54,219.19,52.48,29.79,0.33,3.78,82,11.47,0,0,0,0,0,0,0,0,0,0,0,0,0,0,1,0,0,1,0,0,0,0,0,0,0,0,0
239.5,3.41,47.68,22.15,1.47,53.99,280.19,167.12,40.94,0.57,1.76,67,4.34,0,0,0,0,0,0,0,0,0,0,0,0,0,0,1,0,0,1,0,0,0,0,0,0,0,0,0
222.9,3.85,54.97,18.48,0.55,37.83,102.97,57.59,61.36,0.69,2.71,73,4.29,0,0,0,0,0,0,0,0,0,0,0,1,0,0,1,0,0,1,0,0,0,0,0,0,0,0,0
200.59,2.46,48.51,20.02,1.16,39.8,138.49,96.5,50.1,1.22,0.84,72,8.18,0,0,0,0,0,0,0,0,0,0,0,1,0,0,1,0,0,1,0,0,0,0,0,0,0,0,0
280.75,5.01,68.51,8.35,0.4,37.94,209.61,81.83,94.51,1.29,4.39,77,6.49,0,0,0,0,0,0,1,0,0,0,0,0,0,0,1,0,0,1,0,0,0,0,0,0,1,0,0
403.79,7.87,55.91,13.81,0.57,58.53,96.25,170.93,57.22,0.89,3.74,87,7.2,0,0,0,0,0,0,1,0,0,0,0,1,0,0,1,0,0,1,0,0,0,0,0,0,0,0,0
210.75,6.02,32.34,9.48,1.69,37.72,100.24,138.89,61.54,0.82,4.53,80,9.69,0,0,0,0,0,0,1,0,0,0,0,1,0,0,1,0,0,1,0,0,0,0,0,0,1,0,0
428.26,6.3,59.06,9.0,1.07,51.32,73.52,51.81,85.16,1.42,2.06,78,8.39,0,0,0,0,0,0,1,0,0,0,0,1,0,0,1,0,0,1,0,0,0,0,0,0,1,0,0
365.97,5.61,59.29,23.18,0.83,52.12,173.77,158.31,89.99,0.06,2.73,66,7.47,0,0,0,0,0,0,0,0,0,0,0,1,0,0,1,0,0,1,0,0,0,0,0,0,0,0,0
459.29,3.12,54.17,22.8,0.86,39.47,70.5,56.33,57.5,1.69,4.66,65,8.98,0,0,0,0,0,0,0,0,0,0,0,1,0,0,1,0,0,1,0,0,0,0,0,0,0,0,0
327.52,2.74,66.43,12.69,0.45,52.64,295.3,149.02,69.98,0.64,0.1,74,10.07,0,0,0,0,0,0,1,0,0,0,0,0,0,0,1,0,0,1,0,0,0,0,0,0,0,0,0
310.6,6.28,67.25,17.16,0.92,42.12,127.88,186.1,83.78,1.41,2.95,72,4.05,0,0,0,0,0,0,0,0,0,0,0,1,0,0,1,0,0,1,0,0,0,0,0,0,0,0,0
386.79,5.3,65.94,22.97,0.3,23.27,123.65,197.99,21.73,1.35,3.04,70,4.96,0,0,0,0,0,0,0,0,0,0,0,1,0,0,1,0,0,1,0,0,0,0,0,0,0,0,0
268.02,4.58,33.83,9.27,0.18,42.92,149.44,94.04,45.27,0.41,2.06,73,9.28,0,0,0,0,0,0,1,0,0,0,0,1,0,0,1,0,0,1,0,0,0,0,0,0,1,0,0
237.18,7.69,33.59,24.04,1.67,47.23,278.08,70.88,34.11,0.5,1.22,73,8.18,0,0,0,0,0,0,0,0,0,0,0,0,0,0,1,0,0,1,0,0,0,0,0,0,0,0,0
208.45,4.29,39.86,18.31,1.97,40.71,156.42,105.24,82.8,0.14,4.8,89,4.33,0,0,0,0,0,0,0,0,0,0,0,1,0,0,1,0,0,1,0,0,0,0,0,0,0,0,0
407.66,5.0,58.31,21.0,1.61,53.4,261.81,111.89,91.14,1.44,4.19,90,4.75,0,0,0,0,0,0,0,0,0,0,0,0,0,0,1,0,0,1,0,0,0,0,0,0,0,0,0
219.88,5.87,63.97,24.2,1.53,27.99,294.42,187.92,33.05,1.12,2.78,77,7.33,0,0,0,0,0,0,0,0,0,0,0,0,0,0,1,0,0,1,0,0,0,0,0,0,0,0,0
458.08,3.28,56.91,21.36,0.4,52.73,289.5,142.41,82.79,1.07,2.99,84,6.83,0,0,0,0,0,0,0,0,0,0,0,0,0,0,1,0,0,1,0,0,0,0,0,0,0,0,0
432.22,6.92,39.78,19.26,0.19,20.93,187.17,83.66,26.31,1.46,2.49,79,5.43,0,0,0,0,0,0,0,0,0,0,0,1,0,0,1,0,0,1,0,0,0,0,0,0,0,0,0
310.58,7.51,65.93,10.73,1.66,31.9,185.95,50.76,99.89,1.52,1.21,73,3.98,0,0,0,0,0,0,1,1,0,0,0,1,0,0,1,0,0,1,0,0,0,0,0,0,0,0,0
453.15,2.66,31.58,13.91,0.93,42.78,176.83,186.98,81.49,1.97,2.38,90,8.72,0,0,0,0,0,0,1,0,0,0,0,1,0,0,1,0,0,1,0,0,0,0,0,0,0,0,0
479.05,3.22,57.49,9.66,0.38,40.37,227.09,178.79,79.51,0.03,3.42,88,6.32,0,0,0,0,0,0,1,0,0,0,0,0,0,0,1,0,0,1,0,0,0,0,0,0,1,0,0
296.93,4.77,51.7,10.41,1.42,55.32,119.5,77.06,80.84,0.37,0.21,65,4.07,0,0,0,0,0,0,1,1,0,0,0,1,0,0,1,0,0,1,0,0,0,0,0,0,0,0,0
314.39,6.4,61.66,24.23,1.58,53.78,287.34,133.05,47.47,1.52,0.82,74,9.53,0,0,0,0,0,0,0,0,0,0,0,0,0,0,1,0,0,1,0,0,0,0,0,0,0,0,0
333.52,6.52,58.56,8.45,0.36,38.84,283.4,101.31,70.31,0.02,3.56,77,9.44,0,0,0,0,0,0,1,0,0,0,0,0,0,0,1,0,0,1,0,0,0,0,0,0,1,0,0
471.4,2.88,40.46,24.93,0.31,48.83,231.27,152.45,38.2,0.43,3.33,75,8.38,0,0,0,0,0,0,0,0,0,0,0,0,0,0,1,0,0,1,0,0,0,0,0,0,0,0,0
294.3,7.94,37.8,21.7,0.19,34.14,110.94,196.53,22.06,1.44,1.24,68,6.02,0,0,0,0,0,0,0,0,0,0,0,1,0,0,1,0,0,1,0,0,0,0,0,0,0,0,0
443.15,7.13,40.86,14.95,1.45,23.96,238.88,66.57,93.16,0.55,2.88,65,8.47,0,0,0,0,0,0,1,0,0,0,0,0,0,0,1,0,0,1,0,0,0,0,0,0,0,0,0
479.11,2.91,56.13,14.47,0.8,40.07,108.45,119.18,74.95,0.91,0.21,74,4.48,0,0,0,0,0,0,1,1,0,0,0,1,0,0,1,0,0,1,0,0,0,0,0,0,0,0,0
271.44,2.4,32.65,8.23,0.44,47.19,129.05,101.41,30.55,1.15,1.71,86,8.26,0,0,0,0,0,0,1,0,0,0,0,1,0,0,1,0,0,1,0,0,0,0,0,0,1,0,0
282.82,5.05,40.08,23.35,1.53,39.72,291.36,132.01,46.28,0.19,2.72,76,9.66,0,0,0,0,0,0,0,0,0,0,0,0,0,0,1,0,0,1,0,0,0,0,0,0,0,0,0
352.46,2.68,38.85,24.98,1.61,33.99,185.64,112.4,22.91,1.56,3.58,82,10.68,0,0,0,0,0,0,0,0,0,0,0,1,0,0,1,0,0,1,0,0,0,0,0,0,0,0,0
450.15,4.33,53.37,23.4,1.82,51.32,102.4,159.54,28.09,1.79,0.75,84,8.58,0,0,0,0,0,0,0,0,0,0,0,1,0,0,1,0,0,1,0,0,0,0,0,0,0,0,0
439.23,6.18,37.3,15.0,1.07,34.39,94.03,160.42,35.91,0.52,1.43,81,9.77,0,0,0,0,0,0,0,0,0,0,0,1,0,0,1,0,0,1,0,0,0,0,0,0,0,0,0
397.14,7.99,48.39,20.01,1.6,35.04,164.29,195.38,22.58,0.67,2.43,70,3.37,0,0,0,0,0,0,0,0,0,0,0,1,0,0,1,0,0,1,0,0,0,0,0,0,0,0,0
404.1,2.3,32.41,10.71,0.7,37.4,179.84,198.84,50.82,0.49,2.88,66,3.32,0,0,0,0,0,0,1,1,0,0,0,1,0,0,1,0,0,1,0,0,0,0,0,0,0,0,0
350.13,4.37,52.28,13.08,0.97,33.39,98.8,147.41,73.87,1.66,4.37,72,5.4,0,0,0,0,0,0,1,0,0,0,0,1,0,0,1,0,0,1,0,0,0,0,0,0,0,0,0
260.27,2.21,44.8,22.39,0.14,41.54,223.7,175.53,66.67,0.37,4.82,74,9.1,0,0,0,0,0,0,0,0,0,0,0,0,0,0,1,0,0,1,0,0,0,0,0,0,0,0,0
418.48,4.17,61.39,12.08,1.38,49.2,292.16,84.85,27.5,0.53,0.61,65,7.87,0,0,0,0,0,0,1,0,0,0,0,0,0,0,1,0,0,1,0,0,0,0,0,0,0,0,0
401.94,4.63,42.76,15.0,1.82,26.57,112.12,140.93,29.3,1.78,0.24,80,11.39,0,0,0,0,0,0,0,0,0,0,0,1,0,0,1,0,0,1,0,0,0,0,0,0,0,0,0
313.48,2.25,60.51,17.74,1.63,23.02,205.31,87.16,92.26,0.22,4.22,88,7.54,0,0,0,0,0,0,0,0,0,0,0,0,0,0,1,0,0,1,0,0,0,0,0,0,0,0,0
210.08,5.87,54.24,12.75,0.36,22.92,196.84,135.34,62.67,1.97,2.66,80,4.02,0,0,0,0,0,0,1,1,0,0,0,1,0,0,1,0,0,1,0,0,0,0,0,0,0,0,0
289.69,3.65,53.04,13.62,1.28,47.6,58.42,145.96,29.34,0.93,3.63,90,6.2,0,0,0,0,0,0,1,0,0,0,0,1,0,0,1,0,0,1,0,0,0,0,0,0,0,0,0
437.82,5.8,57.59,11.93,1.94,46.41,99.3,162.57,33.9,0.13,2.64,84,4.7,0,0,0,0,0,0,1,1,0,0,0,1,0,0,1,0,0,1,0,0,0,0,0,0,0,0,0
304.51,7.67,41.4,10.64,1.99,32.09,220.06,84.73,64.01,0.77,4.81,75,4.32,0,0,0,0,0,0,1,1,0,0,0,0,0,0,1,0,0,1,0,0,0,0,0,0,0,0,0
427.14,6.2,37.89,19.03,0.79,47.25,174.02,57.22,82.96,1.11,3.62,85,4.7,0,0,0,0,0,0,0,0,0,0,0,1,0,0,1,0,0,1,0,0,0,0,0,0,0,0,0
208.35,1.95,57.15,0.48,0.0,50.89,13.5,31.9,3.62,0.0,9.67,78,0.0,1,1,0,0,0,0,1,1,0,1,1,1,0,0,1,0,0,1,0,0,0,0,0,1,1,0,0
247.4,0.28,49.73,0.51,0.0,44.63,51.88,22.84,5.86,0.0,0.67,70,0.0,1,1,0,0,0,0,1,1,0,1,1,1,0,0,1,0,0,1,0,0,0,0,0,1,1,0,0
260.47,0.95,65.71,0.58,0.0,69.22,45.39,32.61,16.7,0.0,8.62,89,0.0,1,1,0,0,0,0,1,1,0,1,1,1,0,0,1,0,0,1,0,0,0,0,0,1,1,0,0
267.0,0.99,29.26,0.22,0.0,65.34,9.52,44.57,15.98,0.0,6.89,71,0.0,1,1,0,0,0,0,1,1,0,1,1,1,0,0,1,0,0,1,0,0,0,0,0,1,1,0,0
237.51,0.08,38.13,0.91,0.0,68.23,21.35,49.9,13.95,0.0,3.97,83,0.0,1,1,0,0,0,0,1,1,0,1,1,1,0,0,1,0,0,1,0,0,0,0,0,1,1,0,0
236.19,0.19,53.43,0.88,0.0,58.2,2.54,47.05,19.66,0.0,1.07,87,0.0,1,1,0,0,0,0,1,1,0,1,1,1,0,0,1,0,0,1,0,0,0,0,0,1,1,0,0
240.97,0.93,43.21,0.4,0.0,67.7,45.03,47.2,17.59,0.0,5.88,86,0.0,1,1,0,0,0,0,1,1,0,1,1,1,0,0,1,0,0,1,0,0,0,0,0,1,1,0,0
266.4,1.33,26.52,0.38,0.0,57.93,28.71,49.31,13.69,0.0,0.97,78,0.0,1,1,0,0,0,0,1,1,0,1,1,1,0,0,1,0,0,1,0,0,0,0,0,1,1,0,0
241.95,1.19,41.08,0.81,0.0,64.14,24.3,27.83,6.85,0.0,8.31,83,0.0,1,1,0,0,0,0,1,1,0,1,1,1,0,0,1,0,0,1,0,0,0,0,0,1,1,0,0
129.0,0.76,25.43,0.6,0.0,53.35,78.61,42.0,17.02,0.0,8.71,82,0.0,1,1,0,0,0,0,1,1,0,1,1,1,0,0,1,0,0,1,0,0,0,0,0,1,1,0,0
297.46,1.9,50.85,0.84,0.0,43.72,18.4,30.8,9.92,0.0,6.73,70,0.0,1,1,0,0,0,0,1,1,0,1,1,1,0,0,1,0,0,1,0,0,0,0,0,1,1,0,0
176.98,0.82,39.39,0.26,0.0,32.35,40.35,46.18,4.49,0.0,1.42,80,0.0,1,1,0,0,0,0,1,1,0,1,1,1,0,0,1,0,0,1,0,0,0,0,0,1,1,0,0
167.14,0.77,31.95,0.24,0.0,37.8,70.14,31.51,16.45,0.0,1.28,86,0.0,1,1,0,0,0,0,1,1,0,1,1,1,0,0,1,0,0,1,0,0,0,0,0,1,1,0,0
193.58,0.26,65.44,0.23,0.0,66.59,80.89,37.74,0.68,0.0,6.54,89,0.0,1,1,0,0,0,0,1,1,0,1,1,1,0,0,1,0,0,1,0,0,0,0,0,1,1,0,0
148.96,0.14,39.97,0.66,0.0,58.23,11.07,45.4,5.62,0.0,6.14,81,0.0,1,1,0,0,0,0,1,1,0,1,1,1,0,0,1,0,0,1,0,0,0,0,0,1,1,0,0
181.41,0.46,38.14,0.43,0.0,42.17,73.54,16.74,12.55,0.0,8.02,73,0.0,1,1,0,0,0,0,1,1,0,1,1,1,0,0,1,0,0,1,0,0,0,0,0,1,1,0,0
251.21,0.46,53.12,0.7,0.0,34.32,84.87,26.84,4.33,0.0,8.63,85,0.0,1,1,0,0,0,0,1,1,0,1,1,1,0,0,1,0,0,1,0,0,0,0,0,1,1,0,0
101.12,0.27,28.43,0.1,0.0,40.23,11.37,45.29,12.31,0.0,3.72,81,0.0,1,1,0,0,0,0,1,1,0,1,1,1,0,0,1,0,0,1,0,0,0,0,0,1,1,0,0
148.57,1.54,41.93,0.47,0.0,29.26,67.73,18.6,1.25,0.0,1.21,87,0.0,1,1,0,0,0,0,1,1,0,1,1,1,0,0,1,0,0,1,0,0,0,0,0,1,1,0,0
113.53,0.31,31.64,0.42,0.0,63.45,57.81,24.73,1.39,0.0,1.17,71,0.0,1,1,0,0,0,0,1,1,0,1,1,1,0,0,1,0,0,1,0,0,0,0,0,1,1,0,0
208.8,0.3,60.41,0.31,0.0,46.18,92.26,21.89,18.11,0.0,0.84,72,0.0,1,1,0,0,0,0,1,1,0,1,1,1,0,0,1,0,0,1,0,0,0,0,0,1,1,0,0
233.56,1.63,32.88,0.95,0.0,26.16,69.79,17.38,15.18,0.0,2.37,78,0.0,1,1,0,0,0,0,1,1,0,1,1,1,0,0,1,0,0,1,0,0,0,0,0,1,1,0,0
145.74,1.82,49.07,0.3,0.0,39.05,96.33,49.32,13.34,0.0,2.63,86,0.0,1,1,0,0,0,0,1,1,0,1,1,1,0,0,1,0,0,1,0,0,0,0,0,1,1,0,0
120.88,0.15,47.81,0.88,0.0,34.55,69.33,43.03,16.15,0.0,1.3,70,0.0,1,1,0,0,0,0,1,1,0,1,1,1,0,0,1,0,0,1,0,0,0,0,0,1,1,0,0
161.08,0.21,62.49,0.76,0.0,38.49,70.37,18.8,0.23,0.0,5.24,83,0.0,1,1,0,0,0,0,1,1,0,1,1,1,0,0,1,0,0,1,0,0,0,0,0,1,1,0,0
133.78,1.97,47.19,0.01,0.0,47.4,83.63,31.94,2.03,0.0,9.97,85,0.0,1,1,0,0,0,0,1,1,0,1,1,1,0,0,1,0,0,1,0,0,0,0,0,1,1,0,0
226.81,0.76,49.68,0.87,0.0,28.26,79.89,32.2,8.99,0.0,0.93,85,0.0,1,1,0,0,0,0,1,1,0,1,1,1,0,0,1,0,0,1,0,0,0,0,0,1,1,0,0
275.2,1.0,34.98,0.81,0.0,67.11,25.04,16.71,9.87,0.0,0.36,78,0.0,1,1,0,0,0,0,1,1,0,1,1,1,0,0,1,0,0,1,0,0,0,0,0,1,1,0,0
101.87,0.59,46.48,0.39,0.0,51.09,71.03,37.02,7.88,0.0,4.99,83,0.0,1,1,0,0,0,0,1,1,0,1,1,1,0,0,1,0,0,1,0,0,0,0,0,1,1,0,0
269.32,1.82,66.59,0.76,0.0,25.67,92.02,24.06,0.82,0.0,7.33,77,0.0,1,1,0,0,0,0,1,1,0,1,1,1,0,0,1,0,0,1,0,0,0,0,0,1,1,0,0
145.55,1.8,48.54,0.82,0.0,67.46,90.91,29.32,6.37,0.0,6.75,74,0.0,1,1,0,0,0,0,1,1,0,1,1,1,0,0,1,0,0,1,0,0,0,0,0,1,1,0,0
241.58,1.34,30.52,0.24,0.0,38.69,2.58,12.55,15.51,0.0,3.82,82,0.0,1,1,0,0,0,0,1,1,0,1,1,1,0,0,1,0,0,1,0,0,0,0,0,1,1,0,0
203.94,0.51,69.94,0.27,0.0,53.07,51.09,10.85,2.59,0.0,4.84,89,0.0,1,1,0,0,0,0,1,1,0,1,1,1,0,0,1,0,0,1,0,0,0,0,0,1,1,0,0
150.63,0.45,68.1,0.36,0.0,68.66,79.48,20.18,8.18,0.0,3.57,81,0.0,1,1,0,0,0,0,1,1,0,1,1,1,0,0,1,0,0,1,0,0,0,0,0,1,1,0,0
215.15,0.63,44.98,0.36,0.0,28.21,11.19,34.95,13.68,0.0,7.63,76,0.0,1,1,0,0,0,0,1,1,0,1,1,1,0,0,1,0,0,1,0,0,0,0,0,1,1,0,0
183.7,0.44,39.03,0.59,0.0,56.58,54.3,34.08,10.57,0.0,8.16,87,0.0,1,1,0,0,0,0,1,1,0,1,1,1,0,0,1,0,0,1,0,0,0,0,0,1,1,0,0
166.36,0.04,26.95,0.03,0.0,30.15,14.21,29.37,9.63,0.0,0.74,76,0.0,1,1,0,0,0,0,1,1,0,1,1,1,0,0,1,0,0,1,0,0,0,0,0,1,1,0,0
130.3,0.19,54.38,0.39,0.0,54.37,5.28,21.72,9.22,0.0,0.49,81,0.0,1,1,0,0,0,0,1,1,0,1,1,1,0,0,1,0,0,1,0,0,0,0,0,1,1,0,0
282.28,0.3,36.22,0.65,0.0,38.48,85.52,30.24,19.13,0.0,9.74,83,0.0,1,1,0,0,0,0,1,1,0,1,1,1,0,0,1,0,0,1,0,0,0,0,0,1,1,0,0
237.4,1.58,56.28,0.36,0.0,66.74,38.76,20.1,10.39,0.0,2.62,83,0.0,1,1,0,0,0,0,1,1,0,1,1,1,0,0,1,0,0,1,0,0,0,0,0,1,1,0,0
200.46,1.56,33.42,0.55,0.0,47.08,11.69,39.36,16.78,0.0,1.69,75,0.0,1,1,0,0,0,0,1,1,0,1,1,1,0,0,1,0,0,1,0,0,0,0,0,1,1,0,0
267.84,1.41,50.37,0.89,0.0,57.15,14.66,12.44,2.66,0.0,4.4,86,0.0,1,1,0,0,0,0,1,1,0,1,1,1,0,0,1,0,0,1,0,0,0,0,0,1,1,0,0
194.17,0.41,45.37,0.28,0.0,69.59,54.72,35.88,18.39,0.0,1.67,87,0.0,1,1,0,0,0,0,1,1,0,1,1,1,0,0,1,0,0,1,0,0,0,0,0,1,1,0,0
100.92,1.71,28.42,0.9,0.0,69.55,80.95,15.67,14.12,0.0,8.97,87,0.0,1,1,0,0,0,0,1,1,0,1,1,1,0,0,1,0,0,1,0,0,0,0,0,1,1,0,0
212.51,0.94,36.68,0.16,0.0,57.62,53.62,49.25,4.86,0.0,5.15,75,0.0,1,1,0,0,0,0,1,1,0,1,1,1,0,0,1,0,0,1,0,0,0,0,0,1,1,0,0
189.66,0.03,27.72,0.12,0.0,30.29,42.61,17.15,15.58,0.0,3.9,72,0.0,1,1,0,0,0,0,1,1,0,1,1,1,0,0,1,0,0,1,0,0,0,0,0,1,1,0,0
149.85,0.45,27.33,0.19,0.0,43.25,30.95,30.59,7.56,0.0,8.07,76,0.0,1,1,0,0,0,0,1,1,0,1,1,1,0,0,1,0,0,1,0,0,0,0,0,1,1,0,0
149.33,1.56,41.98,0.01,0.0,35.26,68.33,17.78,16.85,0.0,3.93,84,0.0,1,1,0,0,0,0,1,1,0,1,1,1,0,0,1,0,0,1,0,0,0,0,0,1,1,0,0
249.83,1.32,50.28,0.42,0.0,43.33,54.81,33.59,5.35,0.0,0.18,88,0.0,1,1,0,0,0,0,1,1,0,1,1,1,0,0,1,0,0,1,0,0,0,0,0,1,1,0,0
106.87,0.92,42.37,0.34,0.0,65.28,1.9,41.0,5.06,0.0,4.2,86,0.0,1,1,0,0,0,0,1,1,0,1,1,1,0,0,1,0,0,1,0,0,0,0,0,1,1,0,0
122.87,0.6,61.98,0.13,0.0,38.0,88.35,27.13,3.43,0.0,1.77,82,0.0,1,1,0,0,0,0,1,1,0,1,1,1,0,0,1,0,0,1,0,0,0,0,0,1,1,0,0
174.56,1.9,62.97,0.83,0.0,45.57,9.72,40.62,7.62,0.0,4.83,75,0.0,1,1,0,0,0,0,1,1,0,1,1,1,0,0,1,0,0,1,0,0,0,0,0,1,1,0,0
253.8,1.47,29.59,0.04,0.0,34.78,71.23,28.03,10.46,0.0,4.79,73,0.0,1,1,0,0,0,0,1,1,0,1,1,1,0,0,1,0,0,1,0,0,0,0,0,1,1,0,0
181.13,0.66,64.25,0.92,0.0,37.26,91.25,39.48,3.08,0.0,0.26,80,0.0,1,1,0,0,0,0,1,1,0,1,1,1,0,0,1,0,0,1,0,0,0,0,0,1,1,0,0
149.31,1.57,56.06,0.88,0.0,49.63,73.88,48.97,19.79,0.0,8.91,70,0.0,1,1,0,0,0,0,1,1,0,1,1,1,0,0,1,0,0,1,0,0,0,0,0,1,1,0,0
135.39,1.09,68.1,0.63,0.0,69.49,15.69,38.72,10.65,0.0,1.77,74,0.0,1,1,0,0,0,0,1,1,0,1,1,1,0,0,1,0,0,1,0,0,0,0,0,1,1,0,0
274.58,0.93,29.66,0.88,0.0,44.74,40.74,24.6,10.52,0.0,4.66,83,0.0,1,1,0,0,0,0,1,1,0,1,1,1,0,0,1,0,0,1,0,0,0,0,0,1,1,0,0
173.38,0.99,55.29,0.58,0.0,53.16,91.08,10.22,17.81,0.0,1.72,89,0.0,1,1,0,0,0,0,1,1,0,1,1,1,0,0,1,0,0,1,0,0,0,0,0,1,1,0,0
264.69,0.7,57.56,0.78,0.0,60.24,31.69,30.65,13.73,0.0,2.74,76,0.0,1,1,0,0,0,0,1,1,0,1,1,1,0,0,1,0,0,1,0,0,0,0,0,1,1,0,0
184.66,0.03,57.33,0.1,0.0,50.46,0.17,49.2,6.04,0.0,8.54,70,0.0,1,1,0,0,0,0,1,1,0,1,1,1,0,0,1,0,0,1,0,0,0,0,0,1,1,0,0
198.94,0.26,69.21,0.01,0.0,62.5,23.98,46.46,6.22,0.0,0.11,79,0.0,1,1,0,0,0,0,1,1,0,1,1,1,0,0,1,0,0,1,0,0,0,0,0,1,1,0,0
100.2,1.16,40.01,0.39,0.0,48.81,23.01,15.39,17.81,0.0,0.77,71,0.0,1,1,0,0,0,0,1,1,0,1,1,1,0,0,1,0,0,1,0,0,0,0,0,1,1,0,0
163.43,0.01,66.01,0.76,0.0,56.58,2.0,11.11,10.52,0.0,9.64,73,0.0,1,1,0,0,0,0,1,1,0,1,1,1,0,0,1,0,0,1,0,0,0,0,0,1,1,0,0
192.23,0.64,37.47,0.22,0.0,25.08,58.98,21.66,3.36,0.0,5.29,78,0.0,1,1,0,0,0,0,1,1,0,1,1,1,0,0,1,0,0,1,0,0,0,0,0,1,1,0,0
245.35,0.25,54.97,0.69,0.0,36.84,64.03,34.73,7.71,0.0,0.87,87,0.0,1,1,0,0,0,0,1,1,0,1,1,1,0,0,1,0,0,1,0,0,0,0,0,1,1,0,0
269.12,0.81,26.38,0.45,0.0,31.42,39.31,13.96,19.15,0.0,4.01,83,0.0,1,1,0,0,0,0,1,1,0,1,1,1,0,0,1,0,0,1,0,0,0,0,0,1,1,0,0
115.76,1.09,59.79,0.95,0.0,29.48,8.85,39.26,4.31,0.0,9.77,75,0.0,1,1,0,0,0,0,1,1,0,1,1,1,0,0,1,0,0,1,0,0,0,0,0,1,1,0,0
272.15,1.24,58.48,0.36,0.0,37.58,59.0,21.28,2.24,0.0,3.53,80,0.0,1,1,0,0,0,0,1,1,0,1,1,1,0,0,1,0,0,1,0,0,0,0,0,1,1,0,0
264.1,0.36,45.74,0.44,0.0,68.47,25.51,12.7,13.01,0.0,5.66,76,0.0,1,1,0,0,0,0,1,1,0,1,1,1,0,0,1,0,0,1,0,0,0,0,0,1,1,0,0
250.73,0.93,59.09,0.48,0.0,64.6,89.05,28.18,17.19,0.0,1.02,71,0.0,1,1,0,0,0,0,1,1,0,1,1,1,0,0,1,0,0,1,0,0,0,0,0,1,1,0,0
130.6,0.94,29.25,0.6,0.0,58.19,37.83,49.75,13.26,0.0,6.7,85,0.0,1,1,0,0,0,0,1,1,0,1,1,1,0,0,1,0,0,1,0,0,0,0,0,1,1,0,0
265.32,0.35,41.82,0.31,0.0,44.94,94.79,31.52,5.73,0.0,6.13,84,0.0,1,1,0,0,0,0,1,1,0,1,1,1,0,0,1,0,0,1,0,0,0,0,0,1,1,0,0
105.33,0.02,35.1,0.8,0.0,42.63,56.32,38.24,19.06,0.0,0.57,75,0.0,1,1,0,0,0,0,1,1,0,1,1,1,0,0,1,0,0,1,0,0,0,0,0,1,1,0,0
106.65,1.92,56.33,0.19,0.0,50.63,63.35,43.25,18.07,0.0,8.44,73,0.0,1,1,0,0,0,0,1,1,0,1,1,1,0,0,1,0,0,1,0,0,0,0,0,1,1,0,0
239.79,0.21,36.94,0.82,0.0,65.86,8.87,22.54,7.11,0.0,9.87,81,0.0,1,1,0,0,0,0,1,1,0,1,1,1,0,0,1,0,0,1,0,0,0,0,0,1,1,0,0
178.1,0.27,28.01,0.79,0.0,43.53,89.62,26.43,14.21,0.0,8.41,85,0.0,1,1,0,0,0,0,1,1,0,1,1,1,0,0,1,0,0,1,0,0,0,0,0,1,1,0,0
137.66,1.41,26.5,0.12,0.0,61.59,59.24,33.27,14.99,0.0,4.21,77,0.0,1,1,0,0,0,0,1,1,0,1,1,1,0,0,1,0,0,1,0,0,0,0,0,1,1,0,0
134.25,0.11,48.36,0.82,0.0,40.72,66.35,15.23,4.72,0.0,9.53,75,0.0,1,1,0,0,0,0,1,1,0,1,1,1,0,0,1,0,0,1,0,0,0,0,0,1,1,0,0
262.79,1.6,44.56,0.22,0.0,53.86,19.02,40.92,6.61,0.0,5.12,86,0.0,1,1,0,0,0,0,1,1,0,1,1,1,0,0,1,0,0,1,0,0,0,0,0,1,1,0,0
210.92,1.36,61.52,0.64,0.0,33.57,27.75,19.19,15.97,0.0,7.96,73,0.0,1,1,0,0,0,0,1,1,0,1,1,1,0,0,1,0,0,1,0,0,0,0,0,1,1,0,0
32.29,1.05,0.29,0.0,0.11,1.23,49.49,136.12,36.28,0.05,31.77,17,0.0,1,1,0,0,0,0,1,1,0,1,1,1,0,0,1,0,1,1,1,1,0,1,1,1,1,1,1
24.79,0.21,0.82,0.0,0.03,2.04,10.06,172.35,11.0,0.68,42.78,19,0.0,1,1,0,0,0,0,1,1,0,1,1,1,0,0,1,0,1,1,1,1,0,1,1,1,1,1,1
10.91,0.21,4.94,0.0,0.07,3.41,10.98,140.3,33.37,0.09,28.02,6,0.0,1,1,0,0,0,0,1,1,0,1,1,1,0,0,1,0,1,1,1,1,0,1,1,1,1,1,1
17.07,1.39,6.48,0.0,0.75,6.66,12.07,298.12,11.86,0.22,39.0,16,0.0,1,1,0,0,0,0,1,1,0,1,1,0,0,0,1,0,1,1,1,1,0,1,1,1,1,1,1
20.33,0.38,2.71,0.0,0.13,3.64,44.91,172.65,50.78,0.79,13.39,2,0.0,1,1,0,0,0,0,1,1,0,1,1,1,0,0,1,0,1,1,1,1,0,1,1,1,1,1,1
47.63,1.0,2.03,0.0,0.34,6.53,2.84,133.04,18.49,0.09,32.92,5,0.0,1,1,0,0,0,0,1,1,0,1,1,1,0,0,1,0,1,1,1,1,0,1,1,1,1,1,1
29.65,0.67,1.01,0.0,0.0,2.63,10.9,147.13,38.01,0.7,13.01,12,0.0,1,1,0,0,0,0,1,1,0,1,1,1,0,0,1,0,1,1,1,1,0,1,1,1,1,1,1
30.6,0.73,0.76,0.0,0.6,3.26,19.53,255.09,12.67,0.3,40.59,12,0.0,1,1,0,0,0,0,1,1,0,1,1,0,0,0,1,0,1,1,1,1,0,1,1,1,1,1,1
33.34,1.96,0.18,0.0,0.02,6.73,48.06,298.26,51.32,0.87,6.12,10,0.0,1,1,0,0,0,0,1,1,0,1,1,0,0,0,1,0,1,1,1,1,0,1,1,1,1,1,1
29.21,1.78,0.72,0.0,0.93,1.71,41.89,224.51,11.3,0.23,30.29,16,0.0,1,1,0,0,0,0,1,1,0,1,1,0,0,0,1,0,1,1,1,1,0,1,1,1,1,1,1
17.15,1.29,1.85,0.0,0.4,0.42,31.4,204.71,96.98,0.3,20.95,0,0.0,1,1,0,0,0,0,1,1,0,1,1,0,0,0,1,0,1,1,1,1,0,1,1,1,1,1,1
20.43,0.89,2.02,0.0,0.11,5.63,34.12,130.63,52.57,0.3,36.55,6,0.0,1,1,0,0,0,0,1,1,0,1,1,1,0,0,1,0,1,1,1,1,0,1,1,1,1,1,1
8.69,1.39,7.7,0.0,0.35,5.09,34.42,149.26,19.36,0.61,40.11,8,0.0,1,1,0,0,0,0,1,1,0,1,1,1,0,0,1,0,1,1,1,1,0,1,1,1,1,1,1
8.6,1.66,4.9,0.0,0.48,4.55,30.09,291.96,30.07,0.21,2.86,14,0.0,1,1,0,0,0,0,1,1,0,1,1,0,0,0,1,0,1,1,1,1,0,1,1,1,1,1,1
4.31,0.41,5.11,0.0,0.07,4.35,2.71,177.93,96.85,0.31,36.18,16,0.0,1,1,0,0,0,0,1,1,0,1,1,1,0,0,1,0,1,1,1,1,0,1,1,1,1,1,1
36.68,1.04,6.44,0.0,0.24,4.24,27.8,162.81,26.13,0.22,14.05,6,0.0,1,1,0,0,0,0,1,1,0,1,1,1,0,0,1,0,1,1,1,1,0,1,1,1,1,1,1
45.52,0.36,2.51,0.0,0.56,5.22,21.65,153.11,20.59,0.62,8.79,15,0.0,1,1,0,0,0,0,1,1,0,1,1,1,0,0,1,0,1,1,1,1,0,1,1,1,1,1,1
14.91,0.27,3.63,0.0,0.26,5.79,13.49,263.47,25.99,0.37,31.11,19,0.0,1,1,0,0,0,0,1,1,0,1,1,0,0,0,1,0,1,1,1,1,0,1,1,1,1,1,1
42.31,1.2,6.96,0.0,0.55,7.29,42.42,289.53,86.54,0.82,23.47,12,0.0,1,1,0,0,0,0,1,1,0,1,1,0,0,0,1,0,1,1,1,1,0,1,1,1,1,1,1
8.65,0.4,1.33,0.0,0.53,2.58,45.41,96.8,64.26,0.9,2.36,14,0.0,1,1,0,0,0,0,1,1,0,1,1,1,0,0,1,0,1,1,1,1,0,1,1,1,1,1,1
4.92,1.18,5.93,0.0,0.37,6.96,47.21,163.52,17.16,0.26,11.65,5,0.0,1,1,0,0,0,0,1,1,0,1,1,1,0,0,1,0,1,1,1,1,0,1,1,1,1,1,1
19.84,1.76,5.21,0.0,0.98,2.25,3.26,179.0,48.16,0.45,31.01,16,0.0,1,1,0,0,0,0,1,1,0,1,1,1,0,0,1,0,1,1,1,1,0,1,1,1,1,1,1
11.32,1.4,0.24,0.0,0.46,5.51,23.85,294.33,40.12,0.98,3.25,4,0.0,1,1,0,0,0,0,1,1,0,1,1,0,0,0,1,0,1,1,1,1,0,1,1,1,1,1,1
47.43,0.4,6.96,0.0,0.55,6.56,31.64,217.4,32.83,0.82,32.52,20,0.0,1,1,0,0,0,0,1,1,0,1,1,0,0,0,1,0,1,1,1,1,0,1,1,1,1,1,1
32.3,1.97,4.81,0.0,0.56,6.26,48.79,186.03,47.51,0.86,48.49,12,0.0,1,1,0,0,0,0,1,1,0,1,1,1,0,0,1,0,1,1,1,1,0,1,1,1,1,1,1
19.07,1.46,1.7,0.0,0.91,0.92,37.27,225.62,21.75,0.69,28.49,20,0.0,1,1,0,0,0,0,1,1,0,1,1,0,0,0,1,0,1,1,1,1,0,1,1,1,1,1,1
14.36,1.27,4.72,0.0,0.17,2.22,14.33,200.49,97.53,0.95,11.36,14,0.0,1,1,0,0,0,0,1,1,0,1,1,0,0,0,1,0,1,1,1,1,0,1,1,1,1,1,1
12.45,0.72,1.86,0.0,0.17,2.77,30.05,151.14,15.89,0.95,16.9,8,0.0,1,1,0,0,0,0,1,1,0,1,1,1,0,0,1,0,1,1,1,1,0,1,1,1,1,1,1
0.45,1.56,6.78,0.0,0.07,6.1,2.29,76.4,49.64,0.48,40.81,19,0.0,1,1,0,0,0,0,1,1,0,1,1,1,0,0,1,0,1,1,1,1,0,1,1,1,1,1,1
11.31,0.57,0.99,0.0,0.73,1.93,41.77,167.38,39.06,0.41,35.47,7,0.0,1,1,0,0,0,0,1,1,0,1,1,1,0,0,1,0,1,1,1,1,0,1,1,1,1,1,1
37.08,0.34,4.64,0.0,0.02,5.38,27.57,287.7,33.28,0.86,15.45,3,0.0,1,1,0,0,0,0,1,1,0,1,1,0,0,0,1,0,1,1,1,1,0,1,1,1,1,1,1
43.18,0.39,6.87,0.0,0.84,2.12,6.64,188.74,55.85,0.36,33.14,10,0.0,1,1,0,0,0,0,1,1,0,1,1,1,0,0,1,0,1,1,1,1,0,1,1,1,1,1,1
4.43,1.52,4.2,0.0,0.41,0.17,33.13,141.44,74.26,0.63,32.56,19,0.0,1,1,0,0,0,0,1,1,0,1,1,1,0,0,1,0,1,1,1,1,0,1,1,1,1,1,1
14.43,1.76,3.36,0.0,0.02,6.51,12.02,127.26,14.07,0.41,42.63,18,0.0,1,1,0,0,0,0,1,1,0,1,1,1,0,0,1,0,1,1,1,1,0,1,1,1,1,1,1
43.37,0.12,2.44,0.0,0.03,6.13,45.32,242.62,76.94,0.84,33.29,14,0.0,1,1,0,0,0,0,1,1,0,1,1,0,0,0,1,0,1,1,1,1,0,1,1,1,1,1,1
25.98,0.42,5.57,0.0,0.02,5.95,9.44,256.22,41.95,0.34,0.59,3,0.0,1,1,0,0,0,0,1,1,0,1,1,0,0,0,1,0,1,1,1,1,0,1,1,1,1,1,1
46.49,0.93,3.06,0.0,0.32,0.55,45.07,208.71,28.64,0.02,36.18,5,0.0,1,1,0,0,0,0,1,1,0,1,1,0,0,0,1,0,1,1,1,1,0,1,1,1,1,1,1
48.61,0.12,6.85,0.0,0.38,0.15,0.3,101.0,54.45,0.46,29.26,12,0.0,1,1,0,0,0,0,1,1,0,1,1,1,0,0,1,0,1,1,1,1,0,1,1,1,1,1,1
2.84,1.73,7.24,0.0,0.53,2.25,0.74,169.86,21.64,0.18,24.04,18,0.0,1,1,0,0,0,0,1,1,0,1,1,1,0,0,1,0,1,1,1,1,0,1,1,1,1,1,1
9.87,1.78,7.74,0.0,0.12,3.89,40.83,193.12,21.93,0.17,43.21,2,0.0,1,1,0,0,0,0,1,1,0,1,1,1,0,0,1,0,1,1,1,1,0,1,1,1,1,1,1
33.65,0.26,4.2,0.0,0.04,7.63,40.33,125.71,21.76,0.35,44.71,18,0.0,1,1,0,0,0,0,1,1,0,1,1,1,0,0,1,0,1,1,1,1,0,1,1,1,1,1,1
14.44,1.64,2.29,0.0,0.91,0.35,38.52,92.37,29.37,0.46,28.82,0,0.0,1,1,0,0,0,0,1,1,0,1,1,1,0,0,1,0,1,1,1,1,0,1,1,1,1,1,1
2.68,1.73,1.76,0.0,0.62,1.32,38.08,266.49,35.68,0.88,4.05,15,0.0,1,1,0,0,0,0,1,1,0,1,1,0,0,0,1,0,1,1,1,1,0,1,1,1,1,1,1
16.18,0.3,5.32,0.0,0.46,3.93,23.86,199.61,12.65,0.99,35.82,2,0.0,1,1,0,0,0,0,1,1,0,1,1,1,0,0,1,0,1,1,1,1,0,1,1,1,1,1,1
48.19,0.11,0.32,0.0,0.29,4.65,36.21,67.27,89.41,0.28,19.07,7,0.0,1,1,0,0,0,0,1,1,0,1,1,1,0,0,1,0,1,1,1,1,0,1,1,1,1,1,1
27.4,1.17,1.73,0.0,0.83,1.19,21.73,283.18,55.37,0.73,41.34,15,0.0,1,1,0,0,0,0,1,1,0,1,1,0,0,0,1,0,1,1,1,1,0,1,1,1,1,1,1
37.93,1.51,0.48,0.0,0.4,6.63,21.09,281.48,99.69,0.78,33.32,15,0.0,1,1,0,0,0,0,1,1,0,1,1,0,0,0,1,0,1,1,1,1,0,1,1,1,1,1,1
6.77,1.42,5.03,0.0,0.42,2.58,4.4,124.82,85.46,0.78,48.62,9,0.0,1,1,0,0,0,0,1,1,0,1,1,1,0,0,1,0,1,1,1,1,0,1,1,1,1,1,1
19.57,1.86,0.99,0.0,0.26,4.57,20.54,69.97,66.63,0.1,30.32,1,0.0,1,1,0,0,0,0,1,1,0,1,1,1,0,0,1,0,1,1,1,1,0,1,1,1,1,1,1
1.37,1.39,0.57,0.0,0.7,2.32,10.52,250.38,95.16,0.23,15.86,4,0.0,1,1,0,0,0,0,1,1,0,1,1,0,0,0,1,0,1,1,1,1,0,1,1,1,1,1,1
37.03,1.71,3.01,0.0,0.83,1.9,23.06,98.58,92.25,0.41,10.62,2,0.0,1,1,0,0,0,0,1,1,0,1,1,1,0,0,1,0,1,1,1,1,0,1,1,1,1,1,1
48.87,1.0,2.52,0.0,0.09,3.93,2.51,175.96,32.73,0.48,20.92,8,0.0,1,1,0,0,0,0,1,1,0,1,1,1,0,0,1,0,1,1,1,1,0,1,1,1,1,1,1
23.7,1.67,5.33,0.0,0.91,6.05,3.79,88.44,17.35,0.32,21.78,1,0.0,1,1,0,0,0,0,1,1,0,1,1,1,0,0,1,0,1,1,1,1,0,1,1,1,1,1,1
21.41,0.82,7.58,0.0,0.12,1.14,26.01,147.73,77.87,0.32,6.4,5,0.0,1,1,0,0,0,0,1,1,0,1,1,1,0,0,1,0,1,1,1,1,0,1,1,1,1,1,1
15.01,1.29,7.27,0.0,0.13,0.96,46.16,215.69,95.66,0.58,23.09,14,0.0,1,1,0,0,0,0,1,1,0,1,1,0,0,0,1,0,1,1,1,1,0,1,1,1,1,1,1
23.98,1.14,1.52,0.0,0.34,5.87,27.86,188.57,71.69,0.33,21.46,4,0.0,1,1,0,0,0,0,1,1,0,1,1,1,0,0,1,0,1,1,1,1,0,1,1,1,1,1,1
30.56,1.73,6.55,0.0,0.14,1.25,48.45,218.31,13.83,0.14,24.29,8,0.0,1,1,0,0,0,0,1,1,0,1,1,0,0,0,1,0,1,1,1,1,0,1,1,1,1,1,1
2.67,0.34,0.23,0.0,0.94,6.71,31.99,96.37,88.26,0.75,13.34,1,0.0,1,1,0,0,0,0,1,1,0,1,1,1,0,0,1,0,1,1,1,1,0,1,1,1,1,1,1
35.14,0.04,5.36,0.0,0.06,5.8,32.02,273.73,56.77,0.53,35.35,3,0.0,1,1,0,0,0,0,1,1,0,1,1,0,0,0,1,0,1,1,1,1,0,1,1,1,1,1,1
11.5,0.48,2.69,0.0,0.8,7.49,49.93,158.44,30.44,0.56,44.06,3,0.0,1,1,0,0,0,0,1,1,0,1,1,1,0,0,1,0,1,1,1,1,0,1,1,1,1,1,1
6.2,0.7,7.5,0.0,0.82,4.28,31.65,92.52,23.62,0.16,33.35,17,0.0,1,1,0,0,0,0,1,1,0,1,1,1,0,0,1,0,1,1,1,1,0,1,1,1,1,1,1
32.71,1.76,1.12,0.0,0.3,1.29,5.53,219.58,29.24,0.67,43.1,18,0.0,1,1,0,0,0,0,1,1,0,1,1,0,0,0,1,0,1,1,1,1,0,1,1,1,1,1,1
46.1,1.64,5.36,0.0,0.02,3.29,42.92,158.25,10.47,0.16,21.7,16,0.0,1,1,0,0,0,0,1,1,0,1,1,1,0,0,1,0,1,1,1,1,0,1,1,1,1,1,1
17.61,1.2,3.83,0.0,0.66,2.67,32.69,145.92,73.02,0.67,25.44,9,0.0,1,1,0,0,0,0,1,1,0,1,1,1,0,0,1,0,1,1,1,1,0,1,1,1,1,1,1
5.81,0.36,1.97,0.0,0.71,2.94,4.68,254.99,71.53,0.45,12.37,7,0.0,1,1,0,0,0,0,1,1,0,1,1,0,0,0,1,0,1,1,1,1,0,1,1,1,1,1,1
9.42,1.14,7.69,0.0,0.44,5.73,41.23,197.63,88.46,0.51,41.5,20,0.0,1,1,0,0,0,0,1,1,0,1,1,1,0,0,1,0,1,1,1,1,0,1,1,1,1,1,1
30.25,1.22,6.25,0.0,0.03,5.87,39.19,225.11,74.23,0.04,22.1,1,0.0,1,1,0,0,0,0,1,1,0,1,1,0,0,0,1,0,1,1,1,1,0,1,1,1,1,1,1
22.02,1.9,7.71,0.0,0.35,3.06,41.11,247.79,98.48,0.47,36.84,18,0.0,1,1,0,0,0,0,1,1,0,1,1,0,0,0,1,0,1,1,1,1,0,1,1,1,1,1,1
28.93,1.87,7.27,0.0,0.56,4.22,16.44,112.72,56.11,0.58,12.23,16,0.0,1,1,0,0,0,0,1,1,0,1,1,1,0,0,1,0,1,1,1,1,0,1,1,1,1,1,1
26.33,0.87,0.46,0.0,0.32,5.14,30.37,196.12,57.31,0.18,14.03,14,0.0,1,1,0,0,0,0,1,1,0,1,1,1,0,0,1,0,1,1,1,1,0,1,1,1,1,1,1
23.36,0.32,6.06,0.0,0.53,0.23,18.26,110.78,67.28,0.52,17.79,12,0.0,1,1,0,0,0,0,1,1,0,1,1,1,0,0,1,0,1,1,1,1,0,1,1,1,1,1,1
21.0,1.92,2.55,0.0,0.32,0.89,31.38,279.01,50.73,0.63,30.44,17,0.0,1,1,0,0,0,0,1,1,0,1,1,0,0,0,1,0,1,1,1,1,0,1,1,1,1,1,1
12.97,0.76,3.54,0.0,0.35,5.08,10.67,113.14,68.36,0.76,23.11,5,0.0,1,1,0,0,0,0,1,1,0,1,1,1,0,0,1,0,1,1,1,1,0,1,1,1,1,1,1
6.79,1.44,5.52,0.0,0.94,5.83,15.08,138.35,45.2,0.03,45.68,1,0.0,1,1,0,0,0,0,1,1,0,1,1,1,0,0,1,0,1,1,1,1,0,1,1,1,1,1,1
30.53,0.29,1.4,0.0,0.17,1.08,48.89,53.68,39.29,0.03,41.9,4,0.0,1,1,0,0,0,0,1,1,0,1,1,1,0,0,1,0,1,1,1,1,0,1,1,1,1,1,1
37.44,0.42,1.15,0.0,0.48,4.31,21.46,215.77,48.48,0.95,13.05,11,0.0,1,1,0,0,0,0,1,1,0,1,1,0,0,0,1,0,1,1,1,1,0,1,1,1,1,1,1
43.81,0.87,4.86,0.0,0.92,0.2,5.2,282.79,61.17,0.99,39.63,12,0.0,1,1,0,0,0,0,1,1,0,1,1,0,0,0,1,0,1,1,1,1,0,1,1,1,1,1,1
35.33,1.88,0.7,0.0,0.05,4.26,31.14,150.88,81.81,0.69,49.29,16,0.0,1,1,0,0,0,0,1,1,0,1,1,1,0,0,1,0,1,1,1,1,0,1,1,1,1,1,1
48.74,0.02,7.47,0.0,0.05,7.12,23.54,241.54,17.13,0.96,30.38,9,0.0,1,1,0,0,0,0,1,1,0,1,1,0,0,0,1,0,1,1,1,1,0,1,1,1,1,1,1
26.64,0.07,6.72,0.0,0.91,4.31,8.42,162.93,99.55,0.31,13.47,8,0.0,1,1,0,0,0,0,1,1,0,1,1,1,0,0,1,0,1,1,1,1,0,1,1,1,1,1,1
31.05,1.34,14.4,2.47,3.68,0.83,20.54,145.69,272.34,17.77,22.3,16,0.8,1,1,0,0,1,1,1,1,1,1,1,1,0,1,0,1,1,1,1,1,0,1,1,1,1,1,1
25.74,3.52,2.1,1.58,3.19,2.81,19.19,427.03,233.0,24.33,22.6,8,0.5,1,1,0,0,1,1,1,1,1,1,1,0,0,0,0,1,1,1,1,1,0,1,1,1,1,1,1
43.19,2.44,12.9,0.34,4.19,0.78,34.7,212.54,241.76,20.29,26.49,7,0.92,1,1,0,0,1,1,1,1,1,1,1,0,1,1,0,1,1,1,1,1,0,1,1,1,0,1,1
29.46,2.29,9.33,1.43,6.55,1.13,22.17,366.69,245.52,19.1,8.7,5,0.17,1,1,0,0,1,1,1,1,1,1,1,0,1,1,0,1,1,1,1,1,0,1,1,1,0,1,1
7.46,4.96,6.52,3.05,2.3,0.9,26.83,362.39,101.94,16.54,5.05,6,0.02,1,1,0,0,1,0,1,1,0,1,1,0,0,0,0,1,1,1,1,1,0,1,1,1,1,0,1
22.69,2.07,4.05,1.92,3.42,2.98,25.3,383.24,105.22,15.22,5.47,17,0.77,1,1,0,0,1,1,1,1,1,1,1,0,0,0,0,1,1,1,1,1,0,1,1,1,1,1,1
51.87,3.77,10.02,1.25,3.75,1.72,30.21,303.06,85.67,16.49,28.97,8,0.01,1,1,0,0,1,1,1,1,1,1,1,0,0,1,0,1,1,1,1,1,0,1,1,1,1,1,1
17.52,4.26,13.62,2.83,6.96,0.27,24.1,442.5,225.66,24.84,27.69,8,0.18,1,1,0,0,1,1,1,1,1,1,1,0,1,1,0,1,1,1,1,1,0,1,1,1,0,1,1
77.74,2.17,10.23,0.28,3.5,0.63,5.12,178.38,198.28,14.75,22.23,19,0.17,1,1,0,0,1,1,1,1,1,1,1,1,0,1,0,1,1,1,1,1,0,1,1,1,1,1,1
11.79,3.84,7.01,3.65,4.7,1.05,17.21,165.72,198.45,19.55,24.4,9,0.18,1,1,0,0,1,1,1,1,1,1,1,1,1,1,0,1,1,1,1,1,0,1,1,1,0,0,1
15.43,2.15,6.82,1.31,3.87,0.42,10.79,217.92,150.5,13.4,24.16,7,0.34,1,1,0,0,1,1,1,1,1,1,1,0,0,1,0,1,1,1,1,1,0,1,1,1,1,1,1
69.3,4.95,6.46,2.82,5.29,0.58,37.13,199.72,234.24,13.69,12.28,20,0.1,1,1,0,0,1,1,1,1,1,1,1,1,1,1,0,1,1,1,1,1,0,1,1,1,0,1,1
53.93,4.75,11.81,1.11,5.59,0.88,8.91,458.61,94.81,7.78,17.45,15,0.19,1,1,0,0,1,1,1,1,1,1,1,0,1,1,0,1,1,1,1,1,0,1,1,1,0,1,1
42.49,4.98,10.86,3.51,2.15,2.62,29.42,185.38,56.42,11.5,27.64,19,0.03,1,1,0,0,1,0,1,1,0,1,1,1,0,0,0,1,1,1,1,1,0,1,1,1,1,0,1
15.73,2.49,11.17,2.34,2.22,2.39,26.18,543.58,154.41,17.26,13.36,6,0.53,1,1,0,0,1,0,1,1,0,1,1,0,0,0,0,1,1,1,1,1,0,1,1,1,1,1,1
52.43,4.69,8.67,3.35,3.62,2.93,7.76,462.41,215.14,9.79,12.89,18,0.31,1,1,0,0,1,1,1,1,1,1,1,0,0,1,0,1,1,1,1,1,0,1,1,1,1,0,1
12.48,4.21,2.7,3.63,6.35,0.63,7.5,152.77,189.77,20.02,10.84,10,0.55,1,1,0,0,1,1,1,1,1,1,1,1,1,1,0,1,1,1,1,1,0,1,1,1,0,0,1
56.4,3.75,12.27,0.1,6.72,0.21,21.67,559.79,171.92,6.59,8.42,7,0.17,1,1,0,0,1,1,1,1,1,1,1,0,1,1,0,1,1,1,1,1,0,1,1,1,0,1,1
59.96,2.22,8.35,2.62,4.72,1.99,16.29,581.72,164.75,13.05,10.3,20,0.82,1,1,0,0,1,1,1,1,1,1,1,0,1,1,0,1,1,1,1,1,0,1,1,1,0,1,1
69.59,1.25,9.84,2.38,2.06,1.03,38.91,377.73,283.3,21.89,2.79,12,0.88,1,1,0,0,1,0,1,1,0,1,1,0,0,0,0,1,1,1,1,1,0,1,1,1,1,1,1
49.91,4.38,8.94,2.15,4.81,2.99,8.65,502.8,118.33,14.03,4.25,14,0.16,1,1,0,0,1,1,1,1,1,1,1,0,1,1,0,1,1,1,1,1,0,1,1,1,0,1,1
19.76,1.72,3.14,3.42,4.89,0.78,34.7,501.32,75.24,21.1,22.21,6,0.81,1,1,0,0,1,1,1,1,1,1,1,0,1,1,0,1,1,1,1,1,0,1,1,1,0,0,1
25.09,4.93,2.2,1.75,4.85,0.11,10.64,229.07,230.06,28.49,19.49,20,0.38,1,1,0,0,1,1,1,1,1,1,1,0,1,1,0,1,1,1,1,1,0,1,1,1,0,1,1
47.48,1.32,14.63,3.75,6.67,2.64,28.11,210.55,62.37,7.48,11.07,9,0.86,1,1,0,0,1,1,1,1,1,1,1,0,1,1,0,1,1,1,1,1,0,1,1,1,0,0,1
45.76,1.56,5.51,1.28,6.43,2.3,34.04,126.13,194.7,29.98,23.99,6,0.75,1,1,0,0,1,1,1,1,1,1,1,1,1,1,0,1,1,1,1,1,0,1,1,1,0,1,1
16.59,4.46,14.47,2.27,5.41,2.58,18.12,596.42,220.13,15.6,20.97,14,0.71,1,1,0,0,1,1,1,1,1,1,1,0,1,1,0,1,1,1,1,1,0,1,1,1,0,1,1
11.17,1.0,3.56,2.47,5.38,1.32,6.61,417.03,71.45,8.54,16.35,16,0.17,1,1,0,0,1,1,1,1,1,1,1,0,1,1,0,1,1,1,1,1,0,1,1,1,0,1,1
19.86,1.44,13.15,0.43,2.69,0.74,25.04,540.09,154.56,18.66,6.66,7,0.55,1,1,0,0,1,1,1,1,0,1,1,0,0,0,0,1,1,1,1,1,0,1,1,1,1,1,1
47.11,1.09,13.25,0.11,5.16,0.3,15.0,170.16,84.35,6.87,10.9,14,0.92,1,1,0,0,1,1,1,1,1,1,1,1,1,1,0,1,1,1,1,1,0,1,1,1,0,1,1
54.41,1.16,2.19,0.8,3.59,1.45,34.32,257.41,144.13,13.23,2.25,10,0.36,1,1,0,0,1,1,1,1,1,1,1,0,0,1,0,1,1,1,1,1,0,1,1,1,1,1,1
62.76,2.38,7.59,3.62,2.33,1.58,17.82,581.91,248.42,8.05,27.97,6,0.91,1,1,0,0,1,0,1,1,0,1,1,0,0,0,0,1,1,1,1,1,0,1,1,1,1,0,1
35.72,3.06,11.04,2.08,2.95,0.95,8.23,316.31,202.35,7.96,19.66,13,0.99,1,1,0,0,1,1,1,1,0,1,1,0,0,0,0,1,1,1,1,1,0,1,1,1,1,1,1
14.97,3.86,14.73,1.85,5.67,2.93,24.16,449.52,55.02,17.99,9.16,9,0.71,1,1,0,0,1,1,1,1,1,1,1,0,1,1,0,1,1,1,1,1,0,1,1,1,0,1,1
79.33,2.56,12.28,0.98,3.41,2.8,5.91,208.71,170.73,15.05,19.62,7,0.73,1,1,0,0,1,1,1,1,1,1,1,0,0,0,0,1,1,1,1,1,0,1,1,1,1,1,1
53.27,3.11,5.45,2.82,2.68,1.53,11.83,352.38,123.48,6.34,16.1,6,0.49,1,1,0,0,1,1,1,1,0,1,1,0,0,0,0,1,1,1,1,1,0,1,1,1,1,1,1
29.54,3.03,6.51,3.98,3.79,1.88,36.09,418.97,191.46,19.23,15.9,14,0.65,1,1,0,0,1,1,1,1,1,1,1,0,0,1,0,1,1,1,1,1,0,1,1,1,1,0,1
22.56,1.91,11.69,0.47,6.62,2.83,35.48,205.34,54.2,28.42,11.63,17,0.51,1,1,0,0,1,1,1,1,1,1,1,0,1,1,0,1,1,1,1,1,0,1,1,1,0,1,1
25.79,3.24,11.59,0.33,4.58,1.85,15.34,576.5,180.08,9.56,5.02,13,0.04,1,1,0,0,1,1,1,1,1,1,1,0,1,1,0,1,1,1,1,1,0,1,1,1,0,1,1
77.99,4.98,3.94,1.71,5.84,2.87,36.2,227.38,71.3,12.22,14.24,16,0.16,1,1,0,0,1,1,1,1,1,1,1,0,1,1,0,1,1,1,1,1,0,1,1,1,0,1,1
38.37,3.48,13.06,0.93,4.4,1.94,20.6,327.1,106.28,29.67,15.31,13,0.52,1,1,0,0,1,1,1,1,1,1,1,0,1,1,0,1,1,1,1,1,0,1,1,1,0,1,1
43.24,1.86,9.7,3.81,2.4,2.26,35.43,593.35,133.69,13.89,8.43,17,0.13,1,1,0,0,1,0,1,1,0,1,1,0,0,0,0,1,1,1,1,1,0,1,1,1,1,0,1
5.16,1.72,12.71,3.21,3.7,2.0,22.75,552.37,64.11,25.33,6.78,8,0.09,1,1,0,0,1,1,1,1,1,1,1,0,0,1,0,1,1,1,1,1,0,1,1,1,1,0,1
60.42,3.86,10.96,1.11,4.87,2.28,27.32,502.15,221.97,11.86,6.29,9,0.69,1,1,0,0,1,1,1,1,1,1,1,0,1,1,0,1,1,1,1,1,0,1,1,1,0,1,1
58.21,2.24,10.61,1.47,6.72,1.03,26.11,475.07,276.6,15.95,12.09,16,0.67,1,1,0,0,1,1,1,1,1,1,1,0,1,1,0,1,1,1,1,1,0,1,1,1,0,1,1
70.02,2.36,14.13,0.23,2.59,1.38,30.32,285.42,188.69,5.71,14.93,14,0.11,1,1,0,0,1,1,1,1,0,1,1,0,0,0,0,1,1,1,1,1,0,1,1,1,1,1,1
49.0,1.5,3.94,3.09,5.75,2.53,8.7,199.07,258.24,23.03,24.57,16,0.78,1,1,0,0,1,1,1,1,1,1,1,1,1,1,0,1,1,1,1,1,0,1,1,1,0,0,1
19.22,1.15,11.08,0.58,6.52,2.31,26.08,256.96,209.49,16.92,10.15,11,0.09,1,1,0,0,1,1,1,1,1,1,1,0,1,1,0,1,1,1,1,1,0,1,1,1,0,1,1
43.83,1.64,13.63,3.33,6.67,2.62,30.78,192.44,125.63,17.42,18.49,11,0.2,1,1,0,0,1,1,1,1,1,1,1,1,1,1,0,1,1,1,1,1,0,1,1,1,0,0,1
53.22,2.58,9.89,2.21,4.19,0.7,30.16,554.52,242.49,8.0,17.06,11,0.05,1,1,0,0,1,1,1,1,1,1,1,0,1,1,0,1,1,1,1,1,0,1,1,1,0,1,1
11.25,1.31,9.56,3.58,4.78,1.81,17.11,109.37,55.4,27.21,4.87,11,0.96,1,1,0,0,1,1,1,1,1,1,1,1,1,1,0,1,1,1,1,1,0,1,1,1,0,0,1
31.17,2.19,7.84,2.9,6.81,1.61,33.44,332.2,59.96,27.36,10.12,8,0.33,1,1,0,0,1,1,1,1,1,1,1,0,1,1,0,1,1,1,1,1,0,1,1,1,0,1,1
36.71,4.96,6.8,1.46,6.14,0.94,13.18,311.61,225.16,6.08,12.47,18,0.07,1,1,0,0,1,1,1,1,1,1,1,0,1,1,0,1,1,1,1,1,0,1,1,1,0,1,1
30.67,3.74,11.56,1.42,2.03,0.02,23.83,375.74,188.93,23.04,27.8,19,0.62,1,1,0,0,1,0,1,1,0,1,1,0,0,0,0,1,1,1,1,1,0,1,1,1,1,1,1
78.66,1.3,8.37,2.93,2.23,2.33,39.28,144.24,255.56,14.46,6.04,15,0.0,1,1,0,0,1,0,1,1,0,1,1,1,0,0,0,1,1,1,1,1,0,1,1,1,1,1,1
21.95,4.16,3.39,1.18,4.81,1.74,24.0,590.44,53.07,17.19,16.12,15,0.28,1,1,0,0,1,1,1,1,1,1,1,0,1,1,0,1,1,1,1,1,0,1,1,1,0,1,1
54.27,3.16,7.5,2.69,4.08,2.46,30.54,370.32,269.27,25.72,16.89,11,0.94,1,1,0,0,1,1,1,1,1,1,1,0,1,1,0,1,1,1,1,1,0,1,1,1,0,1,1
38.64,4.98,2.6,0.51,4.22,2.62,24.43,466.17,155.89,6.01,20.14,10,0.12,1,1,0,0,1,1,1,1,1,1,1,0,1,1,0,1,1,1,1,1,0,1,1,1,0,1,1
19.36,3.23,8.51,1.07,4.04,0.1,6.3,147.46,194.2,26.59,9.29,15,0.83,1,1,0,0,1,1,1,1,1,1,1,1,1,1,0,1,1,1,1,1,0,1,1,1,0,1,1
52.75,1.64,6.02,1.32,2.47,2.08,25.83,394.88,169.63,18.58,2.23,15,0.21,1,1,0,0,1,0,1,1,0,1,1,0,0,0,0,1,1,1,1,1,0,1,1,1,1,1,1
13.84,3.81,6.83,1.27,5.36,1.0,25.04,249.73,245.94,12.81,16.98,8,0.3,1,1,0,0,1,1,1,1,1,1,1,0,1,1,0,1,1,1,1,1,0,1,1,1,0,1,1
94.4,6.38,6.8,1.05,0.28,3.81,471.82,84.79,186.34,0.39,2.72,37,1.19,0,0,0,1,0,0,0,0,0,0,0,0,0,0,1,0,1,0,0,1,0,0,1,1,0,1,0
66.91,2.12,4.74,0.31,1.14,3.23,295.85,99.95,86.07,0.82,0.97,21,1.19,0,0,0,1,0,0,1,0,0,0,0,0,0,0,1,0,1,0,1,1,0,1,1,1,0,1,1
72.67,3.49,11.58,1.91,0.62,4.78,553.22,87.85,197.15,0.39,3.24,40,1.66,0,0,0,1,0,0,0,0,0,0,0,0,0,0,1,0,1,0,0,1,0,0,1,1,0,1,0
63.6,3.83,10.81,3.56,1.35,4.73,420.31,55.95,184.44,0.16,3.49,42,1.97,0,0,0,1,0,0,0,0,0,0,0,0,0,0,1,0,1,0,0,1,0,0,1,1,0,0,0
84.02,7.54,5.54,2.87,1.11,2.85,630.54,109.1,145.13,0.79,1.45,26,0.9,0,0,0,1,0,0,0,0,0,0,0,0,0,0,1,0,1,0,0,1,0,0,1,1,0,1,0
62.26,3.58,14.81,0.28,0.72,1.49,431.91,187.66,92.57,0.92,2.12,25,0.34,0,0,0,1,0,0,0,0,0,0,0,0,0,0,1,0,1,0,0,1,0,0,1,1,0,1,0
84.36,3.51,3.23,1.13,1.78,1.4,617.04,109.27,74.56,0.14,4.86,41,0.75,0,0,0,1,0,0,0,0,0,0,0,0,0,0,1,0,1,0,0,1,0,0,1,1,0,1,0
57.01,2.98,7.1,3.63,0.43,0.91,425.82,172.8,136.02,0.96,4.52,48,0.35,0,0,0,1,0,0,0,0,0,0,0,0,0,0,1,0,1,0,0,1,0,0,1,1,0,0,0
78.23,4.88,8.27,2.99,1.58,0.79,303.83,68.21,189.26,0.58,0.46,48,1.76,0,0,0,1,0,0,0,0,0,0,0,0,0,0,1,0,1,0,0,1,0,0,1,1,0,1,0
96.7,3.57,5.95,1.81,1.0,3.41,502.63,192.65,46.98,0.8,1.67,29,1.81,0,0,0,1,0,0,0,0,0,0,0,0,0,0,1,0,1,0,0,1,0,0,1,1,0,1,0
57.94,2.86,5.76,3.36,0.22,1.16,797.47,50.83,55.87,0.84,0.51,45,0.67,0,0,0,1,0,0,0,0,0,0,0,0,0,0,1,0,1,0,0,1,0,0,1,1,0,0,0
84.12,6.89,5.04,3.58,0.37,0.47,544.73,186.3,36.03,0.83,2.53,41,0.35,0,0,0,1,0,0,0,0,0,0,0,0,0,0,1,0,1,0,0,1,0,0,1,1,0,0,0
88.72,3.74,6.32,2.74,0.76,1.44,750.31,69.39,98.73,0.0,4.04,40,1.75,0,0,0,1,0,0,0,0,0,0,0,0,0,0,1,0,1,0,0,1,0,0,1,1,0,1,0
31.15,4.39,5.68,0.05,0.57,1.9,255.33,134.97,95.14,0.05,3.52,35,0.75,0,0,0,1,0,0,1,0,0,0,0,0,0,0,1,0,1,0,1,1,0,1,1,1,0,1,1
32.5,3.0,14.81,3.63,0.9,1.29,211.35,150.57,192.68,0.11,3.77,47,1.71,0,0,0,1,0,0,1,1,0,0,0,0,0,0,1,0,1,0,1,1,0,1,1,1,0,0,1
96.29,3.97,3.94,3.98,1.57,1.06,658.85,137.3,48.62,0.5,4.66,29,0.16,0,0,0,1,0,0,0,0,0,0,0,0,0,0,1,0,1,0,0,1,0,0,1,1,0,0,0
56.3,6.34,2.43,3.76,0.72,1.25,545.58,131.65,178.57,0.68,2.11,38,1.08,0,0,0,1,0,0,0,0,0,0,0,0,0,0,1,0,1,0,0,1,0,0,1,1,0,0,0
95.54,4.48,9.37,4.43,0.64,3.37,654.3,99.58,57.94,0.5,1.78,31,0.39,0,0,0,1,0,0,0,0,0,0,0,0,0,0,1,0,1,0,0,1,0,0,1,1,0,0,0
76.65,3.67,3.95,0.41,0.98,1.0,713.08,50.45,173.42,0.52,4.61,30,0.16,0,0,0,1,0,0,0,0,0,0,0,0,0,0,1,0,1,0,0,1,0,0,1,1,0,1,0
92.32,7.62,9.71,0.93,1.64,2.74,690.32,172.22,44.74,0.61,2.42,43,1.36,0,0,0,1,0,0,0,0,0,0,0,0,0,0,1,0,1,0,0,1,0,0,1,1,0,1,0
38.66,3.32,10.24,3.88,1.96,3.84,294.39,83.81,159.44,0.53,1.48,34,0.86,0,0,0,1,0,0,1,0,0,0,0,0,0,0,1,0,1,0,1,1,0,1,1,1,0,0,1
70.48,4.44,3.26,4.74,0.83,1.71,468.03,82.49,47.04,0.15,0.83,42,1.53,0,0,0,1,0,0,0,0,0,0,0,0,0,0,1,0,1,0,0,1,0,0,1,1,0,0,0
62.83,4.35,12.23,2.82,1.27,0.31,551.53,95.11,113.86,0.22,3.07,23,0.65,0,0,0,1,0,0,0,0,0,0,0,0,0,0,1,0,1,0,0,1,0,0,1,1,0,1,0
59.27,5.57,9.28,0.51,0.84,4.61,723.42,138.62,127.3,0.11,1.0,22,0.51,0,0,0,1,0,0,0,0,0,0,0,0,0,0,1,0,1,0,0,1,0,0,1,1,0,1,0
60.14,2.81,8.0,3.12,0.14,4.08,762.46,79.03,159.1,0.31,3.38,20,1.13,0,0,0,1,0,0,0,0,0,0,0,0,0,0,1,0,1,0,0,1,0,0,1,1,0,0,0
24.34,5.53,11.8,1.65,0.98,4.64,482.67,199.48,56.69,0.71,3.26,50,0.39,0,0,0,1,0,0,0,0,0,0,0,0,0,0,1,0,1,0,0,1,0,0,1,1,0,1,0
90.59,2.49,6.81,1.6,1.92,0.59,734.09,118.47,38.07,0.73,0.5,32,1.83,0,0,0,1,0,0,0,0,0,0,0,0,0,0,1,0,1,0,0,1,0,0,1,1,0,1,0
39.54,6.16,11.56,1.37,0.05,1.83,227.12,185.11,192.1,0.74,3.63,25,1.56,0,0,0,1,0,0,1,1,0,0,0,0,0,0,1,0,1,0,1,1,1,1,1,1,0,1,1
94.14,7.06,2.48,2.62,1.63,1.72,738.22,183.03,54.09,0.49,0.13,31,0.34,0,0,0,1,0,0,0,0,0,0,0,0,0,0,1,0,1,0,0,1,0,0,1,1,0,1,0
79.51,5.45,7.26,2.46,1.1,1.2,426.9,93.86,96.03,0.5,0.87,20,1.29,0,0,0,1,0,0,0,0,0,0,0,0,0,0,1,0,1,0,0,1,0,0,1,1,0,1,0
46.98,4.98,3.71,4.88,0.26,2.22,466.01,51.3,143.53,0.54,2.49,31,0.63,0,0,0,1,0,0,0,0,0,0,0,0,0,0,1,0,1,0,0,1,0,0,1,1,0,0,0
47.33,4.38,6.85,2.06,1.42,1.23,211.15,123.45,106.21,0.06,0.67,38,1.89,0,0,0,1,0,0,1,1,0,0,0,0,0,0,1,0,1,0,1,1,0,1,1,1,0,1,1
72.49,2.82,12.56,4.64,0.53,0.72,393.49,174.84,59.77,0.78,3.58,38,1.17,0,0,0,1,0,0,0,0,0,0,0,0,0,0,1,0,1,0,0,1,0,0,1,1,0,0,0
41.22,2.41,11.82,2.93,1.68,1.3,591.72,67.8,79.61,0.66,4.13,40,1.6,0,0,0,1,0,0,0,0,0,0,0,0,0,0,1,0,1,0,0,1,0,0,1,1,0,1,0
74.22,4.09,13.39,2.55,1.3,2.48,471.63,177.2,80.1,0.04,4.4,48,1.05,0,0,0,1,0,0,0,0,0,0,0,0,0,0,1,0,1,0,0,1,0,0,1,1,0,1,0
25.71,4.95,11.85,2.71,1.04,3.59,303.11,118.62,55.17,0.52,2.96,39,0.2,0,0,0,1,0,0,0,0,0,0,0,0,0,0,1,0,1,0,0,1,0,0,1,1,0,1,0
45.06,4.79,10.35,0.01,1.42,3.56,466.72,101.51,173.19,0.78,4.92,31,1.33,0,0,0,1,0,0,0,0,0,0,0,0,0,0,1,0,1,0,0,1,0,0,1,1,0,1,0
92.02,5.28,9.3,4.44,0.11,3.14,449.99,186.46,193.29,0.17,1.41,37,0.82,0,0,0,1,0,0,0,0,0,0,0,0,0,0,1,0,1,0,0,1,0,0,1,1,0,0,0
60.41,6.46,4.95,1.02,1.41,2.61,340.18,122.6,108.12,0.69,0.01,37,1.51,0,0,0,1,0,0,0,0,0,0,0,0,0,0,1,0,1,0,0,1,1,0,1,1,0,1,0
40.88,6.89,12.66,2.29,0.6,2.99,686.32,59.69,192.08,0.65,1.99,50,0.24,0,0,0,1,0,0,0,0,0,0,0,0,0,0,1,0,1,0,0,1,0,0,1,1,0,1,0
88.1,7.26,5.46,3.11,0.52,1.13,212.72,136.57,55.49,0.01,0.52,49,0.02,0,0,0,1,0,0,1,1,0,0,0,0,0,0,1,0,1,0,1,1,0,1,1,1,0,0,1
23.04,7.15,11.06,4.98,0.04,4.25,617.63,146.05,90.61,0.38,4.23,43,0.21,0,0,0,1,0,0,0,0,0,0,0,0,0,0,1,0,1,0,0,1,0,0,1,1,0,0,0
56.45,3.38,11.38,4.85,1.63,0.18,390.0,54.29,36.83,0.08,1.38,22,0.65,0,0,0,1,0,0,0,0,0,0,0,0,0,0,1,0,1,0,0,1,0,0,1,1,0,0,0
77.28,4.97,14.07,0.42,0.13,4.53,601.46,150.67,34.68,0.94,3.86,21,0.65,0,0,0,1,0,0,0,0,0,0,0,0,0,0,1,0,1,0,0,1,0,0,1,1,0,1,0
64.6,4.33,5.37,4.52,0.62,3.49,408.34,115.28,70.11,0.75,3.69,39,1.99,0,0,0,1,0,0,0,0,0,0,0,0,0,0,1,0,1,0,0,1,0,0,1,1,0,0,0
46.27,2.7,2.28,0.92,0.37,4.29,293.69,179.4,44.74,0.91,1.28,40,1.11,0,0,0,1,0,0,1,0,0,0,0,0,0,0,1,0,1,0,1,1,0,1,1,1,0,1,1
87.27,6.06,13.44,4.44,0.82,0.69,578.17,181.06,42.74,0.56,0.57,49,1.36,0,0,0,1,0,0,0,0,0,0,0,0,0,0,1,0,1,0,0,1,0,0,1,1,0,0,0
25.95,6.46,3.36,2.93,2.0,0.87,356.65,184.76,136.47,0.49,2.81,30,1.58,0,0,0,1,0,0,0,0,0,0,0,0,0,0,1,0,1,0,0,1,1,0,1,1,0,1,0
42.6,3.73,13.23,3.07,0.47,2.62,611.52,82.78,141.33,0.04,1.52,43,0.61,0,0,0,1,0,0,0,0,0,0,0,0,0,0,1,0,1,0,0,1,0,0,1,1,0,0,0
39.92,2.34,3.72,4.54,1.49,4.71,454.24,140.19,112.22,0.88,4.96,46,0.21,0,0,0,1,0,0,0,0,0,0,0,0,0,0,1,0,1,0,0,1,0,0,1,1,0,0,0
28.52,7.78,14.73,2.13,1.58,3.28,270.15,94.5,83.32,0.6,2.9,42,1.31,0,0,0,1,0,0,1,0,0,0,0,0,0,0,1,0,1,0,1,1,0,1,1,1,0,1,1
27.95,6.71,10.42,2.45,1.11,2.52,232.28,160.27,117.01,0.17,3.4,33,0.91,0,0,0,1,0,0,1,1,0,0,0,0,0,0,1,0,1,0,1,1,1,1,1,1,0,1,1
87.43,2.15,3.68,4.23,1.46,2.08,733.31,102.72,137.75,0.63,0.92,20,1.69,0,0,0,1,0,0,0,0,0,0,0,0,0,0,1,0,1,0,0,1,0,0,1,1,0,0,0
99.72,7.75,6.98,0.99,0.58,2.47,683.27,158.45,163.91,0.38,1.23,38,1.97,0,0,0,1,0,0,0,0,0,0,0,0,0,0,1,0,1,0,0,1,0,0,1,1,0,1,0
25.3,5.47,14.86,3.45,1.48,0.16,212.82,55.42,198.59,0.98,1.67,39,0.54,0,0,0,1,0,0,1,1,0,0,0,0,0,0,1,0,1,0,1,1,1,1,1,1,0,0,1
36.41,2.88,11.07,2.83,0.91,0.95,366.57,103.42,163.53,0.99,0.92,30,1.36,0,0,0,1,0,0,0,0,0,0,0,0,0,0,1,0,1,0,0,1,0,0,1,1,0,1,0
96.74,5.49,13.86,0.07,1.59,4.27,578.6,190.11,130.29,0.24,1.08,21,1.71,0,0,0,1,0,0,0,0,0,0,0,0,0,0,1,0,1,0,0,1,0,0,1,1,0,1,0
69.58,3.56,6.86,0.75,1.18,2.93,722.11,178.37,172.28,0.55,3.26,42,1.38,0,0,0,1,0,0,0,0,0,0,0,0,0,0,1,0,1,0,0,1,0,0,1,1,0,1,0
76.23,5.19,14.39,4.4,1.92,1.94,726.67,164.43,87.8,0.11,3.41,33,1.85,0,0,0,1,0,0,0,0,0,0,0,0,0,0,1,0,1,0,0,1,0,0,1,1,0,0,0
48.56,5.73,4.27,3.8,1.96,3.94,569.48,117.23,88.69,0.42,1.64,26,0.87,0,0,0,1,0,0,0,0,0,0,0,0,0,0,1,0,1,0,0,1,0,0,1,1,0,0,0
84.89,7.72,6.25,2.38,1.41,4.48,496.22,66.33,92.67,0.55,2.09,48,1.59,0,0,0,1,0,0,0,0,0,0,0,0,0,0,1,0,1,0,0,1,0,0,1,1,0,1,0
21.99,4.21,5.21,4.82,0.53,4.72,762.51,175.91,46.67,0.0,3.97,47,1.07,0,0,0,1,0,0,0,0,0,0,0,0,0,0,1,0,1,0,0,1,0,0,1,1,0,0,0
83.1,7.66,4.81,3.97,0.54,4.38,259.01,76.73,152.5,0.17,0.79,31,0.53,0,0,0,1,0,0,1,0,0,0,0,0,0,0,1,0,1,0,1,1,1,1,1,1,0,0,1
96.34,7.17,12.62,1.07,0.38,4.05,310.8,125.53,67.64,0.38,4.27,40,1.46,0,0,0,1,0,0,0,0,0,0,0,0,0,0,1,0,1,0,0,1,0,0,1,1,0,1,0
67.85,7.48,3.89,0.3,1.07,0.01,672.63,125.9,112.97,0.36,1.87,20,0.03,0,0,0,1,0,0,0,0,0,0,0,0,0,0,1,0,1,0,0,1,0,0,1,1,0,1,0
26.68,5.03,3.95,3.89,0.55,0.49,341.13,103.56,36.0,0.14,1.62,45,1.57,0,0,0,1,0,0,0,0,0,0,0,0,0,0,1,0,1,0,0,1,0,0,1,1,0,0,0
94.69,2.12,14.09,3.14,1.66,2.7,518.33,184.63,116.27,0.47,3.04,30,1.36,0,0,0,1,0,0,0,0,0,0,0,0,0,0,1,0,1,0,0,1,0,0,1,1,0,0,0
43.12,2.45,8.36,0.79,1.47,3.71,705.24,106.64,32.26,0.26,2.34,47,0.26,0,0,0,1,0,0,0,0,0,0,0,0,0,0,1,0,1,0,0,1,0,0,1,1,0,1,0
53.17,6.91,9.56,0.45,0.66,4.9,526.7,92.96,185.29,0.34,3.65,24,1.58,0,0,0,1,0,0,0,0,0,0,0,0,0,0,1,0,1,0,0,1,0,0,1,1,0,1,0
37.76,5.02,14.23,2.86,0.85,0.03,280.05,136.8,113.95,0.36,4.62,37,1.55,0,0,0,1,0,0,1,0,0,0,0,0,0,0,1,0,1,0,1,1,1,1,1,1,0,1,1
29.87,6.26,13.78,0.89,1.68,0.58,540.98,100.9,110.19,0.3,1.3,37,1.31,0,0,0,1,0,0,0,0,0,0,0,0,0,0,1,0,1,0,0,1,0,0,1,1,0,1,0
81.76,7.24,7.1,4.06,0.52,3.3,261.62,53.0,46.28,0.32,0.16,37,0.15,0,0,0,1,0,0,1,0,0,0,0,0,0,0,1,0,1,0,1,1,0,1,1,1,0,0,1
80.2,6.57,5.52,4.58,1.53,1.53,343.47,116.01,79.77,0.22,2.0,50,0.78,0,0,0,1,0,0,0,0,0,0,0,0,0,0,1,0,1,0,0,1,0,0,1,1,0,0,0
92.07,4.05,2.11,2.59,1.05,0.6,340.98,167.52,36.25,0.49,2.65,38,0.06,0,0,0,1,0,0,0,0,0,0,0,0,0,0,1,0,1,0,0,1,0,0,1,1,0,1,0
28.78,4.6,7.6,4.86,0.93,3.39,495.32,90.49,47.93,0.86,0.76,50,1.97,0,0,0,1,0,0,0,0,0,0,0,0,0,0,1,0,1,0,0,1,0,0,1,1,0,0,0
48.3,5.02,13.76,0.46,0.9,1.89,376.93,199.13,154.7,0.39,4.15,31,1.03,0,0,0,1,0,0,0,0,0,0,0,0,0,0,1,0,1,0,0,1,1,0,1,1,0,1,0
65.68,5.99,8.5,2.61,1.0,2.48,650.12,114.08,30.49,0.61,4.76,29,1.35,0,0,0,1,0,0,0,0,0,0,0,0,0,0,1,0,1,0,0,1,0,0,1,1,0,1,0
61.49,7.29,9.38,0.63,0.73,2.23,761.22,148.88,178.8,0.76,1.55,40,0.28,0,0,0,1,0,0,0,0,0,0,0,0,0,0,1,0,1,0,0,1,0,0,1,1,0,1,0
86.78,5.25,10.15,4.05,0.42,0.68,715.43,66.77,44.99,0.28,1.58,26,0.72,0,0,0,1,0,0,0,0,0,0,0,0,0,0,1,0,1,0,0,1,0,0,1,1,0,0,0
73.35,5.35,9.14,2.55,1.89,4.67,416.09,102.78,124.33,0.1,1.52,35,0.3,0,0,0,1,0,0,0,0,0,0,0,0,0,0,1,0,1,0,0,1,0,0,1,1,0,1,0
248.56,0.0,12.63,0.0,0.0,8.29,12.67,87.73,11.69,0.0,0.0,78,0.0,0,0,1,1,0,0,1,1,0,0,0,1,0,0,1,0,0,0,1,1,0,1,0,1,0,0,0
297.27,0.82,14.6,0.0,0.0,9.47,62.13,65.46,7.46,0.0,0.0,96,0.0,0,0,1,1,0,0,1,1,0,0,0,1,0,0,1,0,0,0,1,1,0,1,0,1,0,0,0
179.22,0.58,9.7,0.0,0.0,8.74,65.32,50.14,9.9,0.0,0.0,87,0.0,0,0,1,1,0,0,1,1,0,0,0,1,0,0,1,0,0,0,1,1,0,1,0,1,0,1,0
262.11,0.16,9.14,0.0,0.0,4.69,64.73,117.8,14.29,0.0,0.0,88,0.0,0,0,1,1,0,0,1,1,0,0,0,1,0,0,1,0,0,0,1,1,0,1,0,1,0,0,0
205.46,0.2,2.16,0.0,0.0,2.05,94.52,52.44,10.0,0.0,0.0,81,0.0,0,0,1,1,0,0,1,1,0,0,0,1,0,0,1,0,0,0,1,1,0,1,1,1,0,0,0
273.2,0.39,14.13,0.0,0.0,9.68,87.2,78.99,15.13,0.0,0.0,73,0.0,0,0,1,1,0,0,1,1,0,0,0,1,0,0,1,0,0,0,1,1,0,1,0,1,0,0,0
225.38,0.51,0.37,0.0,0.0,5.05,87.85,89.86,5.19,0.0,0.0,87,0.0,0,0,1,1,0,0,1,1,0,0,0,1,0,0,1,0,0,0,1,1,0,1,1,1,0,0,0
123.39,0.29,5.09,0.0,0.0,4.65,68.72,146.48,19.99,0.0,0.0,89,0.0,0,0,1,1,0,0,1,1,0,0,0,1,0,0,1,0,0,0,1,1,0,1,1,1,0,1,0
175.15,0.69,7.35,0.0,0.0,9.65,66.59,77.65,9.05,0.0,0.0,93,0.0,0,0,1,1,0,0,1,1,0,0,0,1,0,0,1,0,0,0,1,1,0,1,0,1,0,1,0
144.4,0.72,3.59,0.0,0.0,1.69,60.07,87.35,11.93,0.0,0.0,88,0.0,0,0,1,1,0,0,1,1,0,0,0,1,0,0,1,0,0,0,1,1,0,1,1,1,0,1,0
166.66,0.9,9.7,0.0,0.0,4.92,6.53,89.1,5.82,0.0,0.0,91,0.0,0,0,1,1,0,0,1,1,0,0,0,1,0,0,1,0,0,0,1,1,0,1,1,1,0,1,0
267.54,0.94,8.34,0.0,0.0,1.97,93.1,93.3,7.5,0.0,0.0,75,0.0,0,0,1,1,0,0,1,1,0,0,0,1,0,0,1,0,0,0,1,1,0,1,0,1,0,0,0
125.49,0.53,0.11,0.0,0.0,5.32,30.0,67.83,15.5,0.0,0.0,80,0.0,0,0,1,1,0,0,1,1,0,0,0,1,0,0,1,0,0,0,1,1,0,1,1,1,0,1,0
115.2,0.56,8.0,0.0,0.0,1.97,51.47,65.76,15.39,0.0,0.0,73,0.0,0,0,1,1,0,0,1,1,0,0,0,1,0,0,1,0,0,0,1,1,0,1,1,1,0,1,0
273.53,0.78,4.83,0.0,0.0,2.04,39.32,73.8,19.94,0.0,0.0,81,0.0,0,0,1,1,0,0,1,1,0,0,0,1,0,0,1,0,0,0,1,1,0,1,0,1,0,0,0
142.01,0.08,13.48,0.0,0.0,7.79,78.72,99.1,6.45,0.0,0.0,88,0.0,0,0,1,1,0,0,1,1,0,0,0,1,0,0,1,0,0,0,1,1,0,1,1,1,0,1,0
170.04,0.96,2.62,0.0,0.0,4.52,28.92,106.63,6.45,0.0,0.0,75,0.0,0,0,1,1,0,0,1,1,0,0,0,1,0,0,1,0,0,0,1,1,0,1,1,1,0,1,0
139.02,0.7,15.46,0.0,0.0,9.61,23.32,140.93,14.09,0.0,0.0,95,0.0,0,0,1,1,0,0,1,1,0,0,0,1,0,0,1,0,0,0,1,1,0,1,0,1,0,1,0
198.01,0.36,4.9,0.0,0.0,1.42,20.96,107.71,8.39,0.0,0.0,87,0.0,0,0,1,1,0,0,1,1,0,0,0,1,0,0,1,0,0,0,1,1,0,1,1,1,0,1,0
299.29,0.74,17.02,0.0,0.0,1.35,49.04,121.83,7.54,0.0,0.0,83,0.0,0,0,1,1,0,0,1,1,0,0,0,1,0,0,1,0,0,0,1,1,0,1,0,1,0,0,0
120.84,0.28,5.67,0.0,0.0,6.08,39.87,56.03,6.13,0.0,0.0,89,0.0,0,0,1,1,0,0,1,1,0,0,0,1,0,0,1,0,0,0,1,1,0,1,1,1,0,1,0
253.98,0.59,18.37,0.0,0.0,9.63,34.45,51.53,16.02,0.0,0.0,75,0.0,0,0,1,1,0,0,1,1,0,0,0,1,0,0,1,0,0,0,1,1,0,1,0,1,0,0,0
292.39,0.9,11.04,0.0,0.0,3.07,55.11,140.24,6.02,0.0,0.0,91,0.0,0,0,1,1,0,0,1,1,0,0,0,1,0,0,1,0,0,0,1,1,0,1,0,1,0,0,0
249.93,0.52,10.23,0.0,0.0,7.42,86.34,100.73,14.37,0.0,0.0,76,0.0,0,0,1,1,0,0,1,1,0,0,0,1,0,0,1,0,0,0,1,1,0,1,1,1,0,0,0
125.1,0.45,8.46,0.0,0.0,8.81,97.5,50.28,16.09,0.0,0.0,86,0.0,0,0,1,1,0,0,1,1,0,0,0,1,0,0,1,0,0,0,1,1,0,1,0,1,0,1,0
143.79,0.36,15.8,0.0,0.0,1.45,81.31,80.75,16.57,0.0,0.0,98,0.0,0,0,1,1,0,0,1,1,0,0,0,1,0,0,1,0,0,0,1,1,0,1,1,1,0,1,0
194.46,0.17,16.11,0.0,0.0,1.28,82.95,145.83,10.29,0.0,0.0,75,0.0,0,0,1,1,0,0,1,1,0,0,0,1,0,0,1,0,0,0,1,1,0,1,1,1,0,1,0
230.87,0.49,15.17,0.0,0.0,8.72,12.87,68.9,9.15,0.0,0.0,87,0.0,0,0,1,1,0,0,1,1,0,0,0,1,0,0,1,0,0,0,1,1,0,1,0,1,0,0,0
132.94,0.93,11.29,0.0,0.0,8.14,54.14,132.61,19.88,0.0,0.0,70,0.0,0,0,1,1,0,0,1,1,0,0,0,1,0,0,1,0,0,0,1,1,0,1,0,1,0,1,0
131.83,0.32,11.16,0.0,0.0,7.56,20.6,56.46,17.54,0.0,0.0,82,0.0,0,0,1,1,0,0,1,1,0,0,0,1,0,0,1,0,0,0,1,1,0,1,1,1,0,1,0
178.57,0.25,18.1,0.0,0.0,3.21,92.38,106.42,10.6,0.0,0.0,77,0.0,0,0,1,1,0,0,1,1,0,0,0,1,0,0,1,0,0,0,1,1,0,1,1,1,0,1,0
226.78,0.21,2.99,0.0,0.0,6.94,60.62,82.25,11.5,0.0,0.0,80,0.0,0,0,1,1,0,0,1,1,0,0,0,1,0,0,1,0,0,0,1,1,0,1,1,1,0,0,0
253.58,0.54,4.24,0.0,0.0,8.66,84.2,92.65,14.72,0.0,0.0,94,0.0,0,0,1,1,0,0,1,1,0,0,0,1,0,0,1,0,0,0,1,1,0,1,0,1,0,0,0
216.62,0.85,19.09,0.0,0.0,2.01,11.9,54.75,14.18,0.0,0.0,86,0.0,0,0,1,1,0,0,1,1,0,0,0,1,0,0,1,0,0,0,1,1,0,1,1,1,0,0,0
105.15,0.99,5.92,0.0,0.0,3.94,57.18,111.19,16.56,0.0,0.0,76,0.0,0,0,1,1,0,0,1,1,0,0,0,1,0,0,1,0,0,0,1,1,0,1,1,1,0,1,0
297.85,0.67,1.38,0.0,0.0,0.31,36.82,76.61,16.83,0.0,0.0,85,0.0,0,0,1,1,0,0,1,1,0,0,0,1,0,0,1,0,0,0,1,1,0,1,0,1,0,0,0
279.25,0.67,13.47,0.0,0.0,7.59,87.28,50.79,18.28,0.0,0.0,70,0.0,0,0,1,1,0,0,1,1,0,0,0,1,0,0,1,0,0,0,1,1,0,1,0,1,0,0,0
127.0,0.11,17.14,0.0,0.0,5.16,56.72,69.54,14.53,0.0,0.0,96,0.0,0,0,1,1,0,0,1,1,0,0,0,1,0,0,1,0,0,0,1,1,0,1,1,1,0,1,0
287.84,0.1,15.97,0.0,0.0,5.46,66.24,123.63,7.81,0.0,0.0,76,0.0,0,0,1,1,0,0,1,1,0,0,0,1,0,0,1,0,0,0,1,1,0,1,0,1,0,0,0
191.1,0.95,15.44,0.0,0.0,9.22,46.8,133.74,12.44,0.0,0.0,95,0.0,0,0,1,1,0,0,1,1,0,0,0,1,0,0,1,0,0,0,1,1,0,1,0,1,0,1,0
244.99,0.19,9.53,0.0,0.0,5.74,55.86,96.95,13.81,0.0,0.0,100,0.0,0,0,1,1,0,0,1,1,0,0,0,1,0,0,1,0,0,0,1,1,0,1,1,1,0,0,0
272.47,0.23,1.9,0.0,0.0,0.02,52.41,111.93,16.64,0.0,0.0,99,0.0,0,0,1,1,0,0,1,1,0,0,0,1,0,0,1,0,0,0,1,1,0,1,0,1,0,0,0
182.21,0.09,12.37,0.0,0.0,1.62,67.33,97.41,10.68,0.0,0.0,92,0.0,0,0,1,1,0,0,1,1,0,0,0,1,0,0,1,0,0,0,1,1,0,1,1,1,0,1,0
197.23,0.94,13.15,0.0,0.0,4.2,47.91,110.13,8.99,0.0,0.0,70,0.0,0,0,1,1,0,0,1,1,0,0,0,1,0,0,1,0,0,0,1,1,0,1,1,1,0,1,0
266.9,0.89,15.33,0.0,0.0,4.7,26.98,88.38,19.85,0.0,0.0,98,0.0,0,0,1,1,0,0,1,1,0,0,0,1,0,0,1,0,0,0,1,1,0,1,0,1,0,0,0
181.35,0.9,3.41,0.0,0.0,0.91,61.43,141.92,19.25,0.0,0.0,94,0.0,0,0,1,1,0,0,1,1,0,0,0,1,0,0,1,0,0,0,1,1,0,1,1,1,0,1,0
253.44,0.14,18.6,0.0,0.0,7.89,95.05,141.81,8.57,0.0,0.0,82,0.0,0,0,1,1,0,0,1,1,0,0,0,1,0,0,1,0,0,0,1,1,0,1,0,1,0,0,0
224.69,0.59,6.76,0.0,0.0,4.9,97.61,126.36,17.78,0.0,0.0,89,0.0,0,0,1,1,0,0,1,1,0,0,0,1,0,0,1,0,0,0,1,1,0,1,1,1,0,0,0
286.44,0.42,11.02,0.0,0.0,7.97,99.24,115.19,19.76,0.0,0.0,89,0.0,0,0,1,1,0,0,1,1,0,0,0,1,0,0,1,0,0,0,1,1,0,1,0,1,0,0,0
154.47,0.59,15.06,0.0,0.0,1.09,24.72,147.05,7.02,0.0,0.0,76,0.0,0,0,1,1,0,0,1,1,0,0,0,1,0,0,1,0,0,0,1,1,0,1,1,1,0,1,0
180.82,24.87,7.61,11.53,1.68,0.01,116.13,386.48,65.79,6.9,6.0,23,3.8,1,1,1,0,0,0,1,1,0,1,1,0,0,0,1,1,0,1,0,0,0,1,0,0,0,0,0
219.69,15.96,1.58,3.17,0.19,1.98,197.08,315.7,50.34,13.18,13.2,24,1.78,1,1,1,0,0,0,1,1,0,1,1,0,0,0,1,1,0,1,1,1,0,1,1,1,1,0,0
188.67,16.97,2.23,6.27,1.61,1.5,195.18,267.2,22.74,8.43,5.92,0,2.48,1,1,1,0,0,0,1,1,0,1,1,0,0,0,1,1,0,1,1,1,0,1,1,0,1,0,0
215.83,15.47,3.48,6.49,2.69,0.96,60.34,193.47,35.55,6.76,8.06,34,2.65,1,1,1,0,0,1,1,1,0,1,1,0,0,0,1,1,0,1,1,1,0,1,1,0,1,0,0
148.88,29.5,6.7,14.06,1.2,1.2,149.07,286.52,55.05,7.48,16.9,33,3.12,1,1,1,0,0,0,1,1,0,1,1,0,0,0,1,1,0,1,0,0,0,1,0,0,0,0,0
207.56,19.17,0.76,8.36,3.33,0.75,229.25,251.95,23.58,8.04,9.71,25,4.93,1,1,1,0,0,1,1,1,1,1,1,0,0,0,1,1,0,1,1,0,0,1,0,0,1,0,0
115.66,21.46,14.65,7.29,1.4,0.33,238.32,261.75,58.32,10.1,7.62,35,2.04,1,1,1,0,0,0,1,1,0,1,1,0,0,0,1,1,0,1,1,1,0,1,1,0,1,0,0
225.99,27.17,11.84,12.02,1.84,2.19,146.8,175.18,43.6,6.59,10.86,26,3.62,1,1,1,0,0,0,1,1,0,1,1,0,0,0,1,1,0,1,0,0,0,1,0,0,0,0,0
154.94,17.23,7.79,14.13,2.14,0.37,256.04,205.44,42.21,9.29,10.1,7,3.01,1,1,1,0,0,0,1,0,0,1,1,0,0,0,1,1,0,1,0,0,0,1,0,0,0,0,0
222.41,19.26,2.37,5.54,0.4,2.78,268.16,227.12,34.82,14.05,5.03,15,4.66,1,1,1,0,0,0,1,0,0,1,1,0,0,0,1,1,0,1,1,0,0,1,1,0,1,0,0
166.45,15.04,3.28,13.99,0.07,1.18,247.44,359.52,48.66,7.32,14.0,16,1.37,1,1,1,0,0,0,1,1,0,1,1,0,0,0,1,1,0,1,0,0,0,1,0,0,0,0,0
207.13,20.65,13.82,5.72,1.89,2.24,114.38,195.45,20.16,9.88,18.93,13,1.17,1,1,1,0,0,0,1,1,0,1,1,0,0,0,1,1,0,1,1,1,0,1,1,0,1,0,0
185.47,15.84,7.6,6.96,1.9,0.49,72.55,337.25,34.74,13.0,16.38,35,4.63,1,1,1,0,0,0,1,1,0,1,1,0,0,0,1,1,0,1,1,0,0,1,1,0,1,0,0
107.42,26.96,6.31,4.38,3.75,2.89,177.84,267.29,74.05,10.96,8.99,6,3.98,1,1,1,0,0,1,1,1,1,1,1,0,0,1,1,1,0,1,1,1,0,1,1,0,1,0,0
111.5,19.51,5.22,4.44,0.05,0.52,252.06,286.48,40.5,11.08,16.1,30,2.86,1,1,1,0,0,0,1,0,0,1,1,0,0,0,1,1,0,1,1,1,0,1,1,0,1,0,0
90.92,23.96,5.35,7.64,1.69,1.9,193.12,255.53,21.02,11.21,18.19,0,4.93,1,1,1,0,0,0,1,1,0,1,1,0,0,0,1,1,0,1,1,0,0,1,1,0,1,0,0
103.64,18.34,8.09,5.07,0.14,1.21,121.91,215.94,77.19,7.38,6.94,7,1.28,1,1,1,0,0,0,1,1,0,1,1,0,0,0,1,1,0,1,1,1,0,1,1,0,1,0,0
109.81,21.42,14.65,6.35,2.52,2.97,116.01,191.67,52.78,10.52,18.83,7,2.63,1,1,1,0,0,1,1,1,0,1,1,0,0,0,1,1,0,1,1,1,0,1,1,0,1,0,0
133.1,23.57,0.14,11.24,1.94,2.1,161.95,268.55,73.73,7.11,8.26,33,3.64,1,1,1,0,0,0,1,1,0,1,1,0,0,0,1,1,0,1,0,0,0,1,0,0,0,0,0
140.3,22.79,3.42,3.77,0.95,2.75,250.45,185.06,22.79,5.93,9.4,32,3.75,1,1,1,0,0,0,1,0,0,1,1,0,0,0,1,1,0,1,1,1,0,1,1,0,1,0,0
153.03,24.41,12.35,6.43,2.27,2.33,228.78,284.96,43.0,9.08,11.5,23,2.27,1,1,1,0,0,0,1,1,0,1,1,0,0,0,1,1,0,1,1,1,0,1,1,0,1,0,0
150.56,18.25,0.4,4.85,1.74,0.24,228.97,288.03,46.07,10.19,14.84,34,1.24,1,1,1,0,0,0,1,1,0,1,1,0,0,0,1,1,0,1,1,1,0,1,1,1,1,0,0
209.3,16.91,10.43,8.92,3.82,0.11,123.01,167.38,72.75,10.94,13.02,12,2.98,1,1,1,0,0,1,1,1,1,1,1,0,0,1,1,1,0,1,1,1,0,1,0,0,1,0,0
206.31,20.3,2.91,13.01,0.23,2.42,75.84,306.39,48.62,14.99,10.82,23,3.57,1,1,1,0,0,0,1,1,0,1,1,0,0,0,1,1,0,1,0,0,0,1,0,0,0,0,0
94.7,26.15,3.13,7.05,3.13,2.83,189.95,279.85,50.3,13.17,19.9,20,2.51,1,1,1,0,0,1,1,1,1,1,1,0,0,0,1,1,0,1,1,1,0,1,1,0,1,0,0
224.92,22.07,4.02,5.38,2.27,0.24,282.51,217.87,40.14,7.33,5.05,32,2.24,1,1,1,0,0,0,1,0,0,1,1,0,0,0,1,1,0,1,1,1,0,1,1,0,1,0,0
188.91,25.09,12.54,11.5,1.28,1.35,80.09,214.32,51.26,6.01,13.56,8,3.01,1,1,1,0,0,0,1,1,0,1,1,0,0,0,1,1,0,1,0,0,0,1,0,0,0,0,0
182.72,25.99,14.87,5.38,1.29,1.02,232.9,382.95,78.46,14.46,18.19,22,2.5,1,1,1,0,0,0,1,1,0,1,1,0,0,0,1,1,0,1,1,1,0,1,1,0,1,0,0
241.21,26.42,2.53,2.59,0.86,2.34,207.92,206.09,64.52,6.41,17.33,22,1.6,1,1,1,0,0,0,1,1,0,1,1,0,0,0,1,1,0,1,1,1,0,1,1,1,1,0,0
234.12,20.12,6.24,8.09,2.51,2.98,199.99,381.68,35.3,8.98,12.57,33,4.91,1,1,1,0,0,1,1,1,0,1,1,0,0,0,1,1,0,1,1,0,0,1,0,0,1,0,0
203.37,22.18,11.27,8.08,0.07,1.63,206.3,395.3,22.45,10.12,6.47,23,3.44,1,1,1,0,0,0,1,1,0,1,1,0,0,0,1,1,0,1,1,1,0,1,0,0,1,0,0
119.37,26.24,7.71,4.84,1.98,0.0,265.69,153.17,20.42,11.12,19.6,34,3.36,1,1,1,0,0,0,1,0,0,1,1,0,0,0,1,1,0,1,1,1,0,1,1,0,1,0,0
226.33,23.48,5.37,6.84,2.26,2.43,83.41,159.82,67.37,11.48,17.32,24,2.78,1,1,1,0,0,0,1,1,0,1,1,0,0,0,1,1,0,1,1,1,0,1,1,0,1,0,0
87.75,22.5,13.93,2.32,2.52,2.51,128.12,182.88,22.6,11.44,13.28,2,2.54,1,1,1,0,0,1,1,1,0,1,1,0,0,0,1,1,0,1,1,1,0,1,1,0,1,1,0
181.29,22.73,7.12,5.75,2.84,1.57,69.65,150.13,21.22,5.76,10.56,29,1.24,1,1,1,0,0,1,1,1,0,1,1,0,0,0,1,1,0,1,1,1,0,1,1,0,1,0,0
108.12,17.76,0.62,11.69,3.92,2.34,265.16,151.5,27.07,10.59,19.67,10,2.86,1,1,1,0,0,1,1,0,1,1,1,0,0,1,1,1,0,1,0,0,0,1,0,0,0,0,0
249.14,25.96,9.86,10.32,3.64,2.84,94.62,273.36,76.49,8.82,8.49,4,2.47,1,1,1,0,0,1,1,1,1,1,1,0,0,1,1,1,0,1,0,0,0,1,0,0,0,0,0
227.78,17.8,6.7,2.57,0.16,2.83,252.65,282.46,51.53,12.49,10.13,35,1.96,1,1,1,0,0,0,1,0,0,1,1,0,0,0,1,1,0,1,1,1,0,1,1,1,1,0,0
220.02,22.06,10.51,5.92,3.26,0.79,141.2,247.87,32.39,13.74,6.7,22,4.26,1,1,1,0,0,1,1,1,1,1,1,0,0,0,1,1,0,1,1,0,0,1,1,0,1,0,0
178.75,19.9,11.72,8.49,0.65,0.95,197.98,314.69,52.89,7.72,13.91,23,1.9,1,1,1,0,0,0,1,1,0,1,1,0,0,0,1,1,0,1,1,1,0,1,0,0,1,0,0
240.74,19.72,5.03,13.66,0.57,1.75,245.93,218.42,70.64,12.7,12.29,29,1.69,1,1,1,0,0,0,1,1,0,1,1,0,0,0,1,1,0,1,0,0,0,1,0,0,0,0,0
227.59,21.28,14.45,9.59,0.55,1.64,298.39,291.29,20.11,14.33,8.52,19,1.54,1,1,1,0,0,0,1,0,0,1,1,0,0,0,1,1,0,1,1,1,0,1,0,0,1,0,0
157.81,25.66,9.05,13.11,1.56,2.53,59.26,241.45,24.38,14.19,12.13,17,4.57,1,1,1,0,0,0,1,1,0,1,1,0,0,0,1,1,0,1,0,0,0,1,0,0,0,0,0
179.5,25.85,5.46,8.45,2.92,2.18,156.13,285.92,75.43,11.32,14.64,25,4.95,1,1,1,0,0,1,1,1,0,1,1,0,0,0,1,1,0,1,1,0,0,1,0,0,1,0,0
140.71,24.48,12.2,3.89,1.2,0.6,245.46,350.3,35.36,5.04,11.35,32,2.53,1,1,1,0,0,0,1,1,0,1,1,0,0,0,1,1,0,1,1,1,0,1,1,0,1,0,0
121.73,19.96,7.48,5.22,3.13,2.13,117.33,174.36,20.01,10.97,8.17,14,3.2,1,1,1,0,0,1,1,1,1,1,1,0,0,0,1,1,0,1,1,1,0,1,1,0,1,0,0
110.11,29.28,1.35,6.77,3.69,1.81,215.66,225.42,24.71,8.66,11.03,17,2.24,1,1,1,0,0,1,1,1,1,1,1,0,0,1,1,1,0,1,1,1,0,1,1,0,1,0,0
171.03,29.93,6.66,9.17,2.01,2.41,116.71,192.61,65.25,9.16,18.71,4,3.26,1,1,1,0,0,0,1,1,0,1,1,0,0,0,1,1,0,1,1,1,0,1,0,0,1,0,0
91.98,25.96,10.29,10.32,1.07,2.84,130.41,188.06,79.23,12.46,11.22,1,4.81,1,1,1,0,0,0,1,1,0,1,1,0,0,0,1,1,0,1,0,0,0,1,0,0,0,0,0
244.69,19.54,2.87,14.75,3.95,0.24,238.13,222.17,74.56,5.89,18.33,9,2.42,1,1,1,0,0,1,1,1,1,1,1,0,0,1,1,1,0,1,0,0,0,1,0,0,0,0,0
111.09,18.16,7.72,9.76,0.13,1.24,257.6,261.08,30.15,14.55,8.99,32,4.14,1,1,1,0,0,0,1,0,0,1,1,0,0,0,1,1,0,1,1,0,0,1,0,0,1,0,0
199.96,19.02,0.73,14.72,0.59,2.49,99.38,243.52,61.62,14.45,5.3,22,4.06,1,1,1,0,0,0,1,1,0,1,1,0,0,0,1,1,0,1,0,0,0,1,0,0,0,0,0
109.48,16.67,0.69,8.53,3.07,2.89,116.87,180.34,44.15,5.55,9.97,5,1.67,1,1,1,0,0,1,1,1,1,1,1,0,0,0,1,1,0,1,1,1,0,1,0,0,1,0,0
187.42,29.58,12.96,6.64,1.69,1.26,264.98,398.46,69.55,10.58,6.46,23,4.37,1,1,1,0,0,0,1,0,0,1,1,0,0,0,1,1,0,1,1,0,0,1,1,0,1,0,0
146.61,21.71,1.79,14.19,3.77,0.76,224.0,200.87,43.58,8.02,10.84,14,4.82,1,1,1,0,0,1,1,1,1,1,1,0,0,1,1,1,0,1,0,0,0,1,0,0,0,0,0
118.74,28.08,4.24,5.19,1.99,0.21,146.08,238.92,29.61,13.61,10.79,32,3.29,1,1,1,0,0,0,1,1,0,1,1,0,0,0,1,1,0,1,1,1,0,1,1,0,1,0,0
213.18,22.3,5.0,3.98,0.11,2.03,57.64,380.21,55.65,8.53,5.63,28,4.88,1,1,1,0,0,0,1,1,0,1,1,0,0,0,1,1,0,1,1,0,0,1,1,0,1,0,0
94.44,26.66,3.88,6.93,2.19,2.98,102.2,182.62,55.7,13.53,14.72,21,4.54,1,1,1,0,0,0,1,1,0,1,1,0,0,0,1,1,0,1,1,0,0,1,1,0,1,0,0
174.96,25.31,9.9,9.16,1.24,1.13,128.93,379.37,69.6,10.79,18.68,5,4.5,1,1,1,0,0,0,1,1,0,1,1,0,0,0,1,1,0,1,1,0,0,1,0,0,1,0,0
184.21,19.56,8.43,4.88,3.79,2.48,290.56,196.76,70.62,10.6,9.87,2,4.78,1,1,1,0,0,1,1,0,1,1,1,0,0,1,1,1,0,1,1,0,0,1,1,0,1,0,0
197.55,20.4,15.0,6.49,3.25,2.35,230.73,317.36,26.52,14.95,7.42,32,2.85,1,1,1,0,0,1,1,1,1,1,1,0,0,0,1,1,0,1,1,1,0,1,1,0,1,0,0
151.16,15.2,0.77,10.69,2.36,1.73,77.58,238.02,68.74,6.75,18.24,34,2.9,1,1,1,0,0,0,1,1,0,1,1,0,0,0,1,1,0,1,0,0,0,1,0,0,0,0,0
212.93,20.07,6.81,10.17,2.5,1.55,132.12,317.48,70.23,6.54,10.11,21,4.02,1,1,1,0,0,1,1,1,0,1,1,0,0,0,1,1,0,1,0,0,0,1,0,0,0,0,0
212.85,24.8,7.17,10.4,0.54,0.62,281.88,380.54,63.43,8.27,14.73,4,3.06,1,1,1,0,0,0,1,0,0,1,1,0,0,0,1,1,0,1,0,0,0,1,0,0,0,0,0
207.25,15.45,3.84,12.33,3.75,2.63,229.12,191.37,42.12,5.5,14.6,11,3.29,1,1,1,0,0,1,1,1,1,1,1,0,0,1,1,1,0,1,0,0,0,1,0,0,0,0,0
246.49,21.03,4.6,3.96,0.57,1.56,237.31,291.12,72.4,8.16,13.93,13,1.49,1,1,1,0,0,0,1,1,0,1,1,0,0,0,1,1,0,1,1,1,0,1,1,1,1,0,0
116.35,25.76,4.7,4.12,2.31,0.64,117.74,305.33,64.39,12.4,12.23,13,1.77,1,1,1,0,0,0,1,1,0,1,1,0,0,0,1,1,0,1,1,1,0,1,1,1,1,0,0
105.87,24.97,6.14,11.23,1.03,0.97,274.17,255.41,55.46,6.07,7.68,27,1.74,1,1,1,0,0,0,1,0,0,1,1,0,0,0,1,1,0,1,0,0,0,1,0,0,0,0,0
110.1,16.64,8.91,11.61,0.23,0.83,214.59,248.08,62.28,12.59,5.48,31,1.52,1,1,1,0,0,0,1,1,0,1,1,0,0,0,1,1,0,1,0,0,0,1,0,0,0,0,0
118.15,23.28,3.78,8.54,1.21,1.52,119.41,395.0,49.56,12.44,15.51,21,3.95,1,1,1,0,0,0,1,1,0,1,1,0,0,0,1,1,0,1,1,1,0,1,0,0,1,0,0
117.82,28.64,2.52,9.26,3.11,0.64,124.11,162.87,76.64,9.87,5.96,3,4.26,1,1,1,0,0,1,1,1,1,1,1,0,0,0,1,1,0,1,1,0,0,1,0,0,1,0,0
161.21,17.72,4.06,7.45,1.46,1.05,82.96,378.33,21.79,9.4,19.7,3,1.7,1,1,1,0,0,0,1,1,0,1,1,0,0,0,1,1,0,1,1,1,0,1,1,0,1,0,0
214.85,27.77,3.17,11.28,2.46,2.24,246.97,315.23,77.37,13.64,8.43,25,4.0,1,1,1,0,0,0,1,1,0,1,1,0,0,0,1,1,0,1,0,0,0,1,0,0,0,0,0
179.92,15.57,3.2,3.02,0.43,0.05,155.29,194.66,71.34,12.5,13.6,29,2.02,1,1,1,0,0,0,1,1,0,1,1,0,0,0,1,1,0,1,1,1,0,1,1,0,1,0,0
160.74,24.62,11.73,3.06,2.83,2.23,189.74,203.58,52.35,10.03,12.14,17,4.52,1,1,1,0,0,1,1,1,0,1,1,0,0,0,1,1,0,1,1,0,0,1,1,0,1,0,0
201.03,26.79,11.6,3.56,0.64,0.95,125.26,166.52,29.21,13.56,13.84,14,3.11,1,1,1,0,0,0,1,1,0,1,1,0,0,0,1,1,0,1,1,1,0,1,1,0,1,0,0
124.42,23.76,1.12,13.73,0.96,2.46,215.0,280.75,75.79,6.57,6.79,12,4.32,1,1,1,0,0,0,1,1,0,1,1,0,0,0,1,1,0,1,0,0,0,1,0,0,0,0,0
85.98,18.59,6.37,11.27,1.2,1.34,134.21,173.02,64.32,9.61,17.19,27,4.94,1,1,1,0,0,0,1,1,0,1,1,0,0,0,1,1,0,1,0,0,0,1,0,0,0,0,0
218.26,17.88,8.67,2.86,0.99,0.52,133.89,319.7,49.96,14.33,8.19,0,1.51,1,1,1,0,0,0,1,1,0,1,1,0,0,0,1,1,0,1,1,1,0,1,1,1,1,0,0
153.45,26.5,2.22,14.13,2.11,1.51,156.07,366.86,76.91,8.8,13.14,21,1.99,1,1,1,0,0,0,1,1,0,1,1,0,0,0,1,1,0,1,0,0,0,1,0,0,0,0,0
184.97,16.99,1.08,12.76,1.7,1.55,94.17,165.36,42.07,10.06,16.48,22,4.13,1,1,1,0,0,0,1,1,0,1,1,0,0,0,1,1,0,1,0,0,0,1,0,0,0,0,0
99.62,15.96,2.38,12.04,3.04,0.42,57.75,321.32,71.32,12.54,8.04,4,4.38,1,1,1,0,0,1,1,1,1,1,1,0,0,0,1,1,0,1,0,0,0,1,0,0,0,0,0
128.87,22.22,14.67,14.58,0.03,1.6,134.23,222.81,55.78,9.46,15.99,7,1.39,1,1,1,0,0,0,1,1,0,1,1,0,0,0,1,1,0,1,0,0,0,1,0,0,0,0,0
177.2,15.23,13.38,13.97,2.93,1.4,113.72,336.03,75.91,6.59,11.99,22,3.06,1,1,1,0,0,1,1,1,0,1,1,0,0,0,1,1,0,1,0,0,0,1,0,0,0,0,0
149.43,22.91,12.9,2.62,3.05,2.0,100.96,333.55,49.78,9.81,12.25,11,2.78,1,1,1,0,0,1,1,1,1,1,1,0,0,0,1,1,0,1,1,1,0,1,1,0,1,1,0
132.46,21.5,3.76,14.55,1.22,1.96,84.36,356.1,52.55,14.79,11.35,26,3.95,1,1,1,0,0,0,1,1,0,1,1,0,0,0,1,1,0,1,0,0,0,1,0,0,0,0,0
192.05,26.68,1.1,9.54,3.73,0.32,73.58,329.15,38.91,11.59,13.18,28,3.16,1,1,1,0,0,1,1,1,1,1,1,0,0,1,1,1,0,1,1,1,0,1,0,0,1,0,0
139.08,17.4,11.86,8.09,1.82,2.66,184.71,327.47,39.68,10.61,15.9,7,3.8,1,1,1,0,0,0,1,1,0,1,1,0,0,0,1,1,0,1,1,1,0,1,0,0,1,0,0
95.03,24.32,13.11,11.07,2.04,0.94,271.77,255.7,71.32,12.83,17.24,26,2.34,1,1,1,0,0,0,1,0,0,1,1,0,0,0,1,1,0,1,0,0,0,1,0,0,0,0,0
219.59,15.77,0.11,3.47,3.5,1.6,198.53,360.55,23.04,8.87,14.65,9,1.91,1,1,1,0,0,1,1,1,1,1,1,0,0,1,1,1,0,1,1,1,0,1,1,1,1,0,0
170.28,19.78,7.41,9.24,0.14,0.7,226.19,343.23,54.17,7.71,11.08,13,3.78,1,1,1,0,0,0,1,1,0,1,1,0,0,0,1,1,0,1,1,1,0,1,0,0,1,0,0
172.11,23.26,14.3,13.41,2.6,1.41,232.27,165.68,76.68,10.48,12.54,17,2.15,1,1,1,0,0,1,1,1,0,1,1,0,0,0,1,1,0,1,0,0,0,1,0,0,0,0,0
104.29,25.13,6.75,5.06,0.55,1.74,231.39,220.97,64.11,6.83,10.08,29,1.65,1,1,1,0,0,0,1,1,0,1,1,0,0,0,1,1,0,1,1,1,0,1,1,0,1,0,0
141.36,23.6,6.25,9.76,2.82,2.25,150.24,329.25,28.49,10.13,6.09,21,3.33,1,1,1,0,0,1,1,1,0,1,1,0,0,0,1,1,0,1,1,1,0,1,0,0,1,0,0
205.87,16.43,3.11,14.89,1.35,0.85,71.31,323.71,50.5,6.58,14.49,13,3.55,1,1,1,0,0,0,1,1,0,1,1,0,0,0,1,1,0,1,0,0,0,1,0,0,0,0,0
139.62,25.4,5.04,10.13,0.98,0.8,68.81,255.04,57.09,12.89,17.16,22,1.35,1,1,1,0,0,0,1,1,0,1,1,0,0,0,1,1,0,1,0,0,0,1,0,0,0,0,0
163.83,22.82,12.07,5.46,0.28,0.94,295.98,374.86,43.71,13.76,5.49,11,3.91,1,1,1,0,0,0,1,0,0,1,1,0,0,0,1,1,0,1,1,1,0,1,1,0,1,0,0
117.65,17.98,12.93,10.01,3.96,0.4,139.03,227.8,72.81,7.55,10.3,21,2.1,1,1,1,0,0,1,1,1,1,1,1,0,0,1,1,1,0,1,0,0,0,1,0,0,0,0,0
110.62,25.67,10.73,8.95,0.02,2.62,288.9,200.58,70.53,14.73,9.9,2,4.26,1,1,1,0,0,0,1,0,0,1,1,0,0,0,1,1,0,1,1,0,0,1,0,0,1,0,0
231.65,20.67,4.41,10.81,2.81,2.34,257.64,217.1,61.22,6.35,12.66,19,1.65,1,1,1,0,0,1,1,0,0,1,1,0,0,0,1,1,0,1,0,0,0,1,0,0,0,0,0
61.48,6.95,9.21,7.1,1.06,6.49,76.12,121.2,271.89,0.63,21.92,22,1.1,1,1,0,0,0,0,1,1,0,1,1,1,0,0,1,0,1,1,1,1,1,1,1,0,1,0,1
191.21,5.63,8.18,3.17,1.38,2.23,183.47,231.82,282.51,1.32,21.48,36,3.07,1,1,0,0,0,0,1,1,0,1,1,0,0,0,1,0,1,1,1,1,1,1,1,0,1,0,1
92.98,11.87,7.0,6.05,1.82,4.65,86.69,179.84,275.02,0.0,26.02,27,1.05,1,1,0,0,0,0,1,1,0,1,1,1,0,0,1,0,1,1,1,1,1,1,1,0,1,0,1
71.63,5.18,13.41,7.77,1.41,4.48,68.3,195.02,337.2,0.84,15.13,41,0.29,1,1,0,0,0,0,1,1,0,1,1,1,0,0,1,0,1,1,1,1,1,1,1,0,1,0,1
55.74,5.64,7.0,2.22,0.34,3.51,77.88,130.15,287.89,0.8,29.77,43,1.27,1,1,0,0,0,0,1,1,0,1,1,1,0,0,1,0,1,1,1,1,1,1,1,1,1,1,1
56.53,14.8,11.66,7.21,2.0,4.35,88.21,136.78,354.56,1.21,18.9,22,2.38,1,1,0,0,0,0,1,1,0,1,1,1,0,0,1,0,1,1,1,1,1,1,1,0,1,0,1
72.83,13.03,6.86,6.48,0.8,5.47,90.46,276.56,427.96,0.71,23.41,23,3.63,1,1,0,0,0,0,1,1,0,1,1,0,0,0,1,0,1,1,1,1,1,1,1,0,1,0,1
87.45,12.2,5.3,1.05,1.0,3.37,169.74,286.21,201.3,0.47,17.58,43,3.66,1,1,0,0,0,0,1,1,0,1,1,0,0,0,1,0,1,1,1,1,1,1,1,0,1,1,1
183.78,11.37,7.57,6.27,0.41,7.79,50.88,213.95,226.52,0.82,25.4,20,1.24,1,1,0,0,0,0,1,1,0,1,1,0,0,0,1,0,1,1,1,1,1,1,1,0,1,0,1
110.87,7.25,8.32,7.07,0.28,4.66,96.65,115.43,228.84,1.57,34.09,22,2.7,1,1,0,0,0,0,1,1,0,1,1,1,0,0,1,1,1,1,1,1,1,1,1,0,1,0,1
131.72,14.29,11.18,1.71,1.45,3.81,90.86,178.36,203.6,1.94,21.29,40,0.23,1,1,0,0,0,0,1,1,0,1,1,1,0,0,1,1,1,1,1,1,1,1,1,1,1,1,1
117.1,8.11,7.04,2.79,0.36,3.8,67.3,116.86,473.01,1.81,33.12,26,3.6,1,1,0,0,0,0,1,1,0,1,1,1,0,0,1,1,1,1,1,1,1,1,1,0,1,1,1
122.93,10.67,8.82,4.96,0.64,4.31,194.95,122.26,231.58,0.09,12.8,22,0.59,1,1,0,0,0,0,1,1,0,1,1,1,0,0,1,0,1,1,1,1,1,1,1,1,1,0,1
51.12,10.73,14.69,3.87,0.43,4.78,140.31,260.27,335.8,0.35,7.52,20,3.0,1,1,0,0,0,0,1,1,0,1,1,0,0,0,1,0,1,1,1,1,1,1,1,0,1,0,1
134.92,10.85,7.1,5.03,1.54,7.31,160.51,215.28,401.98,0.97,9.08,20,2.04,1,1,0,0,0,0,1,1,0,1,1,0,0,0,1,0,1,1,1,1,1,1,1,0,1,0,1
155.77,9.31,13.77,3.06,0.62,5.34,126.38,203.62,438.84,1.18,35.41,28,2.06,1,1,0,0,0,0,1,1,0,1,1,0,0,0,1,0,1,1,1,1,1,1,1,0,1,0,1
88.3,14.49,11.19,1.84,0.77,6.33,94.65,275.92,249.7,0.53,5.8,22,0.18,1,1,0,0,0,0,1,1,0,1,1,0,0,0,1,0,1,1,1,1,1,1,1,1,1,1,1
173.1,6.99,10.32,1.99,1.32,5.52,191.97,189.12,462.46,1.15,36.58,29,1.52,1,1,0,0,0,0,1,1,0,1,1,1,0,0,1,0,1,1,1,1,1,1,1,1,1,1,1
169.62,8.44,7.3,2.48,0.88,3.28,141.14,276.84,378.64,0.89,31.87,38,2.42,1,1,0,0,0,0,1,1,0,1,1,0,0,0,1,0,1,1,1,1,1,1,1,0,1,1,1
159.48,7.45,8.66,0.85,1.98,2.52,75.29,195.97,459.58,0.71,30.74,28,2.55,1,1,0,0,0,0,1,1,0,1,1,1,0,0,1,0,1,1,1,1,1,1,1,0,1,1,1
176.75,5.14,14.29,6.63,1.88,6.76,181.79,140.62,295.77,0.63,4.37,45,0.16,1,1,0,0,0,0,1,1,0,1,1,1,0,0,1,0,1,1,1,1,1,1,1,0,1,0,1
175.43,14.7,5.84,1.97,1.35,6.84,101.9,203.05,467.53,0.77,3.26,29,0.72,1,1,0,0,0,0,1,1,0,1,1,0,0,0,1,0,1,1,1,1,1,1,1,1,1,1,1
57.32,9.11,6.21,7.83,0.76,6.95,76.49,127.76,394.79,1.82,4.58,40,1.95,1,1,0,0,0,0,1,1,0,1,1,1,0,0,1,0,1,1,1,1,1,1,1,0,1,0,1
133.34,6.11,12.77,6.07,0.62,3.97,82.95,262.77,424.1,1.22,9.55,28,3.41,1,1,0,0,0,0,1,1,0,1,1,0,0,0,1,0,1,1,1,1,1,1,1,0,1,0,1
199.07,9.55,10.12,0.63,0.77,4.23,194.87,232.09,434.65,0.26,16.68,42,3.67,1,1,0,0,0,0,1,1,0,1,1,0,0,0,1,0,1,1,1,1,1,1,1,0,1,1,1
97.39,5.17,13.99,7.39,0.1,2.03,172.46,160.29,474.37,0.43,34.45,28,3.69,1,1,0,0,0,0,1,1,0,1,1,1,0,0,1,0,1,1,1,1,1,1,1,0,1,0,1
121.93,7.1,11.66,4.14,0.45,5.76,120.99,237.8,406.72,0.95,15.63,35,1.57,1,1,0,0,0,0,1,1,0,1,1,0,0,0,1,0,1,1,1,1,1,1,1,1,1,0,1
103.83,13.47,12.24,7.24,1.93,3.8,129.45,226.36,249.15,0.11,34.71,42,3.62,1,1,0,0,0,0,1,1,0,1,1,0,0,0,1,0,1,1,1,1,1,1,1,0,1,0,1
128.12,11.78,10.32,3.48,1.2,4.32,92.03,241.13,461.59,0.58,28.28,22,1.21,1,1,0,0,0,0,1,1,0,1,1,0,0,0,1,0,1,1,1,1,1,1,1,1,1,0,1
143.17,14.39,8.52,6.08,0.63,6.82,164.0,253.13,499.31,0.28,15.55,31,3.21,1,1,0,0,0,0,1,1,0,1,1,0,0,0,1,0,1,1,1,1,1,1,1,0,1,0,1
102.66,5.17,9.83,7.97,0.7,7.77,65.2,134.62,417.24,1.0,30.6,43,0.26,1,1,0,0,0,0,1,1,0,1,1,1,0,0,1,0,1,1,1,1,1,1,1,0,1,0,1
140.01,13.69,10.11,1.68,0.69,4.16,117.75,184.11,401.35,0.68,26.52,20,1.29,1,1,0,0,0,0,1,1,0,1,1,1,0,0,1,0,1,1,1,1,1,1,1,1,1,1,1
85.86,11.49,5.46,1.36,0.82,4.13,102.07,121.71,308.25,1.6,16.55,30,2.58,1,1,0,0,0,0,1,1,0,1,1,1,0,0,1,0,1,1,1,1,1,1,1,0,1,1,1
149.92,13.21,11.88,7.81,0.91,2.3,109.1,267.98,239.92,1.47,21.43,37,0.94,1,1,0,0,0,0,1,1,0,1,1,0,0,0,1,0,1,1,1,1,1,1,1,0,1,0,1
170.6,9.09,11.84,1.32,1.08,2.76,130.43,148.72,335.74,1.34,35.08,40,1.83,1,1,0,0,0,0,1,1,0,1,1,1,0,0,1,0,1,1,1,1,1,1,1,1,1,1,1
74.59,14.39,8.32,0.81,1.13,4.44,138.58,146.71,313.62,1.95,37.46,25,3.96,1,1,0,0,0,0,1,1,0,1,1,1,0,0,1,1,1,1,1,1,1,1,1,0,1,1,1
91.85,14.16,6.25,7.62,1.49,4.08,95.69,228.69,378.05,1.84,30.65,30,1.95,1,1,0,0,0,0,1,1,0,1,1,0,0,0,1,1,1,1,1,1,1,1,1,0,1,0,1
179.32,11.54,6.58,1.14,1.11,2.28,109.03,179.8,258.9,0.6,13.2,35,1.85,1,1,0,0,0,0,1,1,0,1,1,1,0,0,1,0,1,1,1,1,1,1,1,1,1,1,1
80.1,7.52,11.6,0.94,0.38,5.17,56.57,125.39,459.01,1.69,13.91,35,2.82,1,1,0,0,0,0,1,1,0,1,1,1,0,0,1,0,1,1,1,1,1,1,1,0,1,1,1
175.57,14.75,8.35,1.98,0.16,7.14,93.9,109.92,459.58,1.02,33.53,25,3.43,1,1,0,0,0,0,1,1,0,1,1,1,0,0,1,0,1,1,1,1,1,1,1,0,1,1,1
62.78,8.77,5.13,1.42,1.26,7.31,144.92,232.83,231.15,1.33,18.17,40,3.24,1,1,0,0,0,0,1,1,0,1,1,0,0,0,1,0,1,1,1,1,1,1,1,0,1,1,1
154.37,14.54,10.35,2.86,1.93,5.23,52.39,194.73,200.71,1.48,22.64,29,3.13,1,1,0,0,0,0,1,1,0,1,1,1,0,0,1,0,1,1,1,1,1,1,1,0,1,1,1
124.55,6.93,12.47,1.06,0.36,6.55,165.52,258.16,288.0,1.73,28.91,42,3.74,1,1,0,0,0,0,1,1,0,1,1,0,0,0,1,1,1,1,1,1,1,1,1,0,1,1,1
81.66,13.5,11.96,0.97,1.11,7.58,142.83,205.76,309.9,1.58,36.52,41,3.08,1,1,0,0,0,0,1,1,0,1,1,0,0,0,1,1,1,1,1,1,1,1,1,0,1,1,1
90.72,5.02,14.97,1.69,1.31,7.56,139.96,259.81,492.91,1.72,22.32,43,3.98,1,1,0,0,0,0,1,1,0,1,1,0,0,0,1,1,1,1,1,1,1,1,1,0,1,1,1
81.13,11.65,14.53,7.17,0.89,5.83,129.36,169.33,243.33,1.61,3.62,43,0.21,1,1,0,0,0,0,1,1,0,1,1,1,0,0,1,0,1,1,1,1,1,1,1,0,1,0,1
189.14,5.01,14.39,3.64,0.2,6.04,184.38,187.61,407.41,1.96,9.63,41,0.19,1,1,0,0,0,0,1,1,0,1,1,1,0,0,1,0,1,1,1,1,1,1,1,1,1,0,1
55.68,5.32,11.98,4.29,0.74,6.05,133.04,101.47,451.56,0.7,15.98,42,1.57,1,1,0,0,0,0,1,1,0,1,1,1,0,0,1,0,1,1,1,1,1,1,1,1,1,0,1
82.53,10.55,12.49,0.1,0.55,6.95,126.05,181.7,479.27,0.18,24.62,26,0.17,1,1,0,0,0,0,1,1,0,1,1,1,0,0,1,0,1,1,1,1,1,1,1,1,1,1,1
141.22,8.18,6.87,6.53,0.82,5.43,54.96,258.32,286.06,1.39,30.42,29,3.96,1,1,0,0,0,0,1,1,0,1,1,0,0,0,1,0,1,1,1,1,1,1,1,0,1,0,1
111.59,6.49,14.11,6.35,1.02,4.19,117.22,280.38,255.39,1.61,0.73,35,1.52,1,1,0,0,0,0,1,1,0,1,1,0,0,0,1,0,1,1,1,1,1,1,1,0,1,0,1
79.8,5.8,8.18,5.96,1.02,7.68,70.98,141.46,284.09,0.03,37.74,37,2.36,1,1,0,0,0,0,1,1,0,1,1,1,0,0,1,0,1,1,1,1,1,1,1,0,1,0,1
128.95,6.33,6.97,1.13,1.39,5.17,114.48,259.67,297.74,1.14,2.98,40,3.38,1,1,0,0,0,0,1,1,0,1,1,0,0,0,1,0,1,1,1,1,1,1,1,0,1,1,1
119.89,13.38,10.56,6.37,0.74,7.67,150.07,219.1,305.71,1.87,13.51,45,1.29,1,1,0,0,0,0,1,1,0,1,1,0,0,0,1,0,1,1,1,1,1,1,1,0,1,0,1
73.05,11.39,5.43,3.03,1.62,3.77,189.7,291.16,444.74,1.98,21.23,28,2.67,1,1,0,0,0,0,1,1,0,1,1,0,0,0,1,1,1,1,1,1,1,1,1,0,1,0,1
76.19,12.78,7.49,2.3,0.69,2.92,115.14,116.07,328.13,0.68,13.53,25,3.97,1,1,0,0,0,0,1,1,0,1,1,1,0,0,1,0,1,1,1,1,1,1,1,0,1,1,1
174.27,11.71,14.67,4.9,0.11,5.36,91.58,173.9,337.88,1.55,20.12,35,0.64,1,1,0,0,0,0,1,1,0,1,1,1,0,0,1,1,1,1,1,1,1,1,1,1,1,0,1
87.05,12.12,6.38,7.41,0.62,5.45,98.27,195.61,471.14,0.14,34.25,24,1.72,1,1,0,0,0,0,1,1,0,1,1,1,0,0,1,0,1,1,1,1,1,1,1,0,1,0,1
94.87,6.3,11.28,4.08,1.36,3.42,98.55,158.42,439.3,0.34,24.34,38,2.2,1,1,0,0,0,0,1,1,0,1,1,1,0,0,1,0,1,1,1,1,1,1,1,0,1,0,1
59.59,6.76,6.13,2.77,0.69,6.96,83.85,117.28,381.05,1.37,11.79,33,3.1,1,1,0,0,0,0,1,1,0,1,1,1,0,0,1,0,1,1,1,1,1,1,1,0,1,1,1
102.13,10.25,6.47,0.19,1.96,3.8,91.84,294.65,418.47,1.17,27.97,33,3.31,1,1,0,0,0,0,1,1,0,1,1,0,0,0,1,0,1,1,1,1,1,1,1,0,1,1,1
133.07,14.87,7.1,5.79,1.1,7.59,89.9,111.89,363.16,1.04,12.47,43,3.16,1,1,0,0,0,0,1,1,0,1,1,1,0,0,1,0,1,1,1,1,1,1,1,0,1,0,1
194.84,10.97,11.98,6.88,1.68,6.31,125.04,154.64,463.16,1.55,33.52,30,1.63,1,1,0,0,0,0,1,1,0,1,1,1,0,0,1,1,1,1,1,1,1,1,1,0,1,0,1
88.36,9.48,14.87,4.59,1.66,3.58,193.39,102.63,479.07,1.8,2.69,43,2.11,1,1,0,0,0,0,1,1,0,1,1,1,0,0,1,0,1,1,1,1,1,1,1,0,1,0,1
147.12,8.29,14.86,7.01,0.59,5.05,84.63,202.9,405.0,0.17,34.8,21,1.89,1,1,0,0,0,0,1,1,0,1,1,0,0,0,1,0,1,1,1,1,1,1,1,0,1,0,1
150.38,14.59,10.2,7.97,0.65,5.16,67.34,211.29,360.89,1.7,39.86,45,2.61,1,1,0,0,0,0,1,1,0,1,1,0,0,0,1,1,1,1,1,1,1,1,1,0,1,0,1
141.28,7.64,10.63,5.67,1.17,6.11,88.41,266.57,334.91,1.97,0.93,32,0.72,1,1,0,0,0,0,1,1,0,1,1,0,0,0,1,0,1,1,1,1,1,1,1,0,1,0,1
133.34,7.43,12.37,7.05,0.42,2.96,181.3,172.25,330.38,0.44,17.01,41,1.18,1,1,0,0,0,0,1,1,0,1,1,1,0,0,1,0,1,1,1,1,1,1,1,0,1,0,1
64.22,11.36,10.84,1.76,0.53,6.64,168.94,198.62,244.7,0.11,10.86,40,2.1,1,1,0,0,0,0,1,1,0,1,1,1,0,0,1,0,1,1,1,1,1,1,1,0,1,1,1
100.57,14.64,6.71,6.35,0.63,3.34,195.45,260.52,389.19,1.39,39.66,36,2.58,1,1,0,0,0,0,1,1,0,1,1,0,0,0,1,0,1,1,1,1,1,1,1,0,1,0,1
198.42,6.5,6.42,3.74,1.29,2.16,124.95,116.63,272.4,1.42,29.55,22,2.25,1,1,0,0,0,0,1,1,0,1,1,1,0,0,1,0,1,1,1,1,1,1,1,0,1,0,1
191.53,14.29,7.2,7.45,1.47,2.11,85.98,182.6,374.85,1.4,8.41,32,0.17,1,1,0,0,0,0,1,1,0,1,1,1,0,0,1,0,1,1,1,1,1,1,1,0,1,0,1
96.08,13.04,14.44,1.94,0.04,4.41,100.27,235.39,348.52,0.8,9.18,37,3.16,1,1,0,0,0,0,1,1,0,1,1,0,0,0,1,0,1,1,1,1,1,1,1,0,1,1,1
160.2,10.29,11.51,5.6,0.99,5.57,176.96,162.58,356.96,0.02,27.5,32,0.58,1,1,0,0,0,0,1,1,0,1,1,1,0,0,1,0,1,1,1,1,1,1,1,0,1,0,1
115.79,10.43,12.02,4.57,0.91,6.59,106.71,297.43,484.33,1.41,35.3,36,1.89,1,1,0,0,0,0,1,1,0,1,1,0,0,0,1,0,1,1,1,1,1,1,1,1,1,0,1
198.33,11.44,6.27,3.66,0.94,6.81,187.42,116.45,294.21,0.6,39.84,36,0.15,1,1,0,0,0,0,1,1,0,1,1,1,0,0,1,0,1,1,1,1,1,1,1,1,1,0,1
114.81,6.06,7.21,6.3,0.99,4.24,77.82,273.26,471.11,1.04,36.85,37,2.2,1,1,0,0,0,0,1,1,0,1,1,0,0,0,1,0,1,1,1,1,1,1,1,0,1,0,1
72.76,6.84,9.65,2.74,0.88,4.76,71.01,136.24,454.45,0.33,26.64,36,3.87,1,1,0,0,0,0,1,1,0,1,1,1,0,0,1,0,1,1,1,1,1,1,1,0,1,1,1
59.92,13.3,9.91,0.04,0.53,4.45,97.13,172.49,475.0,0.72,16.75,33,3.32,1,1,0,0,0,0,1,1,0,1,1,1,0,0,1,0,1,1,1,1,1,1,1,0,1,1,1
140.73,5.11,8.92,1.75,0.87,4.82,69.17,104.69,241.46,1.71,30.23,30,1.11,1,1,0,0,0,0,1,1,0,1,1,1,0,0,1,1,1,1,1,1,1,1,1,1,1,1,1
